socialClass; priority; socialStatus; stamina; hunger; leisure; extraversion; agreableness; conscientiouness; emotionalStability; opennesExp; actualState
HIGH; SELF; MARRIED; 1; 1; 0; 0,40940475; 0,95898324; 0,8698663; 0,122626245; PatrolWalk
HIGH; SELF; MARRIED; 1; 1; 0; 0,7908439; 0,7687165; 0,53741753; 0,46273237; Interact
HIGH; SELF; MARRIED; 1; 1; 0; 0,44336325; 0,117439926; 0,1888426; 0,21264064; Idle
HIGH; SELF; MARRIED; 1; 1; 0; 0,1795457; 0,68674576; 0,99927145; 0,54504895; PatrolWalk
HIGH; SELF; MARRIED; 1; 1; 0; 0,97844434; 0,059129477; 0,64585775; 0,49205554; Interact
HIGH; SELF; MARRIED; 1; 1; 0; 0,65747577; 0,063580036; 0,81439483; 0,8678042; Investigation
HIGH; SELF; MARRIED; 1; 1; 0; 0,47683072; 0,57611847; 0,96516854; 0,69717145; Investigation
HIGH; SELF; MARRIED; 1; 1; 0; 0,9441999; 0,95927215; 0,5230271; 0,23166084; Interact
HIGH; SELF; MARRIED; 1; 1; 0; 0,3676446; 0,84233314; 0,6955542; 0,5623693; PatrolWalk
HIGH; SELF; MARRIED; 1; 1; 0; 0,11464876; 0,17212003; 0,8083986; 0,96839815; Investigation
HIGH; SELF; MARRIED; 0,7000003; 0,7000003; 0,30000004; 0,4385556; 0,9468004; 0,33413523; 0,068982065; PatrolWalk
HIGH; SELF; MARRIED; 0,7000003; 0,7000003; 0,30000004; 0,40950143; 0,28811115; 0,07866144; 0,102618694; PatrolWalk
HIGH; SELF; MARRIED; 1; 1; 0; 0,24094981; 0,5488651; 0,30076653; 0,9915813; Investigation
HIGH; SELF; MARRIED; 0,7000003; 0,7000003; 0,30000004; 0,5283828; 0,57742125; 0,8819735; 0,5803934; Interact
HIGH; SELF; MARRIED; 0,7000003; 0,7000003; 0,30000004; 0,1408208; 0,32130575; 0,8693889; 0,8046845; Investigation
HIGH; SELF; MARRIED; 0,7000003; 0,7000003; 0,30000004; 0,17507267; 0,1437729; 0,5625329; 0,089265585; PatrolWalk
HIGH; SELF; MARRIED; 0,7000003; 0,7000003; 0,30000004; 0,76234835; 0,99406356; 0,09590453; 0,31075168; Interact
HIGH; SELF; MARRIED; 0,7000003; 0,7000003; 0,30000004; 0,4872778; 0,96022904; 0,08132434; 0,74517393; Investigation
HIGH; SELF; MARRIED; 0,7000003; 0,7000003; 0,30000004; 0,084499; 0,10701895; 0,1998623; 0,71669626; Investigation
HIGH; SELF; MARRIED; 0,7000003; 0,7000003; 0,30000004; 0,00015383959; 0,2411927; 0,41093993; 0,987653; Investigation
HIGH; SELF; MARRIED; 0,4000004; 0,4000004; 0,6000001; 0,85171735; 0,20317131; 0,76123154; 0,03010571; Interact
HIGH; SELF; MARRIED; 0,4000004; 0,4000004; 0,6000001; 0,8200377; 0,30067027; 0,7427385; 0,56894064; Interact
HIGH; SELF; MARRIED; 0,7000003; 0,7000003; 0,30000004; 0,7399401; 0,2856167; 0,48157734; 0,7178914; Investigation
HIGH; SELF; MARRIED; 0,4000004; 0,4000004; 0,6000001; 0,80801934; 0,3697297; 0,020171762; 0,7515958; Investigation
HIGH; SELF; MARRIED; 0,4000004; 0,4000004; 0,6000001; 0,27050215; 0,9740743; 0,6147994; 0,69308454; Investigation
HIGH; SELF; MARRIED; 0,4000004; 0,4000004; 0,6000001; 0,9538699; 0,93624604; 0,2125125; 0,96770024; Investigation
HIGH; SELF; MARRIED; 0,4000004; 0,4000004; 0,6000001; 0,45546818; 0,28463572; 0,92249596; 0,81516457; Investigation
HIGH; SELF; MARRIED; 0,4000004; 0,4000004; 0,6000001; 0,08026546; 0,3539697; 0,29951298; 0,50519973; Aggressive
HIGH; SELF; MARRIED; 0,4000004; 0,4000004; 0,6000001; 0,7944916; 0,58017045; 0,099889636; 0,13352162; Interact
HIGH; SELF; MARRIED; 0,4000004; 0,4000004; 0,6000001; 0,4876402; 0,3154484; 0,15582383; 0,20654589; Aggressive
HIGH; SELF; MARRIED; 0,10000028; 0,10000028; 0,8999998; 0,41663003; 0,36568457; 0,8379614; 0,4923249; Idle
HIGH; SELF; MARRIED; 0,10000028; 0,10000028; 0,8999998; 0,32837266; 0,20117807; 0,8504548; 0,21167219; Idle
HIGH; SELF; MARRIED; 0,4000004; 0,4000004; 0,6000001; 0,2362957; 0,15311903; 0,5171061; 0,17245442; PatrolWalk
HIGH; SELF; MARRIED; 0,10000028; 0,10000028; 0,8999998; 0,51840574; 0,32700008; 0,20426083; 0,4462943; Aggressive
HIGH; SELF; MARRIED; 0,10000028; 0,10000028; 0,8999998; 0,35749584; 0,9250678; 0,4074933; 0,84861344; Idle
HIGH; SELF; MARRIED; 0,10000028; 0,10000028; 0,8999998; 0,51873076; 0,4581324; 0,7122581; 0,40510023; Idle
HIGH; SELF; MARRIED; 0,10000028; 0,10000028; 0,8999998; 0,6023413; 0,23110157; 0,87170255; 0,37480432; Idle
HIGH; SELF; MARRIED; 0,10000028; 0,10000028; 0,8999998; 0,2026748; 0,2040124; 0,9819644; 0,021128654; Idle
HIGH; SELF; MARRIED; 0,10000028; 0,10000028; 0,8999998; 0,021444261; 0,82470524; 0,47282857; 0,17482406; Idle
HIGH; SELF; MARRIED; 0,10000028; 0,10000028; 0,8999998; 0,12314445; 0,02287805; 0,059120536; 0,010022342; Aggressive
HIGH; SELF; MARRIED; 0,4000004; 0,4000004; 0,6000001; 0,016034722; 0,6401083; 0,14245749; 0,903602; Investigation
HIGH; SELF; MARRIED; 0,4000004; 0,4000004; 0,6000001; 0,3174497; 0,3120914; 0,41697532; 0,62785864; Investigation
HIGH; SELF; MARRIED; 0,10000028; 0,10000028; 0,8999998; 0,13403982; 0,3516196; 0,78272146; 0,058515728; Idle
HIGH; SELF; MARRIED; 0; 0; 1; 0,34029132; 0,96282876; 0,18857318; 0,042031765; Aggressive
HIGH; SELF; MARRIED; 0,4000004; 0,4000004; 0,6000001; 0,28537256; 0,36622995; 0,66150045; 0,58406055; PatrolWalk
HIGH; SELF; MARRIED; 0,4000004; 0,4000004; 0,6000001; 0,40951586; 0,21948576; 0,35118765; 0,042633653; PatrolWalk
HIGH; SELF; MARRIED; 0,4000004; 0,4000004; 0,6000001; 0,92351055; 0,25427473; 0,88664883; 0,8366998; Investigation
HIGH; SELF; MARRIED; 0,4000004; 0,4000004; 0,6000001; 0,24385667; 0,048097074; 0,15029699; 0,94495744; Investigation
HIGH; SELF; MARRIED; 0,4000004; 0,4000004; 0,6000001; 0,46623033; 0,7004068; 0,6039814; 0,694351; Investigation
HIGH; SELF; MARRIED; 0; 0; 1; 0,9029558; 0,15447432; 0,25286227; 0,9198503; Aggressive
HIGH; SELF; MARRIED; 0,08333361; 0,08333361; 0,91666645; 0,33989602; 0,5792399; 0,16689849; 0,7938662; Aggressive
HIGH; SELF; MARRIED; 0,08333361; 0,08333361; 0,91666645; 0,24569327; 0,26945275; 0,41418278; 0,062016785; Idle
HIGH; SELF; MARRIED; 0,41666707; 0,41666707; 0,58333343; 0,5452902; 0,07217699; 0,0880391; 0,94302636; Investigation
HIGH; SELF; MARRIED; 0; 0; 1; 0,1904828; 0,9118172; 0,55069506; 0,97689784; Idle
HIGH; SELF; MARRIED; 0,08333361; 0,08333361; 0,91666645; 0,7474534; 0,047931373; 0,29754287; 0,6641221; Aggressive
HIGH; SELF; MARRIED; 0,08333361; 0,08333361; 0,91666645; 0,03122127; 0,44299465; 0,23897201; 0,70936686; Aggressive
HIGH; SELF; MARRIED; 0,08333361; 0,08333361; 0,91666645; 0,117310345; 0,21281898; 0,2681213; 0,74123126; Aggressive
HIGH; SELF; MARRIED; 0,08333361; 0,08333361; 0,91666645; 0,3192292; 0,31930298; 0,94357497; 0,9575391; Idle
HIGH; SELF; MARRIED; 0,08333361; 0,08333361; 0,91666645; 0,2243995; 0,21611643; 0,51448935; 0,58884466; Idle
HIGH; SELF; MARRIED; 0; 0; 1; 0,4486748; 0,06346995; 0,87398547; 0,98932445; Idle
HIGH; SELF; MARRIED; 0; 0; 1; 0,5964541; 0,37455362; 0,075000465; 0,33760792; Aggressive
HIGH; SELF; MARRIED; 0,3833337; 0,3833337; 0,61666673; 0,96128917; 0,22561377; 0,90138596; 0,35302037; Interact
HIGH; SELF; MARRIED; 0,11666694; 0,11666694; 0,88333315; 0,05160314; 0,2357297; 0,63341695; 0,45457846; Idle
HIGH; SELF; MARRIED; 0,30000004; 0,30000004; 0,7000003; 0,10016084; 0,89081675; 0,0037611127; 0,57183003; Aggressive
HIGH; SELF; MARRIED; 0; 0; 1; 0,9386171; 0,81238157; 0,26013517; 0,27857155; Aggressive
HIGH; SELF; MARRIED; 0; 0; 1; 0,40805686; 0,21717656; 0,38720173; 0,6965106; Idle
HIGH; SELF; MARRIED; 0; 0; 1; 0,46905953; 0,6595662; 0,9918145; 0,55613136; Idle
HIGH; SELF; MARRIED; 0,3833337; 0,3833337; 0,61666673; 0,22565085; 0,77959716; 0,89877045; 0,15548426; Idle
HIGH; SELF; MARRIED; 0,3833337; 0,3833337; 0,61666673; 0,15558356; 0,003768146; 0,43835407; 0,44801176; Idle
HIGH; SELF; MARRIED; 0,30000004; 0,30000004; 0,7000003; 0,5801563; 0,26934963; 0,8989063; 0,39451325; PatrolWalk
HIGH; SELF; MARRIED; 0; 0; 1; 0,39142638; 0,72558594; 0,85928273; 0,7335821; Idle
HIGH; SELF; MARRIED; 0,08333361; 0,08333361; 0,91666645; 0,22902077; 0,16126943; 0,5339411; 0,30937815; Idle
HIGH; SELF; MARRIED; 0,41666707; 0,41666707; 0,58333343; 0,6731824; 0,5231739; 0,02491355; 0,6017906; Investigation
HIGH; SELF; MARRIED; 1,1175871E-08; 1,1175871E-08; 1; 0,047420025; 0,5726583; 0,53110397; 0,061668575; Idle
HIGH; SELF; MARRIED; 0; 0; 1; 0,22765994; 0,6863353; 0,8992812; 0,5286505; Idle
HIGH; SELF; MARRIED; 0,30000004; 0,30000004; 0,7000003; 0,53371924; 0,78900343; 0,8442961; 0,2311821; PatrolWalk
HIGH; SELF; MARRIED; 0,30000004; 0,30000004; 0,7000003; 0,4179228; 0,91672975; 0,13710254; 0,36099088; Aggressive
HIGH; SELF; MARRIED; 0,68333364; 0,68333364; 0,3166667; 0,4865669; 0,5694691; 0,13273644; 0,5830161; Aggressive
HIGH; SELF; MARRIED; 0,68333364; 0,68333364; 0,3166667; 0,306293; 0,75775504; 0,7073148; 0,22571063; Idle
HIGH; SELF; MARRIED; 1,1175871E-08; 1,1175871E-08; 1; 0,51552725; 0,72192895; 0,04436034; 0,891925; Aggressive
HIGH; SELF; MARRIED; 0,30000004; 0,30000004; 0,7000003; 0,9712608; 0,86391205; 0,8541713; 0,1390022; Idle
HIGH; SELF; MARRIED; 0,3833337; 0,3833337; 0,61666673; 0,18421727; 0,8102315; 0,00096040964; 0,9413937; Aggressive
HIGH; SELF; MARRIED; 0,11666694; 0,11666694; 0,88333315; 0,092749655; 0,14734423; 0,00026887655; 0,54003704; Aggressive
HIGH; SELF; MARRIED; 0,30000004; 0,30000004; 0,7000003; 0,49028373; 0,82216305; 0,53219324; 0,7169702; PatrolWalk
HIGH; SELF; MARRIED; 0,30000004; 0,30000004; 0,7000003; 0,04184836; 0,18203115; 0,2892567; 0,48999536; Aggressive
HIGH; SELF; MARRIED; 1,1175871E-08; 1,1175871E-08; 1; 0,7218224; 0,99135685; 0,014340997; 0,5398362; Aggressive
HIGH; SELF; MARRIED; 1,1175871E-08; 1,1175871E-08; 1; 0,7614343; 0,23317802; 0,3894868; 0,67990655; Idle
HIGH; SELF; MARRIED; 0,3833337; 0,3833337; 0,61666673; 0,23080248; 0,0061438084; 0,31322855; 0,9653396; Idle
HIGH; SELF; MARRIED; 0,98333335; 0,98333335; 0,016666664; 0,36521673; 0,61268044; 0,43200576; 0,049382508; PatrolWalk
HIGH; SELF; MARRIED; 0; 0; 1; 0,026178718; 0,08648956; 0,77926654; 0,054211736; Idle
HIGH; SELF; MARRIED; 1; 1; 0; 0,87371695; 0,29499644; 0,11118263; 0,3868448; Interact
HIGH; SELF; MARRIED; 0,6000001; 0,6000001; 0,4000004; 0,32566047; 0,89610595; 0,3934371; 0,5942514; Idle
HIGH; SELF; MARRIED; 0,08333361; 0,08333361; 0,91666645; 0,7616198; 0,81714463; 0,58298963; 0,90303063; Idle
HIGH; SELF; MARRIED; 0; 0; 1; 0,74851555; 0,32772815; 0,2510398; 0,9948087; Aggressive
HIGH; SELF; MARRIED; 1,1175871E-08; 1,1175871E-08; 1; 0,79470426; 0,51803243; 0,43747926; 0,95898765; Idle
HIGH; SELF; MARRIED; 1,1175871E-08; 1,1175871E-08; 1; 0,8740713; 0,6185295; 0,882796; 0,89177436; Idle
HIGH; SELF; MARRIED; 0; 0; 1; 0,070896685; 0,8302156; 0,9676623; 0,37254018; Idle
HIGH; SELF; MARRIED; 0,30000004; 0,30000004; 0,7000003; 0,79957944; 0,70014864; 0,012825012; 0,8105672; Aggressive
HIGH; SELF; MARRIED; 0,68333364; 0,68333364; 0,3166667; 0,7212247; 0,6669405; 0,9826718; 0,88055074; Investigation
HIGH; SELF; MARRIED; 0,68333364; 0,68333364; 0,3166667; 0,049620807; 0,09618527; 0,71922463; 0,78331614; Investigation
HIGH; SELF; MARRIED; 0,30000004; 0,30000004; 0,7000003; 0,9294282; 0,8502556; 0,94079465; 0,9351997; Idle
HIGH; SELF; MARRIED; 0,8999998; 0,8999998; 0,10000028; 0,9334696; 0,09274435; 0,002342701; 0,7535275; Investigation
HIGH; SELF; MARRIED; 0,3833337; 0,3833337; 0,61666673; 0,5719711; 0,24638194; 0,56164026; 0,1597057; Interact
HIGH; SELF; MARRIED; 0; 0; 1; 0,0074184537; 0,91081035; 0,042022467; 0,13525975; Aggressive
HIGH; SELF; MARRIED; 0,30000004; 0,30000004; 0,7000003; 0,9496063; 0,38719213; 0,23861998; 0,9653032; Aggressive
HIGH; SELF; MARRIED; 0,30000004; 0,30000004; 0,7000003; 0,073557615; 0,8261487; 0,7471093; 0,22014308; Idle
HIGH; SELF; MARRIED; 0,30000004; 0,30000004; 0,7000003; 0,81324935; 0,2782666; 0,593401; 0,3251927; PatrolWalk
HIGH; SELF; MARRIED; 1,1175871E-08; 1,1175871E-08; 1; 0,7029409; 0,9095482; 0,3767931; 0,61174196; Idle
HIGH; SELF; MARRIED; 0,3833337; 0,3833337; 0,61666673; 0,35190982; 0,06284052; 0,9410608; 0,7119434; Idle
HIGH; SELF; MARRIED; 0,3833337; 0,3833337; 0,61666673; 0,991016; 0,4942308; 0,43437433; 0,15111387; Interact
HIGH; SELF; MARRIED; 0,6000001; 0,6000001; 0,4000004; 0,6403999; 0,13319719; 0,041743338; 0,84945595; Investigation
HIGH; SELF; MARRIED; 0,6000001; 0,6000001; 0,4000004; 0,44742846; 0,7909754; 0,23029298; 0,15569049; Aggressive
HIGH; SELF; MARRIED; 0,08333361; 0,08333361; 0,91666645; 0,1927352; 0,93221515; 0,06622052; 0,7590432; Aggressive
HIGH; SELF; MARRIED; 0; 0; 1; 0,039483786; 0,7141851; 0,22964048; 0,10380286; Aggressive
HIGH; SELF; MARRIED; 1,1175871E-08; 1,1175871E-08; 1; 0,08507776; 0,546549; 0,91971284; 0,27805442; Idle
HIGH; SELF; MARRIED; 0,6000001; 0,6000001; 0,4000004; 0,7903963; 0,6637555; 0,7317887; 0,09391135; Interact
HIGH; SELF; MARRIED; 1,1175871E-08; 1,1175871E-08; 1; 0,6263541; 0,18245834; 0,60956985; 0,6996453; Idle
HIGH; SELF; MARRIED; 0,30000004; 0,30000004; 0,7000003; 0,0890829; 0,29661673; 0,007508397; 0,06843716; Aggressive
HIGH; SELF; MARRIED; 0,68333364; 0,68333364; 0,3166667; 0,16537392; 0,9996012; 0,012107313; 0,5939249; Aggressive
HIGH; SELF; MARRIED; 0,08333361; 0,08333361; 0,91666645; 0,558893; 0,2406367; 0,7009677; 0,5697306; Idle
HIGH; SELF; MARRIED; 0,3; 0,3; 0,7000003; 0,97297966; 0,5796508; 0,343377; 0,50451463; PatrolWalk
HIGH; SELF; MARRIED; 0,3; 0,3; 0,7000003; 0,40284872; 0,92868865; 0,6172516; 0,73175555; PatrolWalk
HIGH; SELF; MARRIED; 0; 0; 1; 0,27364522; 0,2933417; 0,6980801; 0,084790945; Idle
HIGH; SELF; MARRIED; 0; 0; 1; 0,3141011; 0,8662665; 0,34642047; 0,6199594; Idle
HIGH; SELF; MARRIED; 0,30000004; 0,30000004; 0,7000003; 0,012478948; 0,4584148; 0,5515157; 0,36856192; PatrolWalk
HIGH; SELF; MARRIED; 0,3; 0,3; 0,7000003; 0,22296184; 0,49589628; 0,6840643; 0,52418756; Idle
HIGH; SELF; MARRIED; 0,30000004; 0,30000004; 0,7000003; 0,8542602; 0,6069985; 0,56651354; 0,57662535; Idle
HIGH; SELF; MARRIED; 1,1175871E-08; 1,1175871E-08; 1; 0,80975986; 0,97495455; 0,89416385; 0,5694517; Idle
HIGH; SELF; MARRIED; 0,3833337; 0,3833337; 0,61666673; 0,38854277; 0,14032066; 0,4935351; 0,7233432; PatrolWalk
HIGH; SELF; MARRIED; 0,3833337; 0,3833337; 0,61666673; 0,81201804; 0,98591346; 0,5607066; 0,5398032; Interact
HIGH; SELF; MARRIED; 0; 0; 1; 0,8980912; 0,34543002; 0,4173512; 0,99728394; Idle
HIGH; SELF; MARRIED; 0; 0; 1; 0,08679539; 0,89140576; 0,86843574; 0,7038905; Idle
HIGH; SELF; MARRIED; 0,30000004; 0,30000004; 0,7000003; 0,8638753; 0,12505978; 0,4928878; 0,92137104; Idle
HIGH; SELF; MARRIED; 0,30000004; 0,30000004; 0,7000003; 0,0858742; 0,34574926; 0,15677428; 0,7991855; Aggressive
HIGH; SELF; MARRIED; 1,1175871E-08; 1,1175871E-08; 1; 0,2359342; 0,43161833; 0,26845193; 0,29459167; Aggressive
HIGH; SELF; MARRIED; 0,6000001; 0,6000001; 0,4000004; 0,1169827; 0,7031084; 0,7763082; 0,39368153; Idle
HIGH; SELF; MARRIED; 0,6000001; 0,6000001; 0,4000004; 0,063127816; 0,50663126; 0,7661737; 0,57218146; Idle
HIGH; SELF; MARRIED; 0,30000004; 0,30000004; 0,7000003; 0,48537183; 0,92813694; 0,77565145; 0,89248794; PatrolWalk
HIGH; SELF; MARRIED; 0,08333361; 0,08333361; 0,91666645; 0,9869682; 0,59059644; 0,371235; 0,296646; Idle
HIGH; SELF; MARRIED; 0,08333361; 0,08333361; 0,91666645; 0,759598; 0,22161162; 0,788728; 0,7934487; Idle
HIGH; SELF; MARRIED; 0,30000004; 0,30000004; 0,7000003; 0,050507903; 0,75263816; 0,054340005; 0,7926124; Aggressive
HIGH; SELF; MARRIED; 0,30000004; 0,30000004; 0,7000003; 0,35087383; 0,6353351; 0,1795733; 0,12774026; Aggressive
HIGH; SELF; MARRIED; 0,6000001; 0,6000001; 0,4000004; 0,9869318; 0,37876183; 0,17466336; 0,52345943; Interact
HIGH; SELF; MARRIED; 1,1175871E-08; 1,1175871E-08; 1; 0,74947715; 0,9662838; 0,96247756; 0,115246; Idle
HIGH; SELF; MARRIED; 0; 0; 1; 0,6679784; 0,39604497; 0,65020084; 0,81817865; Idle
HIGH; SELF; MARRIED; 0,8999998; 0,8999998; 0,10000028; 0,36244214; 0,79182595; 0,99024993; 0,57123375; PatrolWalk
HIGH; SELF; MARRIED; 0,8999998; 0,8999998; 0,10000028; 0,74467593; 0,02408272; 0,36843848; 0,6438031; Investigation
HIGH; SELF; MARRIED; 1,1175871E-08; 1,1175871E-08; 1; 0,2109679; 0,88734484; 0,8378603; 0,41734594; Idle
HIGH; SELF; MARRIED; 0,3833337; 0,3833337; 0,61666673; 0,23191911; 0,69979095; 0,80851114; 0,8768183; PatrolWalk
HIGH; SELF; MARRIED; 0,3833337; 0,3833337; 0,61666673; 0,10591549; 0,38072765; 0,5959395; 0,9793467; Idle
HIGH; SELF; MARRIED; 1,1175871E-08; 1,1175871E-08; 1; 0,26146626; 0,8656065; 0,85322666; 0,82491183; Idle
HIGH; SELF; MARRIED; 1,1175871E-08; 1,1175871E-08; 1; 0,050631106; 0,26117635; 0,25907677; 0,265468; Aggressive
HIGH; SELF; MARRIED; 0,3; 0,3; 0,7000003; 0,27783066; 0,5079938; 0,23671508; 0,2799363; Aggressive
HIGH; SELF; MARRIED; 0,30000004; 0,30000004; 0,7000003; 0,79096603; 0,050970733; 0,87432945; 0,10275495; PatrolWalk
HIGH; SELF; MARRIED; 0,30000004; 0,30000004; 0,7000003; 0,6709472; 0,1211701; 0,5343916; 0,8486119; Idle
HIGH; SELF; MARRIED; 0,6000001; 0,6000001; 0,4000004; 0,40712452; 0,7525719; 0,80256826; 0,07698685; PatrolWalk
HIGH; SELF; MARRIED; 0,6000001; 0,6000001; 0,4000004; 0,3427263; 0,62757677; 0,49516267; 0,7767682; Investigation
HIGH; SELF; MARRIED; 0,30000004; 0,30000004; 0,7000003; 0,95776266; 0,43563312; 0,32259196; 0,62955225; Idle
HIGH; SELF; MARRIED; 0,08333361; 0,08333361; 0,91666645; 0,80036944; 0,6386974; 0,26265568; 0,21431297; Aggressive
HIGH; SELF; MARRIED; 0,68333364; 0,68333364; 0,3166667; 0,4257555; 0,92197514; 0,69013345; 0,3083576; PatrolWalk
HIGH; SELF; MARRIED; 0,30000004; 0,30000004; 0,7000003; 0,0820232; 0,5806113; 0,24514621; 0,6254075; Aggressive
HIGH; SELF; MARRIED; 0; 0; 1; 0,7992743; 0,82557; 0,30184805; 0,65609974; Idle
HIGH; SELF; MARRIED; 0; 0; 1; 0,5837451; 0,8551025; 0,08335036; 0,15686738; Aggressive
HIGH; SELF; MARRIED; 1,1175871E-08; 1,1175871E-08; 1; 0,65201795; 0,9717995; 0,2377584; 0,037959218; Aggressive
HIGH; SELF; MARRIED; 0,6000001; 0,6000001; 0,4000004; 0,27115107; 0,05214584; 0,112025976; 0,3929606; Aggressive
HIGH; SELF; MARRIED; 0,3; 0,3; 0,7000003; 0,2571382; 0,53305537; 0,43831247; 0,48420835; PatrolWalk
HIGH; SELF; MARRIED; 0,3; 0,3; 0,7000003; 0,6751433; 0,8240467; 0,70400435; 0,84890807; Idle
HIGH; SELF; MARRIED; 0,6000001; 0,6000001; 0,4000004; 0,94185656; 0,105569124; 0,5470162; 0,53767806; Interact
HIGH; SELF; MARRIED; 0; 0; 1; 0,91715026; 0,23440522; 0,12205255; 0,17153561; Aggressive
HIGH; SELF; MARRIED; 0,3833337; 0,3833337; 0,61666673; 0,6202317; 0,12213194; 0,57332516; 0,18375999; Interact
HIGH; SELF; MARRIED; 1,1175871E-08; 1,1175871E-08; 1; 0,6702899; 0,9971571; 0,8413431; 0,6139099; Idle
HIGH; SELF; MARRIED; 0,30000004; 0,30000004; 0,7000003; 0,41150922; 0,64325964; 0,6664065; 0,6529475; PatrolWalk
HIGH; SELF; MARRIED; 0; 0; 1; 0,7821059; 0,92166406; 0,25613916; 0,81296265; Aggressive
HIGH; SELF; MARRIED; 0; 0; 1; 0,36261094; 0,81181467; 0,7756241; 0,50633055; Idle
HIGH; SELF; MARRIED; 0,3; 0,3; 0,7000003; 0,66379005; 0,60735935; 0,009733915; 0,84612024; Aggressive
HIGH; SELF; MARRIED; 0; 0; 1; 0,22718793; 0,6665979; 0,35927796; 0,46429574; Idle
HIGH; SELF; MARRIED; 0,6000001; 0,6000001; 0,4000004; 0,01716125; 0,90564585; 0,88995177; 0,06405085; PatrolWalk
HIGH; SELF; MARRIED; 0,3; 0,3; 0,7000003; 0,9996328; 0,32082808; 0,71923345; 0,9736896; PatrolWalk
HIGH; SELF; MARRIED; 0; 0; 1; 0,085225224; 0,9723822; 0,13808066; 0,88823867; Aggressive
HIGH; SELF; MARRIED; 0,08333361; 0,08333361; 0,91666645; 0,41690403; 0,34484804; 0,6886726; 0,7421284; Idle
HIGH; SELF; MARRIED; 0,30000004; 0,30000004; 0,7000003; 0,4798373; 0,83614206; 0,30253386; 0,4222777; PatrolWalk
HIGH; SELF; MARRIED; 1,1175871E-08; 1,1175871E-08; 1; 0,30529433; 0,5877868; 0,78415585; 0,031210542; Idle
HIGH; SELF; MARRIED; 0; 0; 1; 0,30590552; 0,046736777; 0,26828545; 0,49723887; Aggressive
HIGH; SELF; MARRIED; 0,30000004; 0,30000004; 0,7000003; 0,4465199; 0,1487832; 0,86337614; 0,58563244; PatrolWalk
HIGH; SELF; MARRIED; 0; 0; 1; 0,099800706; 0,7212247; 0,20750743; 0,7876788; Aggressive
HIGH; SELF; MARRIED; 0,30000004; 0,30000004; 0,7000003; 0,81012326; 0,83307725; 0,31908715; 0,13298833; PatrolWalk
HIGH; SELF; MARRIED; 0,3; 0,3; 0,7000003; 0,42069036; 0,10892707; 0,06485981; 0,10449195; Aggressive
HIGH; SELF; MARRIED; 0; 0; 1; 0,97053725; 0,74017334; 0,06014794; 0,22543836; Aggressive
HIGH; SELF; MARRIED; 0; 0; 1; 0,12163627; 0,53477514; 0,2717167; 0,14346397; Aggressive
HIGH; SELF; MARRIED; 0,3833337; 0,3833337; 0,61666673; 0,9004121; 0,86532277; 0,01067096; 0,019236207; Interact
HIGH; SELF; MARRIED; 1,1175871E-08; 1,1175871E-08; 1; 0,55919486; 0,3172024; 0,4417929; 0,77381873; Idle
HIGH; SELF; MARRIED; 0; 0; 1; 0,9188935; 0,6732037; 0,53629494; 0,9101792; Idle
HIGH; SELF; MARRIED; 0,30000004; 0,30000004; 0,7000003; 0,49452984; 0,56908876; 0,832224; 0,14692032; PatrolWalk
HIGH; SELF; MARRIED; 0; 0; 1; 0,950477; 0,23904783; 0,56053895; 0,90651697; Idle
HIGH; SELF; MARRIED; 1,1175871E-08; 1,1175871E-08; 1; 0,12333441; 0,5899938; 0,2056244; 0,12129158; Aggressive
HIGH; SELF; MARRIED; 0; 0; 1; 0,32585675; 0,16399288; 0,6706644; 0,97171235; Idle
HIGH; SELF; MARRIED; 1,1175871E-08; 1,1175871E-08; 1; 0,456106; 0,6772621; 0,42314696; 0,09905994; Idle
HIGH; SELF; MARRIED; 0; 0; 1; 0,8994278; 0,37389874; 0,73103887; 0,40849072; Idle
HIGH; SELF; MARRIED; 0; 0; 1; 0,6834404; 0,44167888; 0,012389898; 0,74299544; Aggressive
HIGH; SELF; MARRIED; 0; 0; 1; 0,1863144; 0,6438528; 0,6516876; 0,54999566; Idle
HIGH; SELF; MARRIED; 0,08333361; 0,08333361; 0,91666645; 0,9742775; 0,6023658; 0,066369414; 0,49601132; Aggressive
HIGH; SELF; MARRIED; 0,30000004; 0,30000004; 0,7000003; 0,37463182; 0,76015836; 0,2727322; 0,74383676; Aggressive
HIGH; SELF; MARRIED; 1,1175871E-08; 1,1175871E-08; 1; 0,7424369; 0,71544343; 0,4338938; 0,043747008; Idle
HIGH; SELF; MARRIED; 0,30000004; 0,30000004; 0,7000003; 0,17701489; 0,13120311; 0,31972063; 0,509822; Idle
HIGH; SELF; MARRIED; 0; 0; 1; 0,87342316; 0,0011980534; 0,43663758; 0,44050527; Idle
HIGH; SELF; MARRIED; 0,30000004; 0,30000004; 0,7000003; 0,8716897; 0,9424258; 0,23549551; 0,43999183; Aggressive
HIGH; SELF; MARRIED; 0,30000004; 0,30000004; 0,7000003; 0,46650332; 0,2952392; 0,39813447; 0,4206769; PatrolWalk
HIGH; SELF; MARRIED; 0,30000004; 0,30000004; 0,7000003; 0,2961461; 0,15237093; 0,3612653; 0,82744116; Idle
HIGH; SELF; MARRIED; 0; 0; 1; 0,40372503; 0,37882555; 0,61420304; 0,6412881; Idle
HIGH; SELF; MARRIED; 0,30000004; 0,30000004; 0,7000003; 0,034941316; 0,6462441; 0,6436283; 0,1902104; PatrolWalk
HIGH; SELF; MARRIED; 0; 0; 1; 0,67678314; 0,38486916; 0,9566311; 0,9645454; Idle
HIGH; SELF; MARRIED; 1,1175871E-08; 1,1175871E-08; 1; 0,6960518; 0,53590304; 0,83697903; 0,5839948; Idle
HIGH; SELF; MARRIED; 0,30000004; 0,30000004; 0,7000003; 0,65960073; 0,49670428; 0,06536543; 0,51755726; Aggressive
HIGH; SELF; MARRIED; 0,6000001; 0,6000001; 0,4000004; 0,51867944; 0,71916974; 0,034902573; 0,76004165; Investigation
HIGH; SELF; MARRIED; 0,30000004; 0,30000004; 0,7000003; 0,7338292; 0,74022853; 0,50147814; 0,87417096; PatrolWalk
HIGH; SELF; MARRIED; 1,1175871E-08; 1,1175871E-08; 1; 0,6048615; 0,95978206; 0,9191033; 0,67161196; Idle
HIGH; SELF; MARRIED; 1,1175871E-08; 1,1175871E-08; 1; 0,14639121; 0,07074475; 0,714791; 0,6892951; Idle
HIGH; SELF; MARRIED; 0,6000001; 0,6000001; 0,4000004; 0,6674363; 0,91944593; 0,3866048; 0,1686948; Interact
HIGH; SELF; MARRIED; 0,30000004; 0,30000004; 0,7000003; 0,94581985; 0,8902734; 0,5666095; 0,6915214; Idle
HIGH; SELF; MARRIED; 1,1175871E-08; 1,1175871E-08; 1; 0,34669358; 0,9113439; 0,9970328; 0,680136; Idle
HIGH; SELF; MARRIED; 0,30000004; 0,30000004; 0,7000003; 0,7863156; 0,80482835; 0,34725845; 0,41660845; PatrolWalk
HIGH; SELF; MARRIED; 0,30000004; 0,30000004; 0,7000003; 0,54727614; 0,046770215; 0,56822723; 0,09944993; PatrolWalk
HIGH; SELF; MARRIED; 1,1175871E-08; 1,1175871E-08; 1; 0,16459107; 0,3443758; 0,13132083; 0,6025822; Aggressive
HIGH; SELF; MARRIED; 0,3; 0,3; 0,7000003; 0,6214186; 0,17757797; 0,40137517; 0,55415463; Idle
HIGH; SELF; MARRIED; 1,1175871E-08; 1,1175871E-08; 1; 0,44737023; 0,44167912; 0,30408037; 0,37625575; Idle
HIGH; SELF; MARRIED; 0,30000004; 0,30000004; 0,7000003; 0,7037346; 0,12720037; 0,68906313; 0,4244905; PatrolWalk
HIGH; SELF; MARRIED; 0,30000004; 0,30000004; 0,7000003; 0,33788943; 0,2771957; 0,98048943; 0,9420979; PatrolWalk
HIGH; SELF; MARRIED; 0,3; 0,3; 0,7000003; 0,75225127; 0,2998613; 0,79204243; 0,1672554; PatrolWalk
HIGH; SELF; MARRIED; 0,6000001; 0,6000001; 0,4000004; 0,15290612; 0,929954; 0,30535036; 0,08104378; PatrolWalk
HIGH; SELF; MARRIED; 0,30000004; 0,30000004; 0,7000003; 0,19696468; 0,4286319; 0,32600015; 0,5605216; Idle
HIGH; SELF; MARRIED; 1,1175871E-08; 1,1175871E-08; 1; 0,3142653; 0,8031336; 0,6595389; 0,68362695; Idle
HIGH; SELF; MARRIED; 1,1175871E-08; 1,1175871E-08; 1; 0,0016934276; 0,992862; 0,9825059; 0,46416527; Idle
HIGH; SELF; MARRIED; 0; 0; 1; 0,3967713; 0,79424995; 0,80643916; 0,402529; Idle
HIGH; SELF; MARRIED; 0,61666673; 0,61666673; 0,3833337; 0,24504483; 0,47627252; 0,74268234; 0,34554917; PatrolWalk
HIGH; SELF; MARRIED; 0,31666672; 0,31666672; 0,68333364; 0,39378995; 0,29781026; 0,692466; 0,28441876; PatrolWalk
HIGH; SELF; MARRIED; 0; 0; 1; 0,6316995; 0,042407572; 0,9930849; 0,9450299; Idle
HIGH; SELF; MARRIED; 0; 0; 1; 0,80079645; 0,52080286; 0,69124705; 0,39971882; Idle
HIGH; SELF; MARRIED; 0; 0; 1; 0,8315131; 0,64987516; 0,8450228; 0,21862483; Idle
HIGH; SELF; MARRIED; 0,28333333; 0,28333333; 0,71666694; 0,90351224; 0,6527688; 0,6688703; 0,81243104; PatrolWalk
HIGH; SELF; MARRIED; 0,61666673; 0,61666673; 0,3833337; 0,27298915; 0,34347862; 0,3523988; 0,44271392; Idle
HIGH; SELF; MARRIED; 0,31666672; 0,31666672; 0,68333364; 0,7594171; 0,8110883; 0,42537647; 0,28279442; Interact
HIGH; SELF; MARRIED; 0,31666672; 0,31666672; 0,68333364; 0,54489315; 0,9966483; 0,7918413; 0,43311167; Interact
HIGH; SELF; MARRIED; 0,30000004; 0,30000004; 0,7000003; 0,7209923; 0,18562686; 0,975683; 0,6062494; PatrolWalk
HIGH; SELF; MARRIED; 0,3166667; 0,3166667; 0,68333364; 0,11987758; 0,9904263; 0,56454885; 0,083832204; Idle
HIGH; SELF; MARRIED; 0,016666679; 0,016666679; 0,98333335; 0,6922595; 0,08437455; 0,12807626; 0,245426; Aggressive
HIGH; SELF; MARRIED; 0,30000004; 0,30000004; 0,7000003; 0,5993683; 0,19563085; 0,016801715; 0,9293338; Aggressive
HIGH; SELF; MARRIED; 0,30000004; 0,30000004; 0,7000003; 0,3460136; 0,29543877; 0,6415618; 0,02105546; Idle
HIGH; SELF; MARRIED; 0,30000004; 0,30000004; 0,7000003; 0,33622348; 0,039125204; 0,7370657; 0,5834002; Idle
HIGH; SELF; MARRIED; 0; 0; 1; 0,80734473; 0,17958117; 0,75979954; 0,44138175; Idle
HIGH; SELF; MARRIED; 0,91666645; 0,91666645; 0,08333361; 0,6681628; 0,40642405; 0,9986968; 0,6855407; Investigation
HIGH; SELF; MARRIED; 0,016666679; 0,016666679; 0,98333335; 0,4385019; 0,010956168; 0,9933567; 0,81919605; Idle
HIGH; SELF; MARRIED; 0,016666679; 0,016666679; 0,98333335; 0,92618936; 0,08117503; 0,071795225; 0,7354576; Aggressive
HIGH; SELF; MARRIED; 1,1175871E-08; 1,1175871E-08; 1; 0,07205337; 0,5323365; 0,86340207; 0,4660102; Idle
HIGH; SELF; MARRIED; 0,61666673; 0,61666673; 0,3833337; 0,13826078; 0,32242787; 0,32450145; 0,031258523; Idle
HIGH; SELF; MARRIED; 0; 0; 1; 0,2623542; 0,01256752; 0,25247687; 0,8917438; Aggressive
HIGH; SELF; MARRIED; 1,1175871E-08; 1,1175871E-08; 1; 0,2502175; 0,5670362; 0,8689324; 0,55054235; Idle
HIGH; SELF; MARRIED; 0,6000001; 0,6000001; 0,4000004; 0,5255948; 0,82005054; 0,78495914; 0,99617326; Investigation
HIGH; SELF; MARRIED; 0,6000001; 0,6000001; 0,4000004; 0,68463224; 0,88081825; 0,28560084; 0,15807885; Interact
HIGH; SELF; MARRIED; 0,30000004; 0,30000004; 0,7000003; 0,05400741; 0,9095072; 0,7134668; 0,47836322; PatrolWalk
HIGH; SELF; MARRIED; 0,61666673; 0,61666673; 0,3833337; 0,26629657; 0,1442591; 0,44491673; 0,0031867623; Idle
HIGH; SELF; MARRIED; 0,31666672; 0,31666672; 0,68333364; 0,27558005; 0,5754104; 0,81203383; 0,8293255; PatrolWalk
HIGH; SELF; MARRIED; 0; 0; 1; 0,07546079; 0,087155044; 0,2982672; 0,08657539; Aggressive
HIGH; SELF; MARRIED; 0,30000004; 0,30000004; 0,7000003; 0,8558267; 0,78909624; 0,77601284; 0,2474364; Idle
HIGH; SELF; MARRIED; 0,91666645; 0,91666645; 0,08333361; 0,6599954; 0,4217108; 0,68062174; 0,6628966; Investigation
HIGH; SELF; MARRIED; 0; 0; 1; 0,5751878; 0,2260558; 0,119020104; 0,47637218; Aggressive
HIGH; SELF; MARRIED; 0,30000004; 0,30000004; 0,7000003; 0,0664233; 0,6840205; 0,2735151; 0,1475771; Aggressive
HIGH; SELF; MARRIED; 0,3; 0,3; 0,7000003; 0,014901459; 0,47413802; 0,31121516; 0,8492027; PatrolWalk
HIGH; SELF; MARRIED; 0,3; 0,3; 0,7000003; 0,5424012; 0,016711473; 0,6016764; 0,014755964; Idle
HIGH; SELF; MARRIED; 1,1175871E-08; 1,1175871E-08; 1; 0,83730805; 0,58058465; 0,897546; 0,8020927; Idle
HIGH; SELF; MARRIED; 0,91666645; 0,91666645; 0,08333361; 0,0091533065; 0,8019294; 0,5244587; 0,6365438; Investigation
HIGH; SELF; MARRIED; 0,016666679; 0,016666679; 0,98333335; 0,40087712; 0,876739; 0,8223666; 0,34988397; Idle
HIGH; SELF; MARRIED; 0; 0; 1; 0,73624486; 0,18755513; 0,5780421; 0,88089144; Idle
HIGH; SELF; MARRIED; 0,6000001; 0,6000001; 0,4000004; 0,48814315; 0,37090778; 0,69742155; 0,26341468; Idle
HIGH; SELF; MARRIED; 0,61666673; 0,61666673; 0,3833337; 0,9395393; 0,23451054; 0,1979016; 0,7276625; Investigation
HIGH; SELF; MARRIED; 0; 0; 1; 0,16933894; 0,48083937; 0,23409039; 0,6601845; Aggressive
HIGH; SELF; MARRIED; 1,1175871E-08; 1,1175871E-08; 1; 0,19166273; 0,4451964; 0,7233425; 0,83367693; Idle
HIGH; SELF; MARRIED; 0; 0; 1; 0,08623797; 0,32538736; 0,30804926; 0,086613834; Idle
HIGH; SELF; MARRIED; 0,6000001; 0,6000001; 0,4000004; 0,6998617; 0,5057662; 0,49551374; 0,7639564; Investigation
HIGH; SELF; MARRIED; 0,30000004; 0,30000004; 0,7000003; 0,3753751; 0,5980197; 0,80622745; 0,26004207; Idle
HIGH; SELF; MARRIED; 0,61666673; 0,61666673; 0,3833337; 0,84803325; 0,8813167; 0,79286605; 0,11003953; Interact
HIGH; SELF; MARRIED; 0,31666672; 0,31666672; 0,68333364; 0,867592; 0,29577917; 0,5995694; 0,859564; Interact
HIGH; SELF; MARRIED; 0,30000004; 0,30000004; 0,7000003; 0,77832544; 0,030171812; 0,31629497; 0,459396; PatrolWalk
HIGH; SELF; MARRIED; 0,8999998; 0,8999998; 0,10000028; 0,8173966; 0,53120583; 0,8388119; 0,8901837; Investigation
HIGH; SELF; MARRIED; 0,3166667; 0,3166667; 0,68333364; 0,35740572; 0,37927425; 0,5240354; 0,47327566; Idle
HIGH; SELF; MARRIED; 0; 0; 1; 0,08237451; 0,5249759; 0,9923045; 0,6405088; Idle
HIGH; SELF; MARRIED; 0,30000004; 0,30000004; 0,7000003; 0,29878634; 0,5347499; 0,7330435; 0,39272887; PatrolWalk
HIGH; SELF; MARRIED; 0,30000004; 0,30000004; 0,7000003; 0,9015815; 0,75718945; 0,20820582; 0,73297113; Aggressive
HIGH; SELF; MARRIED; 0,3; 0,3; 0,7000003; 0,8993436; 0,22494; 0,3191561; 0,8730193; PatrolWalk
HIGH; SELF; MARRIED; 0,6000001; 0,6000001; 0,4000004; 0,068401396; 0,9687568; 0,08970499; 0,14129812; Aggressive
HIGH; SELF; MARRIED; 0,3166667; 0,3166667; 0,68333364; 0,8934632; 0,076203585; 0,49476898; 0,031196117; Interact
HIGH; SELF; MARRIED; 0,016666679; 0,016666679; 0,98333335; 0,4264329; 0,60007143; 0,6983144; 0,19435245; Idle
HIGH; SELF; MARRIED; 1,1175871E-08; 1,1175871E-08; 1; 0,12321806; 0,6401411; 0,31556362; 0,23810792; Idle
HIGH; SELF; MARRIED; 1; 1; 0; 0,39779776; 0,3490994; 0,80500406; 0,8416209; Investigation
HIGH; SELF; MARRIED; 0,6000001; 0,6000001; 0,4000004; 0,8197238; 0,014658093; 0,8135836; 0,5373327; Interact
HIGH; SELF; MARRIED; 0,61666673; 0,61666673; 0,3833337; 0,6687355; 0,45490873; 0,08951151; 0,33631206; Interact
HIGH; SELF; MARRIED; 0,30000004; 0,30000004; 0,7000003; 0,1297161; 0,7537713; 0,5878846; 0,1800819; PatrolWalk
HIGH; SELF; MARRIED; 1,1175871E-08; 1,1175871E-08; 1; 0,51404184; 0,68708557; 0,6285884; 0,31540507; Idle
HIGH; SELF; MARRIED; 1,1175871E-08; 1,1175871E-08; 1; 0,061866343; 0,27408463; 0,7703477; 0,60869855; Idle
HIGH; SELF; MARRIED; 0; 0; 1; 0,42359012; 0,20087022; 0,92356026; 0,3460194; Idle
HIGH; SELF; MARRIED; 0,3; 0,3; 0,7000003; 0,78593445; 0,50802547; 0,7944692; 0,98762673; PatrolWalk
HIGH; SELF; MARRIED; 0,016666664; 0,016666664; 0,98333335; 0,9287366; 0,69653195; 0,539381; 0,25485212; Idle
HIGH; SELF; MARRIED; 0,31666672; 0,31666672; 0,68333364; 0,16339982; 0,32230788; 0,8945666; 0,7146632; PatrolWalk
HIGH; SELF; MARRIED; 0,30000004; 0,30000004; 0,7000003; 0,30258125; 0,68500674; 0,7928799; 0,34604204; PatrolWalk
HIGH; SELF; MARRIED; 0,3; 0,3; 0,7000003; 0,18160814; 0,6878054; 0,45712847; 0,87899756; PatrolWalk
HIGH; SELF; MARRIED; 0,3166667; 0,3166667; 0,68333364; 0,61653143; 0,11230695; 0,05572921; 0,008538485; Interact
HIGH; SELF; MARRIED; 1,1175871E-08; 1,1175871E-08; 1; 0,0567652; 0,6814499; 0,08987963; 0,8122596; Aggressive
HIGH; SELF; MARRIED; 0,30000004; 0,30000004; 0,7000003; 0,90832937; 0,7159202; 0,73365384; 0,39738512; PatrolWalk
HIGH; SELF; MARRIED; 0,30000004; 0,30000004; 0,7000003; 0,94134116; 0,417247; 0,55925494; 0,65154505; PatrolWalk
HIGH; SELF; MARRIED; 0,30000004; 0,30000004; 0,7000003; 0,16376215; 0,8401776; 0,12270194; 0,45282918; Aggressive
HIGH; SELF; MARRIED; 0; 0; 1; 0,99341285; 0,98617035; 0,6323882; 0,50421935; Idle
HIGH; SELF; MARRIED; 0,3166667; 0,3166667; 0,68333364; 0,13470513; 0,49550778; 0,3027053; 0,9875992; PatrolWalk
HIGH; SELF; MARRIED; 0,016666679; 0,016666679; 0,98333335; 0,91979575; 0,5557981; 0,42175043; 0,16464704; Idle
HIGH; SELF; MARRIED; 1,1175871E-08; 1,1175871E-08; 1; 0,22504061; 0,29891527; 0,99429476; 0,1299516; Idle
HIGH; SELF; MARRIED; 0; 0; 1; 0,45499718; 0,56086725; 0,7239316; 0,4709804; Idle
HIGH; SELF; MARRIED; 0,016666664; 0,016666664; 0,98333335; 0,012662768; 0,98580366; 0,5380752; 0,50374997; Idle
HIGH; SELF; MARRIED; 0; 0; 1; 0,3453052; 0,03136909; 0,28239906; 0,7221205; Aggressive
HIGH; SELF; MARRIED; 1,1175871E-08; 1,1175871E-08; 1; 0,9527007; 0,75582075; 0,14477903; 0,2767924; Aggressive
HIGH; SELF; MARRIED; 1,1175871E-08; 1,1175871E-08; 1; 0,027889311; 0,963043; 0,56718737; 0,66330075; Idle
HIGH; SELF; MARRIED; 1,1175871E-08; 1,1175871E-08; 1; 0,7072133; 0,8044566; 0,03341806; 0,74544257; Aggressive
HIGH; SELF; MARRIED; 0,30000004; 0,30000004; 0,7000003; 0,1815325; 0,04993391; 0,8053192; 0,541431; Idle
HIGH; SELF; MARRIED; 0,016666664; 0,016666664; 0,98333335; 0,23306185; 0,8640699; 0,6172499; 0,99677354; Idle
HIGH; SELF; MARRIED; 0,31666672; 0,31666672; 0,68333364; 0,412897; 0,18238795; 0,8251313; 0,671715; Idle
HIGH; SELF; MARRIED; 0,30000004; 0,30000004; 0,7000003; 0,49945313; 0,9250531; 0,27011633; 0,979123; Aggressive
HIGH; SELF; MARRIED; 0,30000004; 0,30000004; 0,7000003; 0,8435267; 0,6626635; 0,039473295; 0,86289996; Aggressive
HIGH; SELF; MARRIED; 0,3166667; 0,3166667; 0,68333364; 0,62372106; 0,88804156; 0,092433035; 0,73422027; Interact
HIGH; SELF; MARRIED; 0; 0; 1; 0,24712884; 0,4517817; 0,3699568; 0,110752165; Idle
HIGH; SELF; MARRIED; 0; 0; 1; 0,75857913; 0,06971091; 0,37984306; 0,36656457; Idle
HIGH; SELF; MARRIED; 0,30000004; 0,30000004; 0,7000003; 0,53927654; 0,58645475; 0,10316914; 0,14767331; Aggressive
HIGH; SELF; MARRIED; 0; 0; 1; 0,66704714; 0,07552487; 0,33409035; 0,77014005; Idle
HIGH; SELF; MARRIED; 0,6000001; 0,6000001; 0,4000004; 0,9967077; 0,18507522; 0,64204353; 0,26859313; Interact
HIGH; SELF; MARRIED; 0,3166667; 0,3166667; 0,68333364; 0,51284873; 0,0077759624; 0,010615945; 0,78176445; Interact
HIGH; SELF; MARRIED; 0,61666673; 0,61666673; 0,3833337; 0,8245932; 0,3300053; 0,9873987; 0,6893495; Investigation
HIGH; SELF; MARRIED; 1,1175871E-08; 1,1175871E-08; 1; 0,22207695; 0,45173556; 0,8782266; 0,34462237; Idle
HIGH; SELF; MARRIED; 0; 0; 1; 0,26929522; 0,2500226; 0,8900443; 0,06945121; Idle
HIGH; SELF; MARRIED; 0; 0; 1; 0,20245737; 0,11975765; 0,14308941; 0,6755739; Aggressive
HIGH; SELF; MARRIED; 0,31666672; 0,31666672; 0,68333364; 0,29838532; 0,34456193; 0,26183027; 0,595496; Aggressive
HIGH; SELF; MARRIED; 0,31666672; 0,31666672; 0,68333364; 0,4977823; 0,86175835; 0,5857104; 0,5840805; PatrolWalk
HIGH; SELF; MARRIED; 0; 0; 1; 0,2992022; 0,7848901; 0,21091193; 0,462797; Aggressive
HIGH; SELF; MARRIED; 0,31666672; 0,31666672; 0,68333364; 0,25390965; 0,8028974; 0,6093709; 0,89655894; PatrolWalk
HIGH; SELF; MARRIED; 0,28333333; 0,28333333; 0,71666694; 0,7425194; 0,38990527; 0,27677387; 0,50036883; Aggressive
HIGH; SELF; MARRIED; 0; 0; 1; 0,37031054; 0,032641232; 0,23575294; 0,010130942; Aggressive
HIGH; SELF; MARRIED; 0,3; 0,3; 0,7000003; 0,4551037; 0,19010073; 0,95837593; 0,32322687; PatrolWalk
HIGH; SELF; MARRIED; 0,31666672; 0,31666672; 0,68333364; 0,31006098; 0,12407869; 0,62062275; 0,115383685; PatrolWalk
HIGH; SELF; MARRIED; 0,30000004; 0,30000004; 0,7000003; 0,48410684; 0,9614872; 0,70137036; 0,83205116; PatrolWalk
HIGH; SELF; MARRIED; 0; 0; 1; 0,91102844; 0,70498365; 0,97035384; 0,5982249; Idle
HIGH; SELF; MARRIED; 0,016666679; 0,016666679; 0,98333335; 0,88543004; 0,22127616; 0,09371084; 0,02543044; Aggressive
HIGH; SELF; MARRIED; 0,016666679; 0,016666679; 0,98333335; 0,755228; 0,75087863; 0,045886576; 0,578796; Aggressive
HIGH; SELF; MARRIED; 0; 0; 1; 0,23653919; 0,5607777; 0,5057121; 0,30462193; Idle
HIGH; SELF; MARRIED; 0,016666679; 0,016666679; 0,98333335; 0,91450596; 0,56671387; 0,32395422; 0,033211112; Idle
HIGH; SELF; MARRIED; 0; 0; 1; 0,7627469; 0,81079036; 0,6400786; 0,9458714; Idle
HIGH; SELF; MARRIED; 0; 0; 1; 0,29239935; 0,27402347; 0,10437763; 0,30203378; Aggressive
HIGH; SELF; MARRIED; 0; 0; 1; 0,35959464; 0,14850324; 0,45200145; 0,3827597; Idle
HIGH; SELF; MARRIED; 0,016666679; 0,016666679; 0,98333335; 0,77010024; 0,5930017; 0,5705746; 0,9911951; Idle
HIGH; SELF; MARRIED; 1,1175871E-08; 1,1175871E-08; 1; 0,9105625; 0,38664192; 0,27178305; 0,53275216; Aggressive
HIGH; SELF; MARRIED; 0,30000004; 0,30000004; 0,7000003; 0,9323469; 0,31049037; 0,10929775; 0,8867751; Aggressive
HIGH; SELF; MARRIED; 0; 0; 1; 0,6386304; 0,33063954; 0,4189365; 0,9196072; Idle
HIGH; SELF; MARRIED; 0; 0; 1; 0,4512977; 0,7299103; 0,059705496; 0,2767138; Aggressive
HIGH; SELF; MARRIED; 0,30000004; 0,30000004; 0,7000003; 0,72174495; 0,9033321; 0,71765; 0,4480508; PatrolWalk
HIGH; SELF; MARRIED; 0,31666672; 0,31666672; 0,68333364; 0,33395928; 0,84755445; 0,10533881; 0,81232536; Aggressive
HIGH; SELF; MARRIED; 0,30000004; 0,30000004; 0,7000003; 0,43300402; 0,29256982; 0,23080307; 0,9756744; Aggressive
HIGH; SELF; MARRIED; 0; 0; 1; 0,047980726; 0,87163585; 0,3760603; 0,122846305; Idle
HIGH; SELF; MARRIED; 0,30000004; 0,30000004; 0,7000003; 0,30789435; 0,13479948; 0,7803155; 0,5014492; PatrolWalk
HIGH; SELF; MARRIED; 0,31666672; 0,31666672; 0,68333364; 0,3187809; 0,7656771; 0,83976203; 0,87894595; PatrolWalk
HIGH; SELF; MARRIED; 0; 0; 1; 0,9120342; 0,17383134; 0,2745633; 0,93618786; Aggressive
HIGH; SELF; MARRIED; 1,1175871E-08; 1,1175871E-08; 1; 0,9672227; 0,57276875; 0,09497827; 0,619035; Aggressive
HIGH; SELF; MARRIED; 0,30000004; 0,30000004; 0,7000003; 0,11774963; 0,21362227; 0,4355206; 0,8901863; PatrolWalk
HIGH; SELF; MARRIED; 0; 0; 1; 0,5319019; 0,9829056; 0,7617232; 0,9687405; Idle
HIGH; SELF; MARRIED; 1,1175871E-08; 1,1175871E-08; 1; 0,52917504; 0,3743537; 0,17600328; 0,23996198; Aggressive
HIGH; SELF; MARRIED; 0,016666679; 0,016666679; 0,98333335; 0,12765914; 0,16546059; 0,6307236; 0,76030433; Idle
HIGH; SELF; MARRIED; 1,1175871E-08; 1,1175871E-08; 1; 0,95990014; 0,43484563; 0,29490423; 0,060325265; Aggressive
HIGH; SELF; MARRIED; 0,30000004; 0,30000004; 0,7000003; 0,058170617; 0,9720611; 0,19869632; 0,1916393; Aggressive
HIGH; SELF; MARRIED; 1,1175871E-08; 1,1175871E-08; 1; 0,13692445; 0,41206074; 0,5357439; 0,9948986; Idle
HIGH; SELF; MARRIED; 0,016666679; 0,016666679; 0,98333335; 0,29854548; 0,3913601; 0,6010999; 0,19255954; Idle
HIGH; SELF; MARRIED; 0; 0; 1; 0,34602755; 0,85428965; 0,37572014; 0,622782; Idle
HIGH; SELF; MARRIED; 0; 0; 1; 0,6664528; 0,24587959; 0,36806804; 0,97595143; Idle
HIGH; SELF; MARRIED; 1,1175871E-08; 1,1175871E-08; 1; 0,6533758; 0,43482965; 0,71643513; 0,18098044; Idle
HIGH; SELF; MARRIED; 0,30000004; 0,30000004; 0,7000003; 0,6291048; 0,66291165; 0,9743338; 0,98406774; Idle
HIGH; SELF; MARRIED; 0; 0; 1; 0,42446113; 0,58660334; 0,6309303; 0,35341716; Idle
HIGH; SELF; MARRIED; 0,31666672; 0,31666672; 0,68333364; 0,7193411; 0,5302557; 0,5264231; 0,67756957; Interact
HIGH; SELF; MARRIED; 0; 0; 1; 0,6283432; 0,7243065; 0,85638833; 0,5119005; Idle
HIGH; SELF; MARRIED; 1,1175871E-08; 1,1175871E-08; 1; 0,98890376; 0,34578282; 0,018178165; 0,75848556; Aggressive
HIGH; SELF; MARRIED; 0,30000004; 0,30000004; 0,7000003; 0,54335093; 0,40413845; 0,14285213; 0,14008278; Aggressive
HIGH; SELF; MARRIED; 0,31666672; 0,31666672; 0,68333364; 0,2956; 0,6834203; 0,1187433; 0,13790017; Aggressive
HIGH; SELF; MARRIED; 0,30000004; 0,30000004; 0,7000003; 0,91190684; 0,38633978; 0,26116592; 0,52270925; Aggressive
HIGH; SELF; MARRIED; 0,30000004; 0,30000004; 0,7000003; 0,16264826; 0,51831955; 0,02557975; 0,89148587; Aggressive
HIGH; SELF; MARRIED; 0,30000004; 0,30000004; 0,7000003; 0,38940203; 0,98231775; 0,6456176; 0,33099127; Idle
HIGH; SELF; MARRIED; 0,6000001; 0,6000001; 0,4000004; 0,17697227; 0,7918489; 0,22351927; 0,69970095; Investigation
HIGH; SELF; MARRIED; 0,30000004; 0,30000004; 0,7000003; 0,070370674; 0,8599128; 0,4276613; 0,3536783; PatrolWalk
HIGH; SELF; MARRIED; 0,016666679; 0,016666679; 0,98333335; 0,7612244; 0,8787317; 0,8884127; 0,5240059; Idle
HIGH; SELF; MARRIED; 0,30000004; 0,30000004; 0,7000003; 0,11049181; 0,6520131; 0,9423419; 0,9015167; Idle
HIGH; SELF; MARRIED; 0; 0; 1; 0,06546807; 0,1819542; 0,34561992; 0,091389; Idle
HIGH; SELF; MARRIED; 1,1175871E-08; 1,1175871E-08; 1; 0,96820426; 0,9220015; 0,46753472; 0,4835233; Idle
HIGH; SELF; MARRIED; 0,016666679; 0,016666679; 0,98333335; 0,20813513; 0,5412056; 0,69045275; 0,029292703; Idle
HIGH; SELF; MARRIED; 0; 0; 1; 0,039443076; 0,56166834; 0,2489438; 0,18091297; Aggressive
HIGH; SELF; MARRIED; 1,1175871E-08; 1,1175871E-08; 1; 0,98473084; 0,6060653; 0,29334474; 0,47057134; Aggressive
HIGH; SELF; MARRIED; 1,1175871E-08; 1,1175871E-08; 1; 0,98631245; 0,8159282; 0,685202; 0,63228524; Idle
HIGH; SELF; MARRIED; 0,6000001; 0,6000001; 0,4000004; 0,0074574947; 0,54185265; 0,56293565; 0,33095026; PatrolWalk
HIGH; SELF; MARRIED; 0,3; 0,3; 0,7000003; 0,5112054; 0,30800122; 0,3423193; 0,6238373; PatrolWalk
HIGH; SELF; MARRIED; 1,1175871E-08; 1,1175871E-08; 1; 0,8320958; 0,5627187; 0,5577172; 0,15203446; Idle
HIGH; SELF; MARRIED; 0,31666672; 0,31666672; 0,68333364; 0,37942582; 0,2020374; 0,4827839; 0,53218985; PatrolWalk
HIGH; SELF; MARRIED; 0,6000001; 0,6000001; 0,4000004; 0,6521335; 0,930275; 0,9484496; 0,9543331; Investigation
HIGH; SELF; MARRIED; 0,30000004; 0,30000004; 0,7000003; 0,7361548; 0,16971576; 0,8017378; 0,7504846; PatrolWalk
HIGH; SELF; MARRIED; 0,30000004; 0,30000004; 0,7000003; 0,33260268; 0,13149846; 0,74536014; 0,72143936; Idle
HIGH; SELF; MARRIED; 0,31666672; 0,31666672; 0,68333364; 0,10586268; 0,091425; 0,23358458; 0,31960052; Aggressive
HIGH; SELF; MARRIED; 0; 0; 1; 0,5245489; 0,1814233; 0,79822445; 0,48761302; Idle
HIGH; SELF; MARRIED; 0,30000004; 0,30000004; 0,7000003; 0,45829797; 0,25490862; 0,3499241; 0,027129292; PatrolWalk
HIGH; SELF; MARRIED; 0,3; 0,3; 0,7000003; 0,7153449; 0,04266268; 0,9602256; 0,6731575; PatrolWalk
HIGH; SELF; MARRIED; 0; 0; 1; 0,6323723; 0,98269236; 0,8873693; 0,22058356; Idle
HIGH; SELF; MARRIED; 0,30000004; 0,30000004; 0,7000003; 0,29077888; 0,21534342; 0,7737331; 0,49967235; PatrolWalk
HIGH; SELF; MARRIED; 0,016666679; 0,016666679; 0,98333335; 0,9095241; 0,12355083; 0,16662401; 0,7737055; Aggressive
HIGH; SELF; MARRIED; 0,3; 0,3; 0,7000003; 0,8306706; 0,590508; 0,7905825; 0,20224154; PatrolWalk
HIGH; SELF; MARRIED; 1,1175871E-08; 1,1175871E-08; 1; 0,08338159; 0,71846324; 0,7090487; 0,38625342; Idle
HIGH; SELF; MARRIED; 0,6000001; 0,6000001; 0,4000004; 0,3507833; 0,6336642; 0,70646375; 0,32159406; PatrolWalk
HIGH; SELF; MARRIED; 0,016666679; 0,016666679; 0,98333335; 0,20011789; 0,0750761; 0,9942728; 0,3894223; Idle
HIGH; SELF; MARRIED; 0,30000004; 0,30000004; 0,7000003; 0,76655626; 0,26103616; 0,013946772; 0,99263453; Aggressive
HIGH; SELF; MARRIED; 1,1175871E-08; 1,1175871E-08; 1; 0,3570248; 0,26416785; 0,9974911; 0,8111463; Idle
HIGH; SELF; MARRIED; 0; 0; 1; 0,06694293; 0,017391205; 0,06994647; 0,36607617; Aggressive
HIGH; SELF; MARRIED; 0,30000004; 0,30000004; 0,7000003; 0,1980238; 0,6992405; 0,4773426; 0,23305827; PatrolWalk
HIGH; SELF; MARRIED; 1,1175871E-08; 1,1175871E-08; 1; 0,71076804; 0,47606266; 0,721511; 0,9232855; Idle
HIGH; SELF; MARRIED; 0; 0; 1; 0,33702064; 0,16625988; 0,60534775; 0,7868057; Idle
HIGH; SELF; MARRIED; 0; 0; 1; 0,22002387; 0,8138133; 0,7764245; 0,56632197; Idle
HIGH; SELF; MARRIED; 0,30000004; 0,30000004; 0,7000003; 0,81884134; 0,12704933; 0,4234107; 0,29521275; PatrolWalk
HIGH; SELF; MARRIED; 0,3; 0,3; 0,7000003; 0,9211596; 0,7813927; 0,08402926; 0,9658638; Aggressive
HIGH; SELF; MARRIED; 0,31666672; 0,31666672; 0,68333364; 0,28483766; 0,5074786; 0,2952705; 0,33897406; Aggressive
HIGH; SELF; MARRIED; 1,1175871E-08; 1,1175871E-08; 1; 0,23651892; 0,90325147; 0,48592645; 0,20698303; Idle
HIGH; SELF; MARRIED; 0,30000004; 0,30000004; 0,7000003; 0,7452381; 0,4213044; 0,64616984; 0,2373057; Idle
HIGH; SELF; MARRIED; 0; 0; 1; 0,7064742; 0,83368754; 0,8989179; 0,75038016; Idle
HIGH; SELF; MARRIED; 1,1175871E-08; 1,1175871E-08; 1; 0,8512834; 0,84383947; 0,648861; 0,5202679; Idle
HIGH; SELF; MARRIED; 0,30000004; 0,30000004; 0,7000003; 0,3280955; 0,7549307; 0,15255874; 0,51962787; Aggressive
HIGH; SELF; MARRIED; 0,30000004; 0,30000004; 0,7000003; 0,025648832; 0,42184174; 0,62219214; 0,8907087; Idle
HIGH; SELF; MARRIED; 0,30000004; 0,30000004; 0,7000003; 0,68359756; 0,80162585; 0,12579072; 0,94769263; Aggressive
HIGH; SELF; MARRIED; 1,1175871E-08; 1,1175871E-08; 1; 0,05553925; 0,9283847; 0,6534759; 0,53303415; Idle
HIGH; SELF; MARRIED; 0; 0; 1; 0,3725924; 0,33045328; 0,9191681; 0,3891341; Idle
HIGH; SELF; MARRIED; 0,016666679; 0,016666679; 0,98333335; 0,021809518; 0,17332739; 0,13314521; 0,67185986; Aggressive
HIGH; SELF; MARRIED; 0,31666672; 0,31666672; 0,68333364; 0,7290789; 0,18938369; 0,11081761; 0,09555435; Interact
HIGH; SELF; MARRIED; 0,61666673; 0,61666673; 0,3833337; 0,9529501; 0,7798156; 0,72483045; 0,06699669; Interact
HIGH; SELF; MARRIED; 0,31666672; 0,31666672; 0,68333364; 0,4196778; 0,07121509; 0,33513463; 0,116001844; Idle
HIGH; SELF; MARRIED; 0,31666672; 0,31666672; 0,68333364; 0,0111605525; 0,025417328; 0,63845456; 0,021856308; Idle
HIGH; SELF; MARRIED; 0; 0; 1; 0,518959; 0,092792034; 0,9243176; 0,4137054; Idle
HIGH; SELF; MARRIED; 0,61666673; 0,61666673; 0,3833337; 0,036218822; 0,658234; 0,8961382; 0,36646712; Idle
HIGH; SELF; MARRIED; 0; 0; 1; 0,19013095; 0,66468143; 0,6436866; 0,22097874; Idle
HIGH; SELF; MARRIED; 0,31666672; 0,31666672; 0,68333364; 0,19101524; 0,62642765; 0,5002071; 0,4090488; Idle
HIGH; SELF; MARRIED; 0,31666672; 0,31666672; 0,68333364; 0,97493774; 0,76525676; 0,48179227; 0,8145059; Interact
HIGH; SELF; MARRIED; 0; 0; 1; 0,55136603; 0,40311402; 0,708985; 0,43422627; Idle
HIGH; SELF; MARRIED; 0,016666679; 0,016666679; 0,98333335; 0,54242057; 0,19365859; 0,756898; 0,47389972; Idle
HIGH; SELF; MARRIED; 0,3166667; 0,3166667; 0,68333364; 0,54758316; 0,8733389; 0,49618053; 0,85120875; Interact
HIGH; SELF; MARRIED; 0,61666673; 0,61666673; 0,3833337; 0,7177673; 0,531569; 0,68554515; 0,19675511; Interact
HIGH; SELF; MARRIED; 0,61666673; 0,61666673; 0,3833337; 0,22453421; 0,4591303; 0,007579744; 0,055254877; Aggressive
HIGH; SELF; MARRIED; 0,30000004; 0,30000004; 0,7000003; 0,33777314; 0,97873974; 0,9161434; 0,15253693; PatrolWalk
HIGH; SELF; MARRIED; 0,91666645; 0,91666645; 0,08333361; 0,4559366; 0,2924102; 0,18171507; 0,15279508; Idle
HIGH; SELF; MARRIED; 0,30000004; 0,30000004; 0,7000003; 0,68256474; 0,038827896; 0,8914436; 0,097384214; PatrolWalk
HIGH; SELF; MARRIED; 0,61666673; 0,61666673; 0,3833337; 0,08868754; 0,792158; 0,21499974; 0,44722337; Aggressive
HIGH; SELF; MARRIED; 0,016666679; 0,016666679; 0,98333335; 0,65291685; 0,655954; 0,8337851; 0,6478457; Idle
HIGH; SELF; MARRIED; 0,30000004; 0,30000004; 0,7000003; 0,58356816; 0,40061963; 0,7319901; 0,62089145; PatrolWalk
HIGH; SELF; MARRIED; 0,31666672; 0,31666672; 0,68333364; 0,08057153; 0,6135086; 0,20258856; 0,268928; Aggressive
HIGH; SELF; MARRIED; 0,016666664; 0,016666664; 0,98333335; 0,019872189; 0,19099844; 0,44575453; 0,2709334; Idle
HIGH; SELF; MARRIED; 0,3166667; 0,3166667; 0,68333364; 0,58196; 0,8457264; 0,37705338; 0,95878875; Interact
HIGH; SELF; MARRIED; 0,3166667; 0,3166667; 0,68333364; 0,75345165; 0,13368821; 0,109371364; 0,75390244; Interact
HIGH; SELF; MARRIED; 1,1175871E-08; 1,1175871E-08; 1; 0,28068668; 0,120851755; 0,66373783; 0,30547875; Idle
HIGH; SELF; MARRIED; 1; 1; 0; 0,67495304; 0,45508558; 0,2840401; 0,4923362; Interact
HIGH; SELF; MARRIED; 1,1175871E-08; 1,1175871E-08; 1; 0,600011; 0,98161924; 0,17175978; 0,7387652; Aggressive
HIGH; SELF; MARRIED; 0,3166667; 0,3166667; 0,68333364; 0,5596456; 0,056435585; 0,7633482; 0,077812314; Interact
HIGH; SELF; MARRIED; 0,31666672; 0,31666672; 0,68333364; 0,49469417; 0,4251529; 0,97517395; 0,91746414; PatrolWalk
HIGH; SELF; MARRIED; 1,1175871E-08; 1,1175871E-08; 1; 0,7622337; 0,15191609; 0,60425067; 0,17760497; Idle
HIGH; SELF; MARRIED; 0,016666679; 0,016666679; 0,98333335; 0,88590145; 0,37481725; 0,50092995; 0,85573125; Idle
HIGH; SELF; MARRIED; 0,3166667; 0,3166667; 0,68333364; 0,2627086; 0,22596854; 0,04253435; 0,018104494; Aggressive
HIGH; SELF; MARRIED; 0,016666664; 0,016666664; 0,98333335; 0,4479425; 0,048654318; 0,16757464; 0,10081166; Aggressive
HIGH; SELF; MARRIED; 0,016666664; 0,016666664; 0,98333335; 0,7343041; 0,40879786; 0,99938595; 0,0009266734; Idle
HIGH; SELF; MARRIED; 0,30000004; 0,30000004; 0,7000003; 0,6998046; 0,55328643; 0,24812001; 0,8065708; Aggressive
HIGH; SELF; MARRIED; 0,7000003; 0,7000003; 0,30000004; 0,28635967; 0,62803733; 0,5915737; 0,580026; Idle
HIGH; SELF; MARRIED; 0; 0; 1; 0,41789883; 0,91569674; 0,67869776; 0,9954776; Idle
HIGH; SELF; MARRIED; 0,016666664; 0,016666664; 0,98333335; 0,5977267; 0,34837788; 0,06361079; 0,9414131; Aggressive
HIGH; SELF; MARRIED; 0,016666679; 0,016666679; 0,98333335; 0,8246979; 0,08314282; 0,9593065; 0,9474936; Idle
HIGH; SELF; MARRIED; 0,30000004; 0,30000004; 0,7000003; 0,52588785; 0,5677015; 0,13844287; 0,79168326; Aggressive
HIGH; SELF; MARRIED; 0,31666672; 0,31666672; 0,68333364; 0,62522215; 0,1689251; 0,90673304; 0,37743497; Interact
HIGH; SELF; MARRIED; 0,016666664; 0,016666664; 0,98333335; 0,5344319; 0,60785955; 0,95691895; 0,44473517; Idle
HIGH; SELF; MARRIED; 0; 0; 1; 0,9672491; 0,59854275; 0,6595461; 0,9929103; Idle
HIGH; SELF; MARRIED; 0,3166667; 0,3166667; 0,68333364; 0,031527698; 0,17922562; 0,17950088; 0,064317286; Aggressive
HIGH; SELF; MARRIED; 1,1175871E-08; 1,1175871E-08; 1; 0,38944203; 0,24726403; 0,28692037; 0,065931916; Aggressive
HIGH; SELF; MARRIED; 1; 1; 1,1175871E-08; 0,8926781; 0,82826316; 0,8361159; 0,8065737; Investigation
HIGH; SELF; MARRIED; 0,30000004; 0,30000004; 0,7000003; 0,10045546; 0,6775716; 0,9682726; 0,46907145; PatrolWalk
HIGH; SELF; MARRIED; 0; 0; 1; 0,5627989; 0,36798036; 0,65039563; 0,93963194; Idle
HIGH; SELF; MARRIED; 0,31666672; 0,31666672; 0,68333364; 0,77556396; 0,9125877; 0,12759691; 0,63016266; Interact
HIGH; SELF; MARRIED; 1,1175871E-08; 1,1175871E-08; 1; 0,9045221; 0,084102154; 0,3706699; 0,52133495; Idle
HIGH; SELF; MARRIED; 0,016666679; 0,016666679; 0,98333335; 0,96018326; 0,8293391; 0,70439583; 0,5457474; Idle
HIGH; SELF; MARRIED; 0,3166667; 0,3166667; 0,68333364; 0,67099845; 0,78778803; 0,461008; 0,8525011; Interact
HIGH; SELF; MARRIED; 0,30000004; 0,30000004; 0,7000003; 0,8209619; 0,83277893; 0,17346823; 0,84484726; Aggressive
HIGH; SELF; MARRIED; 0,016666664; 0,016666664; 0,98333335; 0,62086666; 0,5115945; 0,35276335; 0,03864914; Idle
HIGH; SELF; MARRIED; 0; 0; 1; 0,2493366; 0,3677864; 0,42794162; 0,3413335; Idle
HIGH; SELF; MARRIED; 0,7000003; 0,7000003; 0,30000004; 0,16543359; 0,40112883; 0,3036937; 0,3652801; PatrolWalk
HIGH; SELF; MARRIED; 1,1175871E-08; 1,1175871E-08; 1; 0,5474253; 0,069812834; 0,75166905; 0,62027216; Idle
HIGH; SELF; MARRIED; 0,30000004; 0,30000004; 0,7000003; 0,44898272; 0,807584; 0,31200624; 0,81561553; PatrolWalk
HIGH; SELF; MARRIED; 0,016666679; 0,016666679; 0,98333335; 0,33320707; 0,915075; 0,51599663; 0,5862796; Idle
HIGH; SELF; MARRIED; 0,30000004; 0,30000004; 0,7000003; 0,19368422; 0,28720534; 0,64776; 0,13419694; Idle
HIGH; SELF; MARRIED; 0; 0; 1; 0,68785715; 0,49650908; 0,7456996; 0,55927694; Idle
HIGH; SELF; MARRIED; 0,31666672; 0,31666672; 0,68333364; 0,98450506; 0,4105609; 0,9647613; 0,5600139; Interact
HIGH; SELF; MARRIED; 0,016666664; 0,016666664; 0,98333335; 0,1267044; 0,73858863; 0,9148565; 0,36395955; Idle
HIGH; SELF; MARRIED; 1,1175871E-08; 1,1175871E-08; 1; 0,002805531; 0,269821; 0,7550229; 0,876752; Idle
HIGH; SELF; MARRIED; 0,3166667; 0,3166667; 0,68333364; 0,7939623; 0,2446611; 0,5496807; 0,47645926; Interact
HIGH; SELF; MARRIED; 0,30000004; 0,30000004; 0,7000003; 0,04650694; 0,5990932; 0,27707666; 0,4512419; Aggressive
HIGH; SELF; MARRIED; 0,4000004; 0,4000004; 0,6000001; 0,5608678; 0,12995148; 0,1841085; 0,040566683; Interact
HIGH; SELF; MARRIED; 0,30000004; 0,30000004; 0,7000003; 0,3726961; 0,02932322; 0,84970886; 0,08110416; Idle
HIGH; SELF; MARRIED; 1,1175871E-08; 1,1175871E-08; 1; 0,94023037; 0,6530562; 0,16742903; 0,1040988; Aggressive
HIGH; SELF; MARRIED; 0,31666672; 0,31666672; 0,68333364; 0,3975222; 0,029716492; 0,5648952; 0,012015581; PatrolWalk
HIGH; SELF; MARRIED; 0,6000001; 0,6000001; 0,4000004; 0,69157743; 0,88024455; 0,17039216; 0,65100956; Investigation
HIGH; SELF; MARRIED; 0,016666679; 0,016666679; 0,98333335; 0,63516676; 0,90969896; 0,24747074; 0,09153187; Aggressive
HIGH; SELF; MARRIED; 0,3166667; 0,3166667; 0,68333364; 0,31034636; 0,31107098; 0,511568; 0,93226206; Idle
HIGH; SELF; MARRIED; 0,30000004; 0,30000004; 0,7000003; 0,4282; 0,65734416; 0,1220119; 0,21760648; Aggressive
HIGH; SELF; MARRIED; 0,016666664; 0,016666664; 0,98333335; 0,9393998; 0,29161298; 0,68536806; 0,8023928; Idle
HIGH; SELF; MARRIED; 1,1175871E-08; 1,1175871E-08; 1; 0,31250733; 0,63766897; 0,20780933; 0,83753157; Aggressive
HIGH; SELF; MARRIED; 0,10000028; 0,10000028; 0,8999998; 0,67340904; 0,344099; 0,42100018; 0,67528176; Idle
HIGH; SELF; MARRIED; 0,6000001; 0,6000001; 0,4000004; 0,09279281; 0,48020488; 0,62163186; 0,87137777; Investigation
HIGH; SELF; MARRIED; 0; 0; 1; 0,5084738; 0,4658968; 0,6352225; 0,15494859; Idle
HIGH; SELF; MARRIED; 0,016666679; 0,016666679; 0,98333335; 0,32153285; 0,12649143; 0,017721951; 0,69736344; Aggressive
HIGH; SELF; MARRIED; 0,3; 0,3; 0,7000003; 0,8670055; 0,4017089; 0,22127253; 0,2318089; Aggressive
HIGH; SELF; MARRIED; 0; 0; 1; 0,9195494; 0,25119346; 0,6286456; 0,77166945; Idle
HIGH; SELF; MARRIED; 0,61666673; 0,61666673; 0,3833337; 0,6241458; 0,33130586; 0,15828556; 0,37016845; Interact
HIGH; SELF; MARRIED; 1,1175871E-08; 1,1175871E-08; 1; 0,7461088; 0,6036263; 0,60614973; 0,70909494; Idle
HIGH; SELF; MARRIED; 0,3166667; 0,3166667; 0,68333364; 0,17598927; 0,056275308; 0,18082428; 0,8973137; Aggressive
HIGH; SELF; MARRIED; 0; 0; 1; 0,13254595; 0,25046808; 0,7882968; 0,80541337; Idle
HIGH; SELF; MARRIED; 0,4000004; 0,4000004; 0,6000001; 0,18032831; 0,5226326; 0,56277657; 0,53990537; PatrolWalk
HIGH; SELF; MARRIED; 0,3; 0,3; 0,7000003; 0,56960434; 0,34566265; 0,08370197; 0,38460922; Aggressive
HIGH; SELF; MARRIED; 0,30000004; 0,30000004; 0,7000003; 0,3627947; 0,17795187; 0,7574519; 0,92596984; PatrolWalk
HIGH; SELF; MARRIED; 0; 0; 1; 0,25257647; 0,040649474; 0,60085046; 0,17295778; Idle
HIGH; SELF; MARRIED; 0; 0; 1; 0,5441507; 0,7825118; 0,15885055; 0,9200715; Aggressive
HIGH; SELF; MARRIED; 0,30000004; 0,30000004; 0,7000003; 0,39166152; 0,5481995; 0,74489665; 0,8304895; PatrolWalk
HIGH; SELF; MARRIED; 0,3166667; 0,3166667; 0,68333364; 0,5478475; 0,99587137; 0,6515178; 0,15790796; Interact
HIGH; SELF; MARRIED; 0,30000004; 0,30000004; 0,7000003; 0,3316427; 0,10084355; 0,17685264; 0,71749127; Aggressive
HIGH; SELF; MARRIED; 0,016666664; 0,016666664; 0,98333335; 0,42496765; 0,64453334; 0,58355683; 0,44959444; Idle
HIGH; SELF; MARRIED; 0,30000004; 0,30000004; 0,7000003; 0,45286626; 0,6029865; 0,70242953; 0,5827507; PatrolWalk
HIGH; SELF; MARRIED; 0,10000028; 0,10000028; 0,8999998; 0,113594234; 0,13641787; 0,056172967; 0,4688239; Aggressive
HIGH; SELF; MARRIED; 0; 0; 1; 0,76344985; 0,7991979; 0,5636923; 0,5482046; Idle
HIGH; SELF; MARRIED; 1,1175871E-08; 1,1175871E-08; 1; 0,31249422; 0,1835149; 0,8792307; 0,2959761; Idle
HIGH; SELF; MARRIED; 0,30000004; 0,30000004; 0,7000003; 0,35205615; 0,78020453; 0,18095195; 0,63777924; Aggressive
HIGH; SELF; MARRIED; 0; 0; 1; 0,21349841; 0,15989542; 0,40057892; 0,6776384; Idle
HIGH; SELF; MARRIED; 0; 0; 1; 0,15388387; 0,4602937; 0,71442676; 0,23629874; Idle
HIGH; SELF; MARRIED; 0; 0; 1; 0,1310556; 0,064542115; 0,20102066; 0,41059518; Aggressive
HIGH; SELF; MARRIED; 0; 0; 1; 0,9068169; 0,22291732; 0,11060065; 0,23898691; Aggressive
HIGH; SELF; MARRIED; 0,33333337; 0,33333337; 0,666667; 0,88938504; 0,26541477; 0,8657757; 0,18276083; Interact
HIGH; SELF; MARRIED; 0; 0; 1; 0,056372046; 0,7348836; 0,9545284; 0,63990957; Idle
HIGH; SELF; MARRIED; 0; 0; 1; 0,6405735; 0,057580173; 0,99341863; 0,8903264; Idle
HIGH; SELF; MARRIED; 0,31666672; 0,31666672; 0,68333364; 0,40892965; 0,75653666; 0,6975068; 0,08070773; Idle
HIGH; SELF; MARRIED; 0,31666672; 0,31666672; 0,68333364; 0,9158265; 0,73387426; 0,305381; 0,36025244; Interact
HIGH; SELF; MARRIED; 0; 0; 1; 0,32359385; 0,56124264; 0,5311258; 0,9760844; Idle
HIGH; SELF; MARRIED; 0,31666672; 0,31666672; 0,68333364; 0,7080308; 0,39196122; 0,87900513; 0,07119024; Interact
HIGH; SELF; MARRIED; 0,30000004; 0,30000004; 0,7000003; 0,14832962; 0,25013506; 0,86609596; 0,18087131; Idle
HIGH; SELF; MARRIED; 0; 0; 1; 0,60457367; 0,28633475; 0,8415488; 0,6803582; Idle
HIGH; SELF; MARRIED; 0; 0; 1; 0,9633424; 0,8159591; 0,59477025; 0,21166945; Idle
HIGH; SELF; MARRIED; 0,03333333; 0,03333333; 0,9666667; 0,9226967; 0,47464472; 0,69329655; 0,31578207; Idle
HIGH; SELF; MARRIED; 0,30000004; 0,30000004; 0,7000003; 0,8912744; 0,38254625; 0,7001245; 0,18531102; Idle
HIGH; SELF; MARRIED; 0,30000004; 0,30000004; 0,7000003; 0,48209596; 0,102894366; 0,3456998; 0,2070232; PatrolWalk
HIGH; SELF; MARRIED; 0,61666673; 0,61666673; 0,3833337; 0,8054738; 0,8995687; 0,59793097; 0,9205837; Investigation
HIGH; SELF; MARRIED; 0,016666679; 0,016666679; 0,98333335; 0,2685073; 0,12176001; 0,36829436; 0,9164691; Idle
HIGH; SELF; MARRIED; 0,30000004; 0,30000004; 0,7000003; 0,61729133; 0,6089906; 0,6964971; 0,42028588; Idle
HIGH; SELF; MARRIED; 0,016666679; 0,016666679; 0,98333335; 0,991196; 0,8178633; 0,30301154; 0,13988096; Idle
HIGH; SELF; MARRIED; 0,6000001; 0,6000001; 0,4000004; 0,3730846; 0,3355956; 0,3636642; 0,8807082; Investigation
HIGH; SELF; MARRIED; 0,30000004; 0,30000004; 0,7000003; 0,79692435; 0,6566095; 0,1885261; 0,94315785; Aggressive
HIGH; SELF; MARRIED; 0,30000004; 0,30000004; 0,7000003; 0,39112872; 0,038544; 0,2252562; 0,15784621; Aggressive
HIGH; SELF; MARRIED; 0,33333337; 0,33333337; 0,666667; 0,28091913; 0,87486273; 0,04052049; 0,039269745; Aggressive
HIGH; SELF; MARRIED; 0,6000001; 0,6000001; 0,4000004; 0,27064252; 0,34082377; 0,6491906; 0,87965417; Investigation
HIGH; SELF; MARRIED; 1,1175871E-08; 1,1175871E-08; 1; 0,54516286; 0,9899985; 0,48498118; 0,27358812; Idle
HIGH; SELF; MARRIED; 0,3166667; 0,3166667; 0,68333364; 0,83208567; 0,18747264; 0,124708354; 0,61484027; Interact
HIGH; SELF; MARRIED; 0,31666672; 0,31666672; 0,68333364; 0,7656195; 0,010048687; 0,8514567; 0,30473; Interact
HIGH; SELF; MARRIED; 0,6000001; 0,6000001; 0,4000004; 0,90684247; 0,2250337; 0,539308; 0,66997707; Investigation
HIGH; SELF; MARRIED; 0,31666672; 0,31666672; 0,68333364; 0,0018057823; 0,7141624; 0,3400175; 0,69901085; Idle
HIGH; SELF; MARRIED; 0,3; 0,3; 0,7000003; 0,2406869; 0,008659661; 0,7696498; 0,29275364; PatrolWalk
HIGH; SELF; MARRIED; 1,1175871E-08; 1,1175871E-08; 1; 0,971576; 0,1075961; 0,7379855; 0,7207064; Idle
HIGH; SELF; MARRIED; 1,1175871E-08; 1,1175871E-08; 1; 0,020819306; 0,68080556; 0,94300693; 0,6094441; Idle
HIGH; SELF; MARRIED; 0,03333333; 0,03333333; 0,9666667; 0,025877297; 0,8772599; 0,90433156; 0,13565058; Idle
HIGH; SELF; MARRIED; 0,3; 0,3; 0,7000003; 0,41710407; 0,82872474; 0,9797092; 0,57510257; Idle
HIGH; SELF; MARRIED; 0,30000004; 0,30000004; 0,7000003; 0,0012729168; 0,8453661; 0,9781099; 0,5439522; PatrolWalk
HIGH; SELF; MARRIED; 0,016666664; 0,016666664; 0,98333335; 0,40234643; 0,9438877; 0,10881126; 0,6861207; Aggressive
HIGH; SELF; MARRIED; 0,016666679; 0,016666679; 0,98333335; 0,19208133; 0,94214267; 0,10517651; 0,9426583; Aggressive
HIGH; SELF; MARRIED; 0,3; 0,3; 0,7000003; 0,0015081763; 0,75370806; 0,064728856; 0,5621152; Aggressive
HIGH; SELF; MARRIED; 0,61666673; 0,61666673; 0,3833337; 0,0655514; 0,23051172; 0,54346937; 0,31937814; PatrolWalk
HIGH; SELF; MARRIED; 0; 0; 1; 0,53594416; 0,027723908; 0,41991848; 0,36470222; Idle
HIGH; SELF; MARRIED; 0,30000004; 0,30000004; 0,7000003; 0,056904316; 0,77975076; 0,16065049; 0,6546421; Aggressive
HIGH; SELF; MARRIED; 0,30000004; 0,30000004; 0,7000003; 0,06267315; 0,9228042; 0,8754133; 0,8505191; PatrolWalk
HIGH; SELF; MARRIED; 0,33333337; 0,33333337; 0,666667; 0,7727939; 0,206473; 0,14280361; 0,38859332; Interact
HIGH; SELF; MARRIED; 0,6000001; 0,6000001; 0,4000004; 0,42493165; 0,20058602; 0,33730286; 0,42222428; PatrolWalk
HIGH; SELF; MARRIED; 1,1175871E-08; 1,1175871E-08; 1; 0,22439843; 0,76806974; 0,7664959; 0,14206499; Idle
HIGH; SELF; MARRIED; 0; 0; 1; 0,858328; 0,84291935; 0,29387122; 0,7059818; Aggressive
HIGH; SELF; MARRIED; 0; 0; 1; 0,51136833; 0,6812298; 0,25647706; 0,79369706; Aggressive
HIGH; SELF; MARRIED; 0; 0; 1; 0,22290772; 0,96536523; 0,6830566; 0,47023457; Idle
HIGH; SELF; MARRIED; 0,3166667; 0,3166667; 0,68333364; 0,27183384; 0,77516687; 0,15427452; 0,16564083; Aggressive
HIGH; SELF; MARRIED; 0,30000004; 0,30000004; 0,7000003; 0,8681414; 0,79071444; 0,4197815; 0,78158885; Idle
HIGH; SELF; MARRIED; 1,1175871E-08; 1,1175871E-08; 1; 0,845149; 0,87374574; 0,6366999; 0,6795364; Idle
HIGH; SELF; MARRIED; 1,1175871E-08; 1,1175871E-08; 1; 0,9389298; 0,7860338; 0,49513346; 0,7511962; Idle
HIGH; SELF; MARRIED; 0,03333333; 0,03333333; 0,9666667; 0,46023196; 0,50936735; 0,3138649; 0,20204604; Idle
HIGH; SELF; MARRIED; 0,3; 0,3; 0,7000003; 0,3798142; 0,5138514; 0,4611163; 0,49084228; PatrolWalk
HIGH; SELF; MARRIED; 0,30000004; 0,30000004; 0,7000003; 0,584603; 0,6081964; 0,18559313; 0,6831016; Aggressive
HIGH; SELF; MARRIED; 0; 0; 1; 0,5689523; 0,39700603; 0,61278874; 0,026570797; Idle
HIGH; SELF; MARRIED; 0; 0; 1; 0,69240284; 0,66946477; 0,4230231; 0,0065279603; Idle
HIGH; SELF; MARRIED; 0,30000004; 0,30000004; 0,7000003; 0,036011994; 0,010437787; 0,11156851; 0,84957236; Aggressive
HIGH; SELF; MARRIED; 0,016666664; 0,016666664; 0,98333335; 0,7195286; 0,88097185; 0,0007916093; 0,9395035; Aggressive
HIGH; SELF; MARRIED; 1; 1; 0; 0,98327756; 0,48351765; 0,1783076; 0,054137588; Interact
HIGH; SELF; MARRIED; 0,6000001; 0,6000001; 0,4000004; 0,29590422; 0,12564105; 0,055084407; 0,56536645; Aggressive
HIGH; SELF; MARRIED; 0,30000004; 0,30000004; 0,7000003; 0,28952104; 0,34218585; 0,42322952; 0,6369744; Idle
HIGH; SELF; MARRIED; 0,30000004; 0,30000004; 0,7000003; 0,63837475; 0,7857447; 0,33402467; 0,6511473; PatrolWalk
HIGH; SELF; MARRIED; 0,33333337; 0,33333337; 0,666667; 0,10080719; 0,81288624; 0,5028474; 0,14961767; PatrolWalk
HIGH; SELF; MARRIED; 0; 0; 1; 0,84184617; 0,30006576; 0,65265024; 0,5744086; Idle
HIGH; SELF; MARRIED; 1,1175871E-08; 1,1175871E-08; 1; 0,17174041; 0,6515103; 0,8979217; 0,20849895; Idle
HIGH; SELF; MARRIED; 0,30000004; 0,30000004; 0,7000003; 0,7061239; 0,010847628; 0,45082742; 0,77375275; PatrolWalk
HIGH; SELF; MARRIED; 0,30000004; 0,30000004; 0,7000003; 0,75809854; 0,3708073; 0,506372; 0,25351924; Idle
HIGH; SELF; MARRIED; 1,1175871E-08; 1,1175871E-08; 1; 0,8346553; 0,15641373; 0,33132213; 0,1374948; Idle
HIGH; SELF; MARRIED; 0; 0; 1; 0,673911; 0,87530786; 0,3238765; 0,677041; Idle
HIGH; SELF; MARRIED; 0,3; 0,3; 0,7000003; 0,28717852; 0,42560762; 0,9199967; 0,15789092; Idle
HIGH; SELF; MARRIED; 0,6000001; 0,6000001; 0,4000004; 0,4437973; 0,12807572; 0,53393805; 0,95242244; Investigation
HIGH; SELF; MARRIED; 1,1175871E-08; 1,1175871E-08; 1; 0,77154773; 0,35039008; 0,64112514; 0,63217515; Idle
HIGH; SELF; MARRIED; 0,03333333; 0,03333333; 0,9666667; 0,6696305; 0,7414049; 0,64008766; 0,9022441; Idle
HIGH; SELF; MARRIED; 0,30000004; 0,30000004; 0,7000003; 0,99233586; 0,03374982; 0,13664341; 0,39829177; Aggressive
HIGH; SELF; MARRIED; 0,30000004; 0,30000004; 0,7000003; 0,769577; 0,98351294; 0,706471; 0,40369338; PatrolWalk
HIGH; SELF; MARRIED; 1,1175871E-08; 1,1175871E-08; 1; 0,5817829; 0,08131039; 0,44159025; 0,74358255; Idle
HIGH; SELF; MARRIED; 0,6000001; 0,6000001; 0,4000004; 0,74690634; 0,61347246; 0,44204426; 0,8228846; Investigation
HIGH; SELF; MARRIED; 0,30000004; 0,30000004; 0,7000003; 0,362513; 0,20338726; 0,6091124; 0,85572016; Idle
HIGH; SELF; MARRIED; 0,30000004; 0,30000004; 0,7000003; 0,46502632; 0,030322373; 0,53676987; 0,24225777; PatrolWalk
HIGH; SELF; MARRIED; 0,6000001; 0,6000001; 0,4000004; 0,39042687; 0,4805684; 0,3891002; 0,98953074; Investigation
HIGH; SELF; MARRIED; 0,3; 0,3; 0,7000003; 0,77192456; 0,20123649; 0,71028244; 0,3765418; Idle
HIGH; SELF; MARRIED; 0,30000004; 0,30000004; 0,7000003; 0,25366825; 0,9498877; 0,15993667; 0,96953195; Aggressive
HIGH; SELF; MARRIED; 0,33333337; 0,33333337; 0,666667; 0,54753894; 0,9541341; 0,5072208; 0,16114438; Interact
HIGH; SELF; MARRIED; 1,1175871E-08; 1,1175871E-08; 1; 0,88787025; 0,8220814; 0,13545775; 0,27537376; Aggressive
HIGH; SELF; MARRIED; 1,1175871E-08; 1,1175871E-08; 1; 0,60841715; 0,2131288; 0,58184934; 0,30345422; Idle
HIGH; SELF; MARRIED; 0,30000004; 0,30000004; 0,7000003; 0,8911066; 0,48877764; 0,38105392; 0,9275704; Idle
HIGH; SELF; MARRIED; 0,3; 0,3; 0,7000003; 0,446028; 0,87243515; 0,78673166; 0,08606386; PatrolWalk
HIGH; SELF; MARRIED; 0,6000001; 0,6000001; 0,4000004; 0,5380825; 0,23651367; 0,10007298; 0,99570006; Investigation
HIGH; SELF; MARRIED; 1,1175871E-08; 1,1175871E-08; 1; 0,17500967; 0,070750356; 0,123288214; 0,7331314; Aggressive
HIGH; SELF; MARRIED; 0,3; 0,3; 0,7000003; 0,89971656; 0,07568371; 0,012198985; 0,41964066; Aggressive
HIGH; SELF; MARRIED; 0,6000001; 0,6000001; 0,4000004; 0,6264987; 0,78009415; 0,031534314; 0,1558649; Interact
HIGH; SELF; MARRIED; 1,1175871E-08; 1,1175871E-08; 1; 0,000633657; 0,32949942; 0,43814218; 0,23208332; Idle
HIGH; SELF; MARRIED; 0,03333333; 0,03333333; 0,9666667; 0,32913446; 0,43480992; 0,668957; 0,5923754; Idle
HIGH; SELF; MARRIED; 0; 0; 1; 0,58169204; 0,828654; 0,11324841; 0,43937153; Aggressive
HIGH; SELF; MARRIED; 0,30000004; 0,30000004; 0,7000003; 0,24229014; 0,22572142; 0,8578517; 0,75070405; Idle
HIGH; SELF; MARRIED; 0,6000001; 0,6000001; 0,4000004; 0,87352705; 0,29658103; 0,19625193; 0,44475514; Interact
HIGH; SELF; MARRIED; 0; 0; 1; 0,94968724; 0,07019436; 0,10299492; 0,11866313; Aggressive
HIGH; SELF; MARRIED; 0,3; 0,3; 0,7000003; 0,2982307; 0,7774881; 0,7800677; 0,9777796; Idle
HIGH; SELF; MARRIED; 0; 0; 1; 0,44607884; 0,10575998; 0,78600013; 0,024169803; Idle
HIGH; SELF; MARRIED; 0; 0; 1; 0,8824785; 0,7866881; 0,7332554; 0,4010253; Idle
HIGH; SELF; MARRIED; 0,28333333; 0,28333333; 0,71666694; 0,5096521; 0,8691869; 0,6390435; 0,76808715; PatrolWalk
HIGH; SELF; MARRIED; 0,31666672; 0,31666672; 0,68333364; 0,51412636; 0,744099; 0,95720583; 0,09090322; Interact
HIGH; SELF; MARRIED; 0,35000005; 0,35000005; 0,65000033; 0,16493672; 0,4123543; 0,82730085; 0,37875247; PatrolWalk
HIGH; SELF; MARRIED; 0; 0; 1; 0,18040848; 0,5390504; 0,8207035; 0,5643789; Idle
HIGH; SELF; MARRIED; 0,61666673; 0,61666673; 0,3833337; 0,06112045; 0,5676528; 0,86199605; 0,5051925; Idle
HIGH; SELF; MARRIED; 0,28333333; 0,28333333; 0,71666694; 0,1455887; 0,60908276; 0,9790238; 0,36606413; PatrolWalk
HIGH; SELF; MARRIED; 0; 0; 1; 0,43379372; 0,8846272; 0,7771138; 0,97800976; Idle
HIGH; SELF; MARRIED; 0,61666673; 0,61666673; 0,3833337; 0,4571588; 0,8672852; 0,996586; 0,05491346; PatrolWalk
HIGH; SELF; MARRIED; 0,31666672; 0,31666672; 0,68333364; 0,1430533; 0,74266267; 0,39738375; 0,45552498; Idle
HIGH; SELF; MARRIED; 0,30000004; 0,30000004; 0,7000003; 0,73680615; 0,47554755; 0,12892753; 0,08053285; Aggressive
HIGH; SELF; MARRIED; 0; 0; 1; 0,22482717; 0,2408604; 0,08178115; 0,68640625; Aggressive
HIGH; SELF; MARRIED; 0,016666679; 0,016666679; 0,98333335; 0,50523216; 0,068083405; 0,29927564; 0,930988; Aggressive
HIGH; SELF; MARRIED; 0,049999997; 0,049999997; 0,95000005; 0,04032415; 0,9981236; 0,05564183; 0,955507; Aggressive
HIGH; SELF; MARRIED; 0,30000004; 0,30000004; 0,7000003; 0,89686966; 0,74712837; 0,5427837; 0,7115136; Idle
HIGH; SELF; MARRIED; 0,91666645; 0,91666645; 0,08333361; 0,016105294; 0,58845234; 0,8938525; 0,74639785; Investigation
HIGH; SELF; MARRIED; 0; 0; 1; 0,12898892; 0,95005846; 0,24826819; 0,9767117; Aggressive
HIGH; SELF; MARRIED; 0,30000004; 0,30000004; 0,7000003; 0,6196779; 0,78607947; 0,08125037; 0,5088443; Aggressive
HIGH; SELF; MARRIED; 0,3166667; 0,3166667; 0,68333364; 0,8403595; 0,6056723; 0,75989795; 0,12751472; Interact
HIGH; SELF; MARRIED; 0,61666673; 0,61666673; 0,3833337; 0,43822563; 0,3940534; 0,1536265; 0,9414621; Investigation
HIGH; SELF; MARRIED; 0,016666679; 0,016666679; 0,98333335; 0,7904393; 0,9405114; 0,28046227; 0,9868917; Aggressive
HIGH; SELF; MARRIED; 0; 0; 1; 0,35962093; 0,76722264; 0,700244; 0,56203294; Idle
HIGH; SELF; MARRIED; 0; 0; 1; 0,81758034; 0,7132614; 0,2868725; 0,38702053; Aggressive
HIGH; SELF; MARRIED; 0; 0; 1; 0,22017097; 0,44961864; 0,8098937; 0,10156608; Idle
HIGH; SELF; MARRIED; 0,58333343; 0,58333343; 0,41666707; 0,3350464; 0,065515995; 0,83862406; 0,6021076; Investigation
HIGH; SELF; MARRIED; 0,6333334; 0,6333334; 0,36666703; 0,76638687; 0,32445633; 0,25112063; 0,90838933; Investigation
HIGH; SELF; MARRIED; 0; 0; 1; 0,43198073; 0,9577451; 0,9387477; 0,31869262; Idle
HIGH; SELF; MARRIED; 0,016666679; 0,016666679; 0,98333335; 0,27106333; 0,58083224; 0,097727716; 0,8043787; Aggressive
HIGH; SELF; MARRIED; 0,03333333; 0,03333333; 0,9666667; 0,42143726; 0,70381844; 0,50780624; 0,51174146; Idle
HIGH; SELF; MARRIED; 0,33333337; 0,33333337; 0,666667; 0,2555461; 0,87818754; 0,29484648; 0,27843904; Aggressive
HIGH; SELF; MARRIED; 0; 0; 1; 0,45998675; 0,99779487; 0,48433363; 0,37905198; Idle
HIGH; SELF; MARRIED; 0,30000004; 0,30000004; 0,7000003; 0,19217163; 0,04325086; 0,14882708; 0,5748036; Aggressive
HIGH; SELF; MARRIED; 0; 0; 1; 0,05238521; 0,33553898; 0,54112566; 0,4225214; Idle
HIGH; SELF; MARRIED; 0,30000004; 0,30000004; 0,7000003; 0,9525189; 0,59127873; 0,4151126; 0,27780896; Idle
HIGH; SELF; MARRIED; 0,28333333; 0,28333333; 0,71666694; 0,7271176; 0,9133855; 0,5452421; 0,38530594; PatrolWalk
HIGH; SELF; MARRIED; 0,33333337; 0,33333337; 0,666667; 0,58840555; 0,97807056; 0,07876122; 0,7713556; Interact
HIGH; SELF; MARRIED; 0,30000004; 0,30000004; 0,7000003; 0,8387816; 0,82925045; 0,2680599; 0,5237587; Aggressive
HIGH; SELF; MARRIED; 0; 0; 1; 0,55458856; 0,26722896; 0,8987595; 0,9707967; Idle
HIGH; SELF; MARRIED; 0,33333337; 0,33333337; 0,666667; 0,65327126; 0,65780157; 0,832766; 0,7970783; Interact
HIGH; SELF; MARRIED; 0,03333333; 0,03333333; 0,9666667; 0,09276396; 0,644633; 0,5753275; 0,058746934; Idle
HIGH; SELF; MARRIED; 0,30000004; 0,30000004; 0,7000003; 0,62700945; 0,39488935; 0,48653233; 0,82234263; Idle
HIGH; SELF; MARRIED; 1,1175871E-08; 1,1175871E-08; 1; 0,57009196; 0,54247934; 0,37261105; 0,67442733; Idle
HIGH; SELF; MARRIED; 0,30000004; 0,30000004; 0,7000003; 0,3663922; 0,17420805; 0,23134083; 0,6154233; Aggressive
HIGH; SELF; MARRIED; 0,6000001; 0,6000001; 0,4000004; 0,36802465; 0,22200876; 0,79108423; 0,7085638; Investigation
HIGH; SELF; MARRIED; 0; 0; 1; 0,18616301; 0,08156866; 0,7217256; 0,37800676; Idle
HIGH; SELF; MARRIED; 0,03333333; 0,03333333; 0,9666667; 0,81972474; 0,089022696; 0,6800027; 0,4480673; Idle
HIGH; SELF; MARRIED; 1,1175871E-08; 1,1175871E-08; 1; 0,8203764; 0,36812764; 0,64863515; 0,48004484; Idle
HIGH; SELF; MARRIED; 0,30000004; 0,30000004; 0,7000003; 0,019771814; 0,13640821; 0,34880602; 0,25739437; PatrolWalk
HIGH; SELF; MARRIED; 0,03333333; 0,03333333; 0,9666667; 0,6447549; 0,9291599; 0,38858545; 0,5588808; Idle
HIGH; SELF; MARRIED; 0,33333337; 0,33333337; 0,666667; 0,06164062; 0,5684562; 0,8896699; 0,0998019; PatrolWalk
HIGH; SELF; MARRIED; 0,61666673; 0,61666673; 0,3833337; 0,161416; 0,2881016; 0,6876104; 0,86633635; Investigation
HIGH; SELF; MARRIED; 0,31666672; 0,31666672; 0,68333364; 0,48180223; 0,6110094; 0,6306498; 0,66967124; Idle
HIGH; SELF; MARRIED; 0; 0; 1; 0,14906174; 0,9777166; 0,78249097; 0,910235; Idle
HIGH; SELF; MARRIED; 0,28333333; 0,28333333; 0,71666694; 0,7203563; 0,7831033; 0,77277946; 0,8104204; Idle
HIGH; SELF; MARRIED; 0,31666672; 0,31666672; 0,68333364; 0,44440645; 0,21698147; 0,8340854; 0,47806144; PatrolWalk
HIGH; SELF; MARRIED; 0,35000005; 0,35000005; 0,65000033; 0,88103485; 0,55275875; 0,64746535; 0,5119461; Interact
HIGH; SELF; MARRIED; 0,31666672; 0,31666672; 0,68333364; 0,6869576; 0,5264169; 0,6272057; 0,99848723; Interact
HIGH; SELF; MARRIED; 0; 0; 1; 0,44477415; 0,6050528; 0,6632385; 0,51204187; Idle
HIGH; SELF; MARRIED; 0,35000005; 0,35000005; 0,65000033; 0,7783653; 0,64434946; 0,14795917; 0,37603885; Interact
HIGH; SELF; MARRIED; 0,016666664; 0,016666664; 0,98333335; 0,5457352; 0,059841394; 0,1943543; 0,9748399; Aggressive
HIGH; SELF; MARRIED; 0; 0; 1; 0,8916661; 0,2687676; 0,48388803; 0,22102368; Idle
HIGH; SELF; MARRIED; 0,3166667; 0,3166667; 0,68333364; 0,1278153; 0,5319608; 0,90157837; 0,07877821; Idle
HIGH; SELF; MARRIED; 0,61666673; 0,61666673; 0,3833337; 0,76384145; 0,7104902; 0,06813991; 0,7650972; Investigation
HIGH; SELF; MARRIED; 0,30000004; 0,30000004; 0,7000003; 0,6453391; 0,44949228; 0,06737727; 0,33113277; Aggressive
HIGH; SELF; MARRIED; 0,58333343; 0,58333343; 0,41666707; 0,32858157; 0,12075001; 0,87220377; 0,7178556; Investigation
HIGH; SELF; MARRIED; 0,016666679; 0,016666679; 0,98333335; 0,3474151; 0,90605456; 0,23124886; 0,36845648; Aggressive
HIGH; SELF; MARRIED; 0,049999997; 0,049999997; 0,95000005; 0,036382794; 0,23847306; 0,49315172; 0,51420146; Idle
HIGH; SELF; MARRIED; 0,016666679; 0,016666679; 0,98333335; 0,017862499; 0,28500158; 0,27007377; 0,1011439; Aggressive
HIGH; SELF; MARRIED; 0,30000004; 0,30000004; 0,7000003; 0,90536135; 0,7448173; 0,16708529; 0,03570324; Aggressive
HIGH; SELF; MARRIED; 0,049999997; 0,049999997; 0,95000005; 0,08652669; 0,95076597; 0,4461503; 0,52143055; Idle
HIGH; SELF; MARRIED; 0; 0; 1; 0,50024307; 0,47501153; 0,97944415; 0,28482258; Idle
HIGH; SELF; MARRIED; 0,61666673; 0,61666673; 0,3833337; 0,46209925; 0,8150065; 0,7414754; 0,5348738; Idle
HIGH; SELF; MARRIED; 0,3166667; 0,3166667; 0,68333364; 0,19898993; 0,22168541; 0,3000741; 0,26066756; Idle
HIGH; SELF; MARRIED; 1,1175871E-08; 1,1175871E-08; 1; 0,7194864; 0,09202528; 0,6857798; 0,52980006; Idle
HIGH; SELF; MARRIED; 0,28333333; 0,28333333; 0,71666694; 0,12584168; 0,43152076; 0,22219247; 0,73587763; Aggressive
HIGH; SELF; MARRIED; 0; 0; 1; 0,9928781; 0,4669124; 0,12017751; 0,045228243; Aggressive
HIGH; SELF; MARRIED; 0,35000005; 0,35000005; 0,65000033; 0,32594126; 0,65546256; 0,052933574; 0,05495119; Aggressive
HIGH; SELF; MARRIED; 0; 0; 1; 0,89403045; 0,47931606; 0,9388052; 0,85597694; Idle
HIGH; SELF; MARRIED; 1,1175871E-08; 1,1175871E-08; 1; 0,5998855; 0,99138683; 0,96120375; 0,72369504; Idle
HIGH; SELF; MARRIED; 0,35000005; 0,35000005; 0,65000033; 0,69480115; 0,049182057; 0,38194263; 0,60613173; Interact
HIGH; SELF; MARRIED; 0,30000004; 0,30000004; 0,7000003; 0,7860684; 0,620105; 0,78071207; 0,9785826; Idle
HIGH; SELF; MARRIED; 0,91666645; 0,91666645; 0,08333361; 0,13437992; 0,53977376; 0,18869734; 0,7957184; Investigation
HIGH; SELF; MARRIED; 0,61666673; 0,61666673; 0,3833337; 0,43660825; 0,83245814; 0,55114967; 0,48523265; PatrolWalk
HIGH; SELF; MARRIED; 0,30000004; 0,30000004; 0,7000003; 0,35963213; 0,5097108; 0,39395553; 0,81265503; PatrolWalk
HIGH; SELF; MARRIED; 0; 0; 1; 0,23594803; 0,46209002; 0,49177587; 0,56384575; Idle
HIGH; SELF; MARRIED; 0; 0; 1; 0,29945618; 0,994075; 0,34919405; 0,15452486; Idle
HIGH; SELF; MARRIED; 0,049999997; 0,049999997; 0,95000005; 0,33420247; 0,41249257; 0,92204756; 0,7113291; Idle
HIGH; SELF; MARRIED; 0,30000004; 0,30000004; 0,7000003; 0,47238433; 0,8121012; 0,3350231; 0,80051535; Idle
HIGH; SELF; MARRIED; 0,30000004; 0,30000004; 0,7000003; 0,56187993; 0,80540794; 0,37598485; 0,76295; PatrolWalk
HIGH; SELF; MARRIED; 0,049999997; 0,049999997; 0,95000005; 0,6179001; 0,047074735; 0,8951299; 0,10664219; Idle
HIGH; SELF; MARRIED; 0,6000001; 0,6000001; 0,4000004; 0,5780761; 0,40738052; 0,9444328; 0,81171334; Investigation
HIGH; SELF; MARRIED; 0,61666673; 0,61666673; 0,3833337; 0,6896958; 0,37356967; 0,44270724; 0,92510337; Investigation
HIGH; SELF; MARRIED; 0,3166667; 0,3166667; 0,68333364; 0,19213492; 0,2051652; 0,58473074; 0,87029725; PatrolWalk
HIGH; SELF; MARRIED; 1,1175871E-08; 1,1175871E-08; 1; 0,86803794; 0,5831667; 0,88858455; 0,24713075; Idle
HIGH; SELF; MARRIED; 0,30000004; 0,30000004; 0,7000003; 0,529895; 0,8340136; 0,8340659; 0,6854038; PatrolWalk
HIGH; SELF; MARRIED; 0,30000004; 0,30000004; 0,7000003; 0,9935778; 0,57421285; 0,8371263; 0,62143886; PatrolWalk
HIGH; SELF; MARRIED; 0,35000005; 0,35000005; 0,65000033; 0,52854925; 0,7662574; 0,7216044; 0,9469441; Interact
HIGH; SELF; MARRIED; 0,6000001; 0,6000001; 0,4000004; 0,019536614; 0,9752645; 0,946621; 0,7820012; Investigation
HIGH; SELF; MARRIED; 1,1175871E-08; 1,1175871E-08; 1; 0,28126436; 0,19734275; 0,47527492; 0,9984959; Idle
HIGH; SELF; MARRIED; 0,35000005; 0,35000005; 0,65000033; 0,39938694; 0,018576205; 0,030025423; 0,41208303; Aggressive
HIGH; SELF; MARRIED; 0,3; 0,3; 0,7000003; 0,9096059; 0,6815026; 0,32697684; 0,4481591; Idle
HIGH; SELF; MARRIED; 0,3166667; 0,3166667; 0,68333364; 0,6744332; 0,7591111; 0,16366059; 0,24741608; Interact
HIGH; SELF; MARRIED; 0,016666664; 0,016666664; 0,98333335; 0,6686893; 0,3805033; 0,9497569; 0,7873537; Idle
HIGH; SELF; MARRIED; 0,30000004; 0,30000004; 0,7000003; 0,8133604; 0,7439812; 0,18502516; 0,968417; Aggressive
HIGH; SELF; MARRIED; 1,1175871E-08; 1,1175871E-08; 1; 0,77134895; 0,6476563; 0,40673667; 0,85238135; Idle
HIGH; SELF; MARRIED; 1,1175871E-08; 1,1175871E-08; 1; 0,22209561; 0,21722305; 0,034682214; 0,15875304; Aggressive
HIGH; SELF; MARRIED; 0,049999997; 0,049999997; 0,95000005; 0,7923271; 0,2650758; 0,22791857; 0,26568532; Aggressive
HIGH; SELF; MARRIED; 0,3; 0,3; 0,7000003; 0,33523715; 0,36363262; 0,9325115; 0,8147941; PatrolWalk
HIGH; SELF; MARRIED; 0,30000004; 0,30000004; 0,7000003; 0,6848046; 0,35901248; 0,028024852; 0,0211159; Aggressive
HIGH; SELF; MARRIED; 0,049999997; 0,049999997; 0,95000005; 0,9993338; 0,9092844; 0,8758477; 0,47690457; Idle
HIGH; SELF; MARRIED; 0,6000001; 0,6000001; 0,4000004; 0,5340012; 0,5285914; 0,3640113; 0,17313337; Interact
HIGH; SELF; MARRIED; 0,016666664; 0,016666664; 0,98333335; 0,019679844; 0,60886693; 0,41726142; 0,39484084; Idle
HIGH; SELF; MARRIED; 0,3166667; 0,3166667; 0,68333364; 0,08765936; 0,63164675; 0,34426534; 0,5028088; PatrolWalk
HIGH; SELF; MARRIED; 1,1175871E-08; 1,1175871E-08; 1; 0,15187669; 0,175071; 0,033694208; 0,6124177; Aggressive
HIGH; SELF; MARRIED; 0,30000004; 0,30000004; 0,7000003; 0,8558346; 0,0052757263; 0,7312358; 0,017030358; PatrolWalk
HIGH; SELF; MARRIED; 0; 0; 1; 0,20051146; 0,87173706; 0,9611671; 0,57373875; Idle
HIGH; SELF; MARRIED; 0; 0; 1; 0,5339895; 0,32644928; 0,07234025; 0,6310713; Aggressive
HIGH; SELF; MARRIED; 0; 0; 1; 0,8688071; 0,1910975; 0,1702987; 0,4584865; Aggressive
HIGH; SELF; MARRIED; 1,1175871E-08; 1,1175871E-08; 1; 0,38393128; 0,584683; 0,2800079; 0,7016316; Aggressive
HIGH; SELF; MARRIED; 0,35000005; 0,35000005; 0,65000033; 0,5054685; 0,6993629; 0,8148679; 0,7414938; Interact
HIGH; SELF; MARRIED; 0,3; 0,3; 0,7000003; 0,36733395; 0,620271; 0,52757967; 0,21229827; PatrolWalk
HIGH; SELF; MARRIED; 0,3166667; 0,3166667; 0,68333364; 0,07620978; 0,42837936; 0,73625875; 0,25593418; PatrolWalk
HIGH; SELF; MARRIED; 0,016666664; 0,016666664; 0,98333335; 0,079382956; 0,077322364; 0,49262512; 0,55184513; Idle
HIGH; SELF; MARRIED; 0; 0; 1; 0,27011508; 0,9786487; 0,7357044; 0,7978953; Idle
HIGH; SELF; MARRIED; 1,1175871E-08; 1,1175871E-08; 1; 0,5436344; 0,3896497; 0,547188; 0,6201357; Idle
HIGH; SELF; MARRIED; 0,30000004; 0,30000004; 0,7000003; 0,11418337; 0,11166036; 0,036884785; 0,72645; Aggressive
HIGH; SELF; MARRIED; 0; 0; 1; 0,33167928; 0,9343781; 0,5374475; 0,24641883; Idle
HIGH; SELF; MARRIED; 0; 0; 1; 0,50464946; 0,2946735; 0,90408015; 0,21115261; Idle
HIGH; SELF; MARRIED; 0; 0; 1; 0,15385824; 0,9319552; 0,8858227; 0,27653062; Idle
HIGH; SELF; MARRIED; 0,049999997; 0,049999997; 0,95000005; 0,8893493; 0,55634373; 0,27326387; 0,9834224; Aggressive
HIGH; SELF; MARRIED; 0; 0; 1; 0,49437684; 0,2522825; 0,047775984; 0,7236581; Aggressive
HIGH; SELF; MARRIED; 0,016666664; 0,016666664; 0,98333335; 0,8355753; 0,75590086; 0,58339894; 0,43698418; Idle
HIGH; SELF; MARRIED; 0,3166667; 0,3166667; 0,68333364; 0,5723496; 0,77461666; 0,2176429; 0,6829665; Interact
HIGH; SELF; MARRIED; 0,30000004; 0,30000004; 0,7000003; 0,3085341; 0,6838176; 0,42043108; 0,21955466; PatrolWalk
HIGH; SELF; MARRIED; 0,30000004; 0,30000004; 0,7000003; 0,8196065; 0,86553335; 0,7752603; 0,27708042; PatrolWalk
HIGH; SELF; MARRIED; 1,1175871E-08; 1,1175871E-08; 1; 0,09266853; 0,30316567; 0,7664091; 0,49245858; Idle
HIGH; SELF; MARRIED; 0,30000004; 0,30000004; 0,7000003; 0,602004; 0,50061315; 0,4290219; 0,6983054; PatrolWalk
HIGH; SELF; MARRIED; 0,30000004; 0,30000004; 0,7000003; 0,055619776; 0,44130862; 0,31519783; 0,7118332; PatrolWalk
HIGH; SELF; MARRIED; 0,30000004; 0,30000004; 0,7000003; 0,27037513; 0,22158867; 0,017898142; 0,8420923; Aggressive
HIGH; SELF; MARRIED; 0; 0; 1; 0,11545545; 0,11282092; 0,7033038; 0,16081423; Idle
HIGH; SELF; MARRIED; 0; 0; 1; 0,62096536; 0,6199776; 0,25346613; 0,89912766; Aggressive
HIGH; SELF; MARRIED; 0,3166667; 0,3166667; 0,68333364; 0,9453315; 0,45785892; 0,14673948; 0,79029804; Interact
HIGH; SELF; MARRIED; 0,016666664; 0,016666664; 0,98333335; 0,032801032; 0,8483914; 0,76280427; 0,04259467; Idle
HIGH; SELF; MARRIED; 1,1175871E-08; 1,1175871E-08; 1; 0,6673676; 0,10844374; 0,4954157; 0,48185873; Idle
HIGH; SELF; MARRIED; 1,1175871E-08; 1,1175871E-08; 1; 0,7661194; 0,8541054; 0,823693; 0,2284962; Idle
HIGH; SELF; MARRIED; 0,30000004; 0,30000004; 0,7000003; 0,3551274; 0,8424633; 0,754053; 0,71971554; PatrolWalk
HIGH; SELF; MARRIED; 1,1175871E-08; 1,1175871E-08; 1; 0,8372649; 0,5007394; 0,43676573; 0,34687358; Idle
HIGH; SELF; MARRIED; 1,1175871E-08; 1,1175871E-08; 1; 0,11829662; 0,9405994; 0,9613134; 0,87436813; Idle
HIGH; SELF; MARRIED; 1,1175871E-08; 1,1175871E-08; 1; 0,37315136; 0,2808981; 0,69750226; 0,31199324; Idle
HIGH; SELF; MARRIED; 0,30000004; 0,30000004; 0,7000003; 0,30338436; 0,46636844; 0,78289425; 0,97575253; PatrolWalk
HIGH; SELF; MARRIED; 0; 0; 1; 0,8855749; 0,011974335; 0,580606; 0,291906; Idle
HIGH; SELF; MARRIED; 0; 0; 1; 0,15926188; 0,23615956; 0,15399826; 0,1839155; Aggressive
HIGH; SELF; MARRIED; 0,33333337; 0,33333337; 0,666667; 0,9572074; 0,29289556; 0,8146622; 0,54425335; Interact
HIGH; SELF; MARRIED; 0,31666672; 0,31666672; 0,68333364; 0,6700188; 0,6253397; 0,35271287; 0,7062504; Interact
HIGH; SELF; MARRIED; 0,31666672; 0,31666672; 0,68333364; 0,6187582; 0,8180969; 0,6660083; 0,8515381; Interact
HIGH; SELF; MARRIED; 0; 0; 1; 0,21543914; 0,44655424; 0,092253685; 0,59119886; Aggressive
HIGH; SELF; MARRIED; 0,31666672; 0,31666672; 0,68333364; 0,54751354; 0,3949687; 0,3208481; 0,85569876; Interact
HIGH; SELF; MARRIED; 0,31666672; 0,31666672; 0,68333364; 0,66150784; 0,19029927; 0,75963527; 0,85712814; Interact
HIGH; SELF; MARRIED; 0,31666672; 0,31666672; 0,68333364; 0,6285928; 0,11835629; 0,99023247; 0,5955446; Interact
HIGH; SELF; MARRIED; 0; 0; 1; 0,4269969; 0,9509792; 0,41912037; 0,0012770891; Idle
HIGH; SELF; MARRIED; 0,31666672; 0,31666672; 0,68333364; 0,74998534; 0,039174855; 0,3740074; 0,5726288; Interact
HIGH; SELF; MARRIED; 1; 1; 0; 0,6316244; 0,92260945; 0,1433689; 0,25030112; Interact
HIGH; SELF; MARRIED; 0; 0; 1; 0,4227088; 0,74064404; 0,34285927; 0,6478668; Idle
HIGH; SELF; MARRIED; 0,03333333; 0,03333333; 0,9666667; 0,85167843; 0,44764644; 0,5003632; 0,4502386; Idle
HIGH; SELF; MARRIED; 0,016666679; 0,016666679; 0,98333335; 0,6678023; 0,16308236; 0,89002943; 0,45634037; Idle
HIGH; SELF; MARRIED; 0,016666679; 0,016666679; 0,98333335; 0,62415963; 0,8358091; 0,8151535; 0,14867604; Idle
HIGH; SELF; MARRIED; 0; 0; 1; 0,69506496; 0,51826006; 0,24054247; 0,8771176; Aggressive
HIGH; SELF; MARRIED; 0,016666679; 0,016666679; 0,98333335; 0,64232147; 0,17621535; 0,36470526; 0,8350058; Idle
HIGH; SELF; MARRIED; 0,016666679; 0,016666679; 0,98333335; 0,06365162; 0,88852525; 0,4533834; 0,6730497; Idle
HIGH; SELF; MARRIED; 0,016666679; 0,016666679; 0,98333335; 0,031711817; 0,50809556; 0,9030741; 0,59289914; Idle
HIGH; SELF; MARRIED; 0,30000004; 0,30000004; 0,7000003; 0,9314477; 0,8068873; 0,8188164; 0,50299853; Idle
HIGH; SELF; MARRIED; 0,016666679; 0,016666679; 0,98333335; 0,8930825; 0,21407217; 0,21602088; 0,6797577; Aggressive
HIGH; SELF; MARRIED; 0,30000004; 0,30000004; 0,7000003; 0,6519421; 0,23205298; 0,2882226; 0,83593196; Aggressive
HIGH; SELF; MARRIED; 0,33333337; 0,33333337; 0,666667; 0,6072419; 0,10180241; 0,8218673; 0,5108597; Interact
HIGH; SELF; MARRIED; 0,31666672; 0,31666672; 0,68333364; 0,017071664; 0,6300896; 0,90156364; 0,7051076; PatrolWalk
HIGH; SELF; MARRIED; 0,31666672; 0,31666672; 0,68333364; 0,16913843; 0,14197886; 0,105231464; 0,28616267; Aggressive
HIGH; SELF; MARRIED; 0; 0; 1; 0,6504938; 0,70985687; 0,54385734; 0,7766567; Idle
HIGH; SELF; MARRIED; 0,31666672; 0,31666672; 0,68333364; 0,25458783; 0,4481408; 0,36714154; 0,20444787; PatrolWalk
HIGH; SELF; MARRIED; 0,31666672; 0,31666672; 0,68333364; 0,13283467; 0,72173077; 0,46796143; 0,33688217; PatrolWalk
HIGH; SELF; MARRIED; 0,31666672; 0,31666672; 0,68333364; 0,22720367; 0,20176345; 0,9396496; 0,014081061; Idle
HIGH; SELF; MARRIED; 0,6000001; 0,6000001; 0,4000004; 0,6526879; 0,63412726; 0,30751288; 0,9717693; Investigation
HIGH; SELF; MARRIED; 0; 0; 1; 0,38603634; 0,8984793; 0,93995106; 0,9423109; Idle
HIGH; SELF; MARRIED; 1,1175871E-08; 1,1175871E-08; 1; 0,8321636; 0,641033; 0,0346964; 0,5861725; Aggressive
HIGH; SELF; MARRIED; 0,03333333; 0,03333333; 0,9666667; 0,6404829; 0,3250398; 0,16906607; 0,67951643; Aggressive
HIGH; SELF; MARRIED; 0,016666679; 0,016666679; 0,98333335; 0,18849236; 0,7521925; 0,5494214; 0,2217071; Idle
HIGH; SELF; MARRIED; 0,016666679; 0,016666679; 0,98333335; 0,80998814; 0,8340757; 0,23317891; 0,58164585; Aggressive
HIGH; SELF; MARRIED; 0,30000004; 0,30000004; 0,7000003; 0,63179755; 0,36674547; 0,41052735; 0,05310285; PatrolWalk
HIGH; SELF; MARRIED; 0,016666679; 0,016666679; 0,98333335; 0,5960639; 0,99571013; 0,23420829; 0,8560305; Aggressive
HIGH; SELF; MARRIED; 0,016666679; 0,016666679; 0,98333335; 0,76500076; 0,0071939826; 0,265741; 0,21652013; Aggressive
HIGH; SELF; MARRIED; 0,61666673; 0,61666673; 0,3833337; 0,30936635; 0,4412139; 0,57441807; 0,84765416; Investigation
HIGH; SELF; MARRIED; 0,3; 0,3; 0,7000003; 0,07322836; 0,79179597; 0,5088071; 0,054775894; Idle
HIGH; SELF; MARRIED; 0,30000004; 0,30000004; 0,7000003; 0,31739098; 0,6857294; 0,9821187; 0,98061585; PatrolWalk
HIGH; SELF; MARRIED; 0; 0; 1; 0,5391735; 0,21561354; 0,04171598; 0,6145232; Aggressive
HIGH; SELF; MARRIED; 0; 0; 1; 0,03471619; 0,4212708; 0,59601146; 0,8681617; Idle
HIGH; SELF; MARRIED; 0,31666672; 0,31666672; 0,68333364; 0,40582305; 0,1635586; 0,73886263; 0,021827638; Idle
HIGH; SELF; MARRIED; 0; 0; 1; 0,8750144; 0,5685588; 0,98470336; 0,9937273; Idle
HIGH; SELF; MARRIED; 1,1175871E-08; 1,1175871E-08; 1; 0,3177182; 0,8437836; 0,44751292; 0,43477732; Idle
HIGH; SELF; MARRIED; 0; 0; 1; 0,20087689; 0,05121088; 0,87585485; 0,29711485; Idle
HIGH; SELF; MARRIED; 0; 0; 1; 0,80627257; 0,5266679; 0,052512825; 0,8430096; Aggressive
HIGH; SELF; MARRIED; 0,3166667; 0,3166667; 0,68333364; 0,100871205; 0,817368; 0,36707628; 0,38995194; PatrolWalk
HIGH; SELF; MARRIED; 0,6000001; 0,6000001; 0,4000004; 0,3530817; 0,15961254; 0,5780988; 0,30558944; Idle
HIGH; SELF; MARRIED; 1,1175871E-08; 1,1175871E-08; 1; 0,22597712; 0,5566713; 0,48393995; 0,6677785; Idle
HIGH; SELF; MARRIED; 0; 0; 1; 0,70498854; 0,4320451; 0,3758626; 0,12512863; Idle
HIGH; SELF; MARRIED; 0,30000004; 0,30000004; 0,7000003; 0,5392971; 0,798933; 0,006602168; 0,89921904; Aggressive
HIGH; SELF; MARRIED; 0,61666673; 0,61666673; 0,3833337; 0,77449507; 0,36883962; 0,00023829937; 0,0035735965; Interact
HIGH; SELF; MARRIED; 0,30000004; 0,30000004; 0,7000003; 0,096132815; 0,8395343; 0,5773609; 0,40523732; PatrolWalk
HIGH; SELF; MARRIED; 0,30000004; 0,30000004; 0,7000003; 0,15222812; 0,04353088; 0,75938976; 0,70186377; PatrolWalk
HIGH; SELF; MARRIED; 0,30000004; 0,30000004; 0,7000003; 0,8847753; 0,64179146; 0,034981847; 0,37812072; Aggressive
HIGH; SELF; MARRIED; 0; 0; 1; 0,722818; 0,5566745; 0,950918; 0,6660423; Idle
HIGH; SELF; MARRIED; 0,016666664; 0,016666664; 0,98333335; 0,84821326; 0,07068819; 0,47367328; 0,6816873; Idle
HIGH; SELF; MARRIED; 0,8999998; 0,8999998; 0,10000028; 0,29528362; 0,77610415; 0,030091465; 0,93429816; Investigation
HIGH; SELF; MARRIED; 0,30000004; 0,30000004; 0,7000003; 0,56558955; 0,66810566; 0,27132332; 0,64212126; Aggressive
HIGH; SELF; MARRIED; 0,30000004; 0,30000004; 0,7000003; 0,027872264; 0,33010495; 0,07733655; 0,43137473; Aggressive
HIGH; SELF; MARRIED; 1,1175871E-08; 1,1175871E-08; 1; 0,9509988; 0,96581066; 0,3204425; 0,6938658; Idle
HIGH; SELF; MARRIED; 0,3166667; 0,3166667; 0,68333364; 0,50697666; 0,2304706; 0,7974472; 0,22249418; Interact
HIGH; SELF; MARRIED; 1,1175871E-08; 1,1175871E-08; 1; 0,7330309; 0,40803432; 0,08039963; 0,28979135; Aggressive
HIGH; SELF; MARRIED; 1,1175871E-08; 1,1175871E-08; 1; 0,3836578; 0,90681905; 0,63459224; 0,42293465; Idle
HIGH; SELF; MARRIED; 1,1175871E-08; 1,1175871E-08; 1; 0,7309331; 0,9936363; 0,3702302; 0,58681166; Idle
HIGH; SELF; MARRIED; 0,30000004; 0,30000004; 0,7000003; 0,8561519; 0,54318273; 0,23884141; 0,25195432; Aggressive
HIGH; SELF; MARRIED; 0,3166667; 0,3166667; 0,68333364; 0,15513533; 0,92060244; 0,13792402; 0,19405526; Aggressive
HIGH; SELF; MARRIED; 0,6000001; 0,6000001; 0,4000004; 0,09474558; 0,34894043; 0,4867916; 0,85593987; Investigation
HIGH; SELF; MARRIED; 1,1175871E-08; 1,1175871E-08; 1; 0,043902814; 0,1663112; 0,1752258; 0,48532712; Aggressive
HIGH; SELF; MARRIED; 1,1175871E-08; 1,1175871E-08; 1; 0,07455665; 0,06995571; 0,51778257; 0,3988418; Idle
HIGH; SELF; MARRIED; 0,30000004; 0,30000004; 0,7000003; 0,39370257; 0,06663835; 0,6332931; 0,23503965; PatrolWalk
HIGH; SELF; MARRIED; 0,016666664; 0,016666664; 0,98333335; 0,7517294; 0,8486587; 0,8969569; 0,7175551; Idle
HIGH; SELF; MARRIED; 0; 0; 1; 0,11359763; 0,90431917; 0,48982716; 0,74435395; Idle
HIGH; SELF; MARRIED; 0,30000004; 0,30000004; 0,7000003; 0,45350307; 0,5721932; 0,90790194; 0,21156156; PatrolWalk
HIGH; SELF; MARRIED; 0,30000004; 0,30000004; 0,7000003; 0,699729; 0,36162025; 0,57020515; 0,44245505; Idle
HIGH; SELF; MARRIED; 1,1175871E-08; 1,1175871E-08; 1; 0,36156702; 0,08345437; 0,7752662; 0,3842801; Idle
HIGH; SELF; MARRIED; 0,016666664; 0,016666664; 0,98333335; 0,6381969; 0,29657924; 0,42781776; 0,004447818; Idle
HIGH; SELF; MARRIED; 0,3; 0,3; 0,7000003; 0,3306144; 0,96042275; 0,19930774; 0,31998736; Aggressive
HIGH; SELF; MARRIED; 0; 0; 1; 0,8780717; 0,70269454; 0,8512057; 0,94423753; Idle
HIGH; SELF; MARRIED; 0,30000004; 0,30000004; 0,7000003; 0,98400944; 0,7560204; 0,028177321; 0,8705153; Aggressive
HIGH; SELF; MARRIED; 1,1175871E-08; 1,1175871E-08; 1; 0,24415189; 0,8506934; 0,39696014; 0,2660445; Idle
HIGH; SELF; MARRIED; 0,3166667; 0,3166667; 0,68333364; 0,09915465; 0,5728174; 0,5897899; 0,37024754; Idle
HIGH; SELF; MARRIED; 0,30000004; 0,30000004; 0,7000003; 0,8382673; 0,9032572; 0,6983404; 0,88467336; PatrolWalk
HIGH; SELF; MARRIED; 1,1175871E-08; 1,1175871E-08; 1; 0,45262563; 0,10291064; 0,12138224; 0,612083; Aggressive
HIGH; SELF; MARRIED; 0,6000001; 0,6000001; 0,4000004; 0,59293884; 0,537838; 0,59952563; 0,35169768; Interact
HIGH; SELF; MARRIED; 0,30000004; 0,30000004; 0,7000003; 0,5917575; 0,48834682; 0,62932676; 0,12505728; Idle
HIGH; SELF; MARRIED; 0,3166667; 0,3166667; 0,68333364; 0,8003011; 0,5258923; 0,055689156; 0,9543389; Interact
HIGH; SELF; MARRIED; 0; 0; 1; 0,18179035; 0,28162158; 0,022179842; 0,7027767; Aggressive
HIGH; SELF; MARRIED; 0,30000004; 0,30000004; 0,7000003; 0,053135097; 0,7093293; 0,46772206; 0,26079297; Idle
HIGH; SELF; MARRIED; 0; 0; 1; 0,81524014; 0,05014044; 0,77701724; 0,8351992; Idle
HIGH; SELF; MARRIED; 0,31666672; 0,31666672; 0,68333364; 0,5671422; 0,05186844; 0,63105214; 0,10040295; Interact
HIGH; SELF; MARRIED; 0,6333334; 0,6333334; 0,36666703; 0,61682636; 0,45917898; 0,35591918; 0,31311303; Interact
HIGH; SELF; MARRIED; 0; 0; 1; 0,07748079; 0,6009574; 0,33498698; 0,73038113; Idle
HIGH; SELF; MARRIED; 0; 0; 1; 0,041487932; 0,813912; 0,11704075; 0,16933584; Aggressive
HIGH; SELF; MARRIED; 0,28333333; 0,28333333; 0,71666694; 0,6189529; 0,844224; 0,7181883; 0,5534915; Idle
HIGH; SELF; MARRIED; 0,61666673; 0,61666673; 0,3833337; 0,74072796; 0,0815739; 0,6240552; 0,3248846; Interact
HIGH; SELF; MARRIED; 0; 0; 1; 0,5311257; 0,9198596; 0,8061273; 0,033450663; Idle
HIGH; SELF; MARRIED; 0; 0; 1; 0,42095453; 0,47202557; 0,9107377; 0,06461096; Idle
HIGH; SELF; MARRIED; 0,61666673; 0,61666673; 0,3833337; 0,80102706; 0,50622755; 0,2155534; 0,26588023; Interact
HIGH; SELF; MARRIED; 0,30000004; 0,30000004; 0,7000003; 0,4323207; 0,39108646; 0,8603749; 0,45672828; PatrolWalk
HIGH; SELF; MARRIED; 0,016666679; 0,016666679; 0,98333335; 0,2739334; 0,82835394; 0,25572276; 0,39653206; Aggressive
HIGH; SELF; MARRIED; 0,33333337; 0,33333337; 0,666667; 0,82896113; 0,46922553; 0,8624465; 0,103558004; Interact
HIGH; SELF; MARRIED; 0,30000004; 0,30000004; 0,7000003; 0,7783126; 0,63902473; 0,8780469; 0,4812773; Idle
HIGH; SELF; MARRIED; 0; 0; 1; 0,09960115; 0,30676484; 0,17403656; 0,38320273; Aggressive
HIGH; SELF; MARRIED; 0,58333343; 0,58333343; 0,41666707; 0,19783992; 0,85406286; 0,023595154; 0,3877892; Aggressive
HIGH; SELF; MARRIED; 0,3166667; 0,3166667; 0,68333364; 0,88287723; 0,77201796; 0,5677431; 0,33070195; Interact
HIGH; SELF; MARRIED; 0,30000004; 0,30000004; 0,7000003; 0,16018927; 0,99043494; 0,13769794; 0,48778427; Aggressive
HIGH; SELF; MARRIED; 0,30000004; 0,30000004; 0,7000003; 0,5110697; 0,14696532; 0,668542; 0,7030903; PatrolWalk
HIGH; SELF; MARRIED; 0,3166667; 0,3166667; 0,68333364; 0,042627037; 0,89138645; 0,6645779; 0,36681587; PatrolWalk
HIGH; SELF; MARRIED; 0; 0; 1; 0,5825106; 0,8496579; 0,6548279; 0,66705865; Idle
HIGH; SELF; MARRIED; 1,1175871E-08; 1,1175871E-08; 1; 0,21142918; 0,764691; 0,45752126; 0,4632941; Idle
HIGH; SELF; MARRIED; 0; 0; 1; 0,8232728; 0,10876185; 0,9364984; 0,5973734; Idle
HIGH; SELF; MARRIED; 0,03333333; 0,03333333; 0,9666667; 0,3460564; 0,5142516; 0,70751226; 0,10037297; Idle
HIGH; SELF; MARRIED; 0,6000001; 0,6000001; 0,4000004; 0,26943982; 0,83702004; 0,6951503; 0,69914776; Investigation
HIGH; SELF; MARRIED; 0; 0; 1; 0,9038611; 0,6707079; 0,6760425; 0,9152869; Idle
HIGH; SELF; MARRIED; 0,28333333; 0,28333333; 0,71666694; 0,7117434; 0,17787242; 0,069444776; 0,12778085; Aggressive
HIGH; SELF; MARRIED; 0,016666664; 0,016666664; 0,98333335; 0,5851964; 0,58831567; 0,52755743; 0,69743; Idle
HIGH; SELF; MARRIED; 1,1175871E-08; 1,1175871E-08; 1; 0,074995816; 0,33109015; 0,7891727; 0,11782706; Idle
HIGH; SELF; MARRIED; 1,1175871E-08; 1,1175871E-08; 1; 0,6891954; 0,015308082; 0,10618055; 0,093298316; Aggressive
HIGH; SELF; MARRIED; 0,016666664; 0,016666664; 0,98333335; 0,06390542; 0,094334364; 0,5147458; 0,19315612; Idle
HIGH; SELF; MARRIED; 0,30000004; 0,30000004; 0,7000003; 0,1192565; 0,25653982; 0,95650244; 0,7564667; Idle
HIGH; SELF; MARRIED; 0,30000004; 0,30000004; 0,7000003; 0,9750433; 0,25075537; 0,30575007; 0,81826013; Idle
HIGH; SELF; MARRIED; 0,33333337; 0,33333337; 0,666667; 0,081303895; 0,82214874; 0,08628452; 0,69413656; Aggressive
HIGH; SELF; MARRIED; 0,3; 0,3; 0,7000003; 0,54379255; 0,7666519; 0,38164377; 0,57247883; PatrolWalk
HIGH; SELF; MARRIED; 0,30000004; 0,30000004; 0,7000003; 0,014010549; 0,89678186; 0,12179273; 0,99857885; Aggressive
HIGH; SELF; MARRIED; 0; 0; 1; 0,338884; 0,14402026; 0,38478476; 0,24749255; Idle
HIGH; SELF; MARRIED; 0,3166667; 0,3166667; 0,68333364; 0,84423435; 0,90531313; 0,6627222; 0,28502822; Interact
HIGH; SELF; MARRIED; 0,30000004; 0,30000004; 0,7000003; 0,43689865; 0,5168895; 0,14288777; 0,21935385; Aggressive
HIGH; SELF; MARRIED; 0; 0; 1; 0,6151127; 0,19449586; 0,62148446; 0,86778045; Idle
HIGH; SELF; MARRIED; 0,3166667; 0,3166667; 0,68333364; 0,5202337; 0,7446388; 0,31223387; 0,20578587; Interact
HIGH; SELF; MARRIED; 0,6000001; 0,6000001; 0,4000004; 0,8117523; 0,5553664; 0,93848586; 0,72899085; Investigation
HIGH; SELF; MARRIED; 0,6000001; 0,6000001; 0,4000004; 0,13943148; 0,67946726; 0,22515595; 0,72664434; Investigation
HIGH; SELF; MARRIED; 0,03333333; 0,03333333; 0,9666667; 0,65834165; 0,94759995; 0,5797673; 0,075211346; Idle
HIGH; SELF; MARRIED; 0; 0; 1; 0,6454377; 0,30081028; 0,6340596; 0,0010685921; Idle
HIGH; SELF; MARRIED; 1,1175871E-08; 1,1175871E-08; 1; 0,24189645; 0,89509046; 0,41789562; 0,5839119; Idle
HIGH; SELF; MARRIED; 0,30000004; 0,30000004; 0,7000003; 0,56817603; 0,8696306; 0,1276055; 0,053845406; Aggressive
HIGH; SELF; MARRIED; 0,016666664; 0,016666664; 0,98333335; 0,3025751; 0,7578297; 0,03651774; 0,5248911; Aggressive
HIGH; SELF; MARRIED; 1,1175871E-08; 1,1175871E-08; 1; 0,50665265; 0,8135491; 0,2506314; 0,4941306; Aggressive
HIGH; SELF; MARRIED; 0,30000004; 0,30000004; 0,7000003; 0,8720764; 0,093253195; 0,35104197; 0,79467565; PatrolWalk
HIGH; SELF; MARRIED; 0,016666664; 0,016666664; 0,98333335; 0,5634687; 0,29067427; 0,29671085; 0,43349254; Aggressive
HIGH; SELF; MARRIED; 0,3; 0,3; 0,7000003; 0,29361594; 0,1834256; 0,97680265; 0,44415426; Idle
HIGH; SELF; MARRIED; 0,3; 0,3; 0,7000003; 0,7444079; 0,118982136; 0,45369613; 0,37712896; PatrolWalk
HIGH; SELF; MARRIED; 0,33333337; 0,33333337; 0,666667; 0,30692697; 0,28561616; 0,4340468; 0,42812192; Idle
HIGH; SELF; MARRIED; 0,30000004; 0,30000004; 0,7000003; 0,3535053; 0,8091316; 0,8578271; 0,15002322; Idle
HIGH; SELF; MARRIED; 0,30000004; 0,30000004; 0,7000003; 0,2519228; 0,5361869; 0,8343205; 0,022271872; Idle
HIGH; SELF; MARRIED; 1,1175871E-08; 1,1175871E-08; 1; 0,8107685; 0,8300143; 0,61750585; 0,14165318; Idle
HIGH; SELF; MARRIED; 0; 0; 1; 0,10849613; 0,23561305; 0,32921016; 0,29801124; Idle
HIGH; SELF; MARRIED; 0; 0; 1; 0,059435666; 0,7889516; 0,7548838; 0,839683; Idle
HIGH; SELF; MARRIED; 1,1175871E-08; 1,1175871E-08; 1; 0,13384664; 0,37511235; 0,44026417; 0,15805197; Idle
HIGH; SELF; MARRIED; 0; 0; 1; 0,14494604; 0,9176069; 0,025890946; 0,009122074; Aggressive
HIGH; SELF; MARRIED; 0,6000001; 0,6000001; 0,4000004; 0,8021102; 0,3672229; 0,65979314; 0,47059822; Interact
HIGH; SELF; MARRIED; 0; 0; 1; 0,17153907; 0,367099; 0,78588814; 0,48354727; Idle
HIGH; SELF; MARRIED; 0,6333334; 0,6333334; 0,36666703; 0,730206; 0,5120289; 0,7028656; 0,8306802; Investigation
HIGH; SELF; MARRIED; 0,6000001; 0,6000001; 0,4000004; 0,86837065; 0,29999596; 0,9747184; 0,9368965; Investigation
HIGH; SELF; MARRIED; 0,6000001; 0,6000001; 0,4000004; 0,14708596; 0,92265874; 0,5062246; 0,9286662; Investigation
HIGH; SELF; MARRIED; 0,30000004; 0,30000004; 0,7000003; 0,6705038; 0,16363484; 0,3269924; 0,99882436; PatrolWalk
HIGH; SELF; MARRIED; 0,30000004; 0,30000004; 0,7000003; 0,55063134; 0,5495581; 0,66808885; 0,17795289; Idle
HIGH; SELF; MARRIED; 0,30000004; 0,30000004; 0,7000003; 0,07879698; 0,7916376; 0,68030554; 0,7090736; Idle
HIGH; SELF; MARRIED; 0,30000004; 0,30000004; 0,7000003; 0,11524671; 0,44366997; 0,40420806; 0,28278196; Idle
HIGH; SELF; MARRIED; 0; 0; 1; 0,0882262; 0,7194169; 0,0036097765; 0,103624284; Aggressive
HIGH; SELF; MARRIED; 0,28333333; 0,28333333; 0,71666694; 0,68731445; 0,4773618; 0,8519196; 0,35182387; PatrolWalk
HIGH; SELF; MARRIED; 0,31666672; 0,31666672; 0,68333364; 0,94088185; 0,77479947; 0,2163369; 0,36010528; Interact
HIGH; SELF; MARRIED; 0,3166667; 0,3166667; 0,68333364; 0,52550304; 0,09023118; 0,710797; 0,02352804; Interact
HIGH; SELF; MARRIED; 0,28333333; 0,28333333; 0,71666694; 0,77166027; 0,18509412; 0,27972877; 0,91309977; Aggressive
HIGH; SELF; MARRIED; 0,28333333; 0,28333333; 0,71666694; 0,7592271; 0,8263469; 0,65877384; 0,71710443; Idle
HIGH; SELF; MARRIED; 0; 0; 1; 0,69097674; 0,9305811; 0,14975679; 0,77961105; Aggressive
HIGH; SELF; MARRIED; 0,61666673; 0,61666673; 0,3833337; 0,34214354; 0,33543628; 0,35779613; 0,33112365; Idle
HIGH; SELF; MARRIED; 0,61666673; 0,61666673; 0,3833337; 0,6311042; 0,98434836; 0,4339713; 0,19938993; Interact
HIGH; SELF; MARRIED; 0,61666673; 0,61666673; 0,3833337; 0,06731814; 0,54811156; 0,5798563; 0,4596293; Idle
HIGH; SELF; MARRIED; 0; 0; 1; 0,5918826; 0,89432484; 0,80880046; 0,5788545; Idle
HIGH; SELF; MARRIED; 0; 0; 1; 0,4373234; 0,7882935; 0,65961516; 0,077361226; Idle
HIGH; SELF; MARRIED; 0,016666679; 0,016666679; 0,98333335; 0,942069; 0,011331022; 0,5575454; 0,116490364; Idle
HIGH; SELF; MARRIED; 0,016666664; 0,016666664; 0,98333335; 0,779663; 0,40087867; 0,51081836; 0,11523992; Idle
HIGH; SELF; MARRIED; 0; 0; 1; 0,49627286; 0,5734461; 0,48453146; 0,76689225; Idle
HIGH; SELF; MARRIED; 0,58333343; 0,58333343; 0,41666707; 0,38430882; 0,5915288; 0,11761433; 0,46154207; Aggressive
HIGH; SELF; MARRIED; 0; 0; 1; 0,8413419; 0,3947053; 0,45237643; 0,9044109; Idle
HIGH; SELF; MARRIED; 0,91666645; 0,91666645; 0,08333361; 0,9171907; 0,12353027; 0,23099154; 0,08985019; Interact
HIGH; SELF; MARRIED; 0,3166667; 0,3166667; 0,68333364; 0,88689977; 0,9761357; 0,9614882; 0,9241192; Interact
HIGH; SELF; MARRIED; 0,91666645; 0,91666645; 0,08333361; 0,28861564; 0,42337698; 0,61366695; 0,5627767; Idle
HIGH; SELF; MARRIED; 0,30000004; 0,30000004; 0,7000003; 0,798577; 0,8080752; 0,15711957; 0,38591498; Aggressive
HIGH; SELF; MARRIED; 0,30000004; 0,30000004; 0,7000003; 0,99120694; 0,6135414; 0,50320005; 0,0316965; PatrolWalk
HIGH; SELF; MARRIED; 0,31666672; 0,31666672; 0,68333364; 0,65892917; 0,06437743; 0,029018223; 0,22458827; Interact
HIGH; SELF; MARRIED; 0,3166667; 0,3166667; 0,68333364; 0,23883307; 0,284014; 0,982721; 0,5102827; PatrolWalk
HIGH; SELF; MARRIED; 0,30000004; 0,30000004; 0,7000003; 0,59837604; 0,7634353; 0,03479731; 0,70128685; Aggressive
HIGH; SELF; MARRIED; 0,28333333; 0,28333333; 0,71666694; 0,8251187; 0,7909004; 0,030706465; 0,7459171; Aggressive
HIGH; SELF; MARRIED; 0,30000004; 0,30000004; 0,7000003; 0,49690855; 0,10879058; 0,1604175; 0,59237754; Aggressive
HIGH; SELF; MARRIED; 0,61666673; 0,61666673; 0,3833337; 0,45767832; 0,8796002; 0,9353691; 0,18870157; Idle
HIGH; SELF; MARRIED; 0,016666664; 0,016666664; 0,98333335; 0,9353542; 0,19567966; 0,41742837; 0,55063426; Idle
HIGH; SELF; MARRIED; 1; 1; 0; 0,5271086; 0,3606106; 0,032304585; 0,23016435; Interact
HIGH; SELF; MARRIED; 1,1175871E-08; 1,1175871E-08; 1; 0,7527282; 0,009948254; 0,73082155; 0,93463206; Idle
HIGH; SELF; MARRIED; 1,1175871E-08; 1,1175871E-08; 1; 0,22792631; 0,6187545; 0,65144104; 0,77588594; Idle
HIGH; SELF; MARRIED; 0,016666679; 0,016666679; 0,98333335; 0,77350104; 0,20333016; 0,08228564; 0,9989713; Aggressive
HIGH; SELF; MARRIED; 0,016666664; 0,016666664; 0,98333335; 0,5329962; 0,4209289; 0,3466786; 0,41126448; Idle
HIGH; SELF; MARRIED; 1,1175871E-08; 1,1175871E-08; 1; 0,19051886; 0,0849303; 0,4680174; 0,67188305; Idle
HIGH; SELF; MARRIED; 0; 0; 1; 0,6900314; 0,05184394; 0,957901; 0,9656491; Idle
HIGH; SELF; MARRIED; 1,1175871E-08; 1,1175871E-08; 1; 0,6655803; 0,015044808; 0,20194918; 0,8124043; Aggressive
HIGH; SELF; MARRIED; 0,91666645; 0,91666645; 0,08333361; 0,6937785; 0,62329036; 0,98545414; 0,48917603; Interact
HIGH; SELF; MARRIED; 0,3166667; 0,3166667; 0,68333364; 0,16838443; 0,873202; 0,31354624; 0,30404848; Idle
HIGH; SELF; MARRIED; 0,7000003; 0,7000003; 0,30000004; 0,67187756; 0,36325324; 0,15810102; 0,9750947; Investigation
HIGH; SELF; MARRIED; 0,30000004; 0,30000004; 0,7000003; 0,3590346; 0,665885; 0,94852835; 0,19856149; PatrolWalk
HIGH; SELF; MARRIED; 0,30000004; 0,30000004; 0,7000003; 0,32564092; 0,18316942; 0,8461893; 0,49375498; PatrolWalk
HIGH; SELF; MARRIED; 0; 0; 1; 0,764724; 0,62294114; 0,51935637; 0,6972875; Idle
HIGH; SELF; MARRIED; 0,3166667; 0,3166667; 0,68333364; 0,31188965; 0,17938364; 0,3527323; 0,54283786; PatrolWalk
HIGH; SELF; MARRIED; 0,30000004; 0,30000004; 0,7000003; 0,19385809; 0,013955057; 0,2559179; 0,2301864; Aggressive
HIGH; SELF; MARRIED; 0,30000004; 0,30000004; 0,7000003; 0,8623116; 0,22485858; 0,7335492; 0,1565457; Idle
HIGH; SELF; MARRIED; 0; 0; 1; 0,91789496; 0,09260124; 0,33715886; 0,075084865; Idle
HIGH; SELF; MARRIED; 0,61666673; 0,61666673; 0,3833337; 0,95297134; 0,48289037; 0,7680638; 0,32284367; Interact
HIGH; SELF; MARRIED; 0,61666673; 0,61666673; 0,3833337; 0,011210084; 0,4421916; 0,3569867; 0,41252512; PatrolWalk
HIGH; SELF; MARRIED; 0,4000004; 0,4000004; 0,6000001; 0,35775155; 0,27677578; 0,44328552; 0,28740132; PatrolWalk
HIGH; SELF; MARRIED; 1,1175871E-08; 1,1175871E-08; 1; 0,8936794; 0,065892935; 0,89083254; 0,19834816; Idle
HIGH; SELF; MARRIED; 1; 1; 0; 0,6375131; 0,07223129; 0,9682993; 0,7173145; Investigation
HIGH; SELF; MARRIED; 1,1175871E-08; 1,1175871E-08; 1; 0,18029463; 0,45318067; 0,31488907; 0,8195647; Idle
HIGH; SELF; MARRIED; 0,30000004; 0,30000004; 0,7000003; 0,28367746; 0,8663213; 0,16282856; 0,57268393; Aggressive
HIGH; SELF; MARRIED; 0,016666664; 0,016666664; 0,98333335; 0,23593229; 0,75757265; 0,7054906; 0,7620563; Idle
HIGH; SELF; MARRIED; 1,1175871E-08; 1,1175871E-08; 1; 0,9433605; 0,40882283; 0,6501811; 0,10832018; Idle
HIGH; SELF; MARRIED; 0,6000001; 0,6000001; 0,4000004; 0,775501; 0,9611333; 0,46040934; 0,63375056; Investigation
HIGH; SELF; MARRIED; 0,30000004; 0,30000004; 0,7000003; 0,15941101; 0,94087064; 0,21086287; 0,51399577; Aggressive
HIGH; SELF; MARRIED; 0,3166667; 0,3166667; 0,68333364; 0,012806535; 0,86342305; 0,76408213; 0,100029886; PatrolWalk
HIGH; SELF; MARRIED; 0,3166667; 0,3166667; 0,68333364; 0,7421715; 0,9163511; 0,5005997; 0,86735785; Interact
HIGH; SELF; MARRIED; 0,10000028; 0,10000028; 0,8999998; 0,32685477; 0,23061746; 0,4893543; 0,00561285; Idle
HIGH; SELF; MARRIED; 0,30000004; 0,30000004; 0,7000003; 0,06370187; 0,5821194; 0,019112766; 0,5725005; Aggressive
HIGH; SELF; MARRIED; 0,30000004; 0,30000004; 0,7000003; 0,019771695; 0,15232688; 0,9866218; 0,16288239; Idle
HIGH; SELF; MARRIED; 1,1175871E-08; 1,1175871E-08; 1; 0,33270252; 0,7693011; 0,5448014; 0,98263097; Idle
HIGH; SELF; MARRIED; 0,3166667; 0,3166667; 0,68333364; 0,58214945; 0,6604474; 0,50963664; 0,48133522; Interact
HIGH; SELF; MARRIED; 0,30000004; 0,30000004; 0,7000003; 0,84688365; 0,32705837; 0,48510188; 0,64857024; Idle
HIGH; SELF; MARRIED; 0,3; 0,3; 0,7000003; 0,8111064; 0,50998646; 0,8415325; 0,8188489; PatrolWalk
HIGH; SELF; MARRIED; 1,1175871E-08; 1,1175871E-08; 1; 0,071371436; 0,30674827; 0,57661164; 0,869325; Idle
HIGH; SELF; MARRIED; 0,016666664; 0,016666664; 0,98333335; 0,22107399; 0,6681449; 0,5575601; 0,89212644; Idle
HIGH; SELF; MARRIED; 0,016666664; 0,016666664; 0,98333335; 0,42654538; 0,00123173; 0,0369128; 0,5336204; Aggressive
HIGH; SELF; MARRIED; 0,4000004; 0,4000004; 0,6000001; 0,8641452; 0,62778544; 0,20934248; 0,3632264; Interact
HIGH; SELF; MARRIED; 1,1175871E-08; 1,1175871E-08; 1; 0,6128914; 0,52902204; 0,63843447; 0,46493536; Idle
HIGH; SELF; MARRIED; 0,6000001; 0,6000001; 0,4000004; 0,080441535; 0,9306696; 0,10742015; 0,7992008; Investigation
HIGH; SELF; MARRIED; 0,30000004; 0,30000004; 0,7000003; 0,4717223; 0,63669246; 0,39249027; 0,34990066; Idle
HIGH; SELF; MARRIED; 0,016666664; 0,016666664; 0,98333335; 0,92578596; 0,8900907; 0,46960855; 0,71045226; Idle
HIGH; SELF; MARRIED; 0,6000001; 0,6000001; 0,4000004; 0,19031799; 0,6490281; 0,18373144; 0,39754915; Aggressive
HIGH; SELF; MARRIED; 0; 0; 1; 0,60969085; 0,7664088; 0,2788731; 0,9449287; Aggressive
HIGH; SELF; MARRIED; 0,30000004; 0,30000004; 0,7000003; 0,75384253; 0,9219601; 0,28745502; 0,6090028; Aggressive
HIGH; SELF; MARRIED; 0,3166667; 0,3166667; 0,68333364; 0,36608493; 0,6332132; 0,57871425; 0,4471445; PatrolWalk
HIGH; SELF; MARRIED; 0; 0; 1; 0,44459343; 0,08646113; 0,73636514; 0,6023498; Idle
HIGH; SELF; MARRIED; 0,10000028; 0,10000028; 0,8999998; 0,6585254; 0,60872316; 0,90860444; 0,8681551; Idle
HIGH; SELF; MARRIED; 0,30000004; 0,30000004; 0,7000003; 0,89660084; 0,86505836; 0,16672754; 0,25669962; Aggressive
HIGH; SELF; MARRIED; 0,3; 0,3; 0,7000003; 0,48263407; 0,9962555; 0,496342; 0,8426074; PatrolWalk
HIGH; SELF; MARRIED; 0,6000001; 0,6000001; 0,4000004; 0,25908434; 0,07820243; 0,3516565; 0,09103906; PatrolWalk
HIGH; SELF; MARRIED; 0,3166667; 0,3166667; 0,68333364; 0,8568861; 0,9351443; 0,85835046; 0,5716202; Interact
HIGH; SELF; MARRIED; 0,3; 0,3; 0,7000003; 0,9826374; 0,27961743; 0,8746687; 0,8396306; PatrolWalk
HIGH; SELF; MARRIED; 0; 0; 1; 0,6113115; 0,88550496; 0,2593457; 0,76359326; Aggressive
HIGH; SELF; MARRIED; 1,1175871E-08; 1,1175871E-08; 1; 0,90714854; 0,7149022; 0,9251744; 0,40480477; Idle
HIGH; SELF; MARRIED; 0,016666664; 0,016666664; 0,98333335; 0,03878343; 0,675943; 0,70624065; 0,33181536; Idle
HIGH; SELF; MARRIED; 0,30000004; 0,30000004; 0,7000003; 0,24007589; 0,79477674; 0,29796696; 0,31804353; Aggressive
HIGH; SELF; MARRIED; 0,4000004; 0,4000004; 0,6000001; 0,15282947; 0,52248424; 0,3352226; 0,6079174; Investigation
HIGH; SELF; MARRIED; 1,1175871E-08; 1,1175871E-08; 1; 0,7425389; 0,5224017; 0,15491247; 0,2682842; Aggressive
HIGH; SELF; MARRIED; 0; 0; 1; 0,6563324; 0,691477; 0,74525726; 0,8909929; Idle
HIGH; SELF; MARRIED; 0,3; 0,3; 0,7000003; 0,95160764; 0,51784414; 0,8612652; 0,19345272; PatrolWalk
HIGH; SELF; MARRIED; 0,016666664; 0,016666664; 0,98333335; 0,06324506; 0,3126983; 0,3521989; 0,24339455; Idle
HIGH; SELF; MARRIED; 0; 0; 1; 0,029469669; 0,9835571; 0,68573576; 0,046213627; Idle
HIGH; SELF; MARRIED; 0; 0; 1; 0,48292792; 0,9552899; 0,26750308; 0,04856938; Aggressive
HIGH; SELF; MARRIED; 0,30000004; 0,30000004; 0,7000003; 0,27720743; 0,9259215; 0,09125489; 0,35418248; Aggressive
HIGH; SELF; MARRIED; 0,3166667; 0,3166667; 0,68333364; 0,20967734; 0,7633437; 0,52380085; 0,53305465; Idle
HIGH; SELF; MARRIED; 1,1175871E-08; 1,1175871E-08; 1; 0,36012942; 0,77368575; 0,15549427; 0,35778838; Aggressive
HIGH; SELF; MARRIED; 0,10000028; 0,10000028; 0,8999998; 0,15798509; 0,31997883; 0,63970613; 0,650266; Idle
HIGH; SELF; MARRIED; 0; 0; 1; 0,23030621; 0,4014151; 0,8067288; 0,93434507; Idle
HIGH; SELF; MARRIED; 0,31666672; 0,31666672; 0,68333364; 0,103372455; 0,14265239; 0,6626872; 0,2870744; PatrolWalk
HIGH; SELF; MARRIED; 0; 0; 1; 0,52663344; 0,5510975; 0,8264265; 0,5120904; Idle
HIGH; SELF; MARRIED; 0,33333337; 0,33333337; 0,666667; 0,020392; 0,31187958; 0,9819997; 0,47198564; Idle
HIGH; SELF; MARRIED; 0,31666672; 0,31666672; 0,68333364; 0,054742754; 0,5093216; 0,12512803; 0,09259504; Aggressive
HIGH; SELF; MARRIED; 0; 0; 1; 0,06194842; 0,4701026; 0,98124266; 0,9188979; Idle
HIGH; SELF; MARRIED; 0; 0; 1; 0,9356685; 0,6348257; 0,27625388; 0,5569082; Aggressive
HIGH; SELF; MARRIED; 0,6333334; 0,6333334; 0,36666703; 0,15416127; 0,82807404; 0,14128041; 0,35166264; Aggressive
HIGH; SELF; MARRIED; 0; 0; 1; 0,2052139; 0,05494523; 0,39748096; 0,9604299; Idle
HIGH; SELF; MARRIED; 0,41666707; 0,41666707; 0,58333343; 0,9967442; 0,8548027; 0,88146645; 0,21330237; Interact
HIGH; SELF; MARRIED; 0,31666672; 0,31666672; 0,68333364; 0,5104085; 0,119901896; 0,7018778; 0,6675048; Interact
HIGH; SELF; MARRIED; 0,016666679; 0,016666679; 0,98333335; 0,5341231; 0,068639696; 0,8097038; 0,07087582; Idle
HIGH; SELF; MARRIED; 0,30000004; 0,30000004; 0,7000003; 0,20111072; 0,57440335; 0,73178804; 0,8299481; PatrolWalk
HIGH; SELF; MARRIED; 0,6333334; 0,6333334; 0,36666703; 0,95611215; 0,93150145; 0,4212219; 0,67493355; Investigation
HIGH; SELF; MARRIED; 0,016666679; 0,016666679; 0,98333335; 0,057329893; 0,62747717; 0,8153949; 0,3529939; Idle
HIGH; SELF; MARRIED; 0,30000004; 0,30000004; 0,7000003; 0,036850095; 0,48173523; 0,17648965; 0,25212955; Aggressive
HIGH; SELF; MARRIED; 0; 0; 1; 0,8774306; 0,73101664; 0,595041; 0,008310378; Idle
HIGH; SELF; MARRIED; 0,33333337; 0,33333337; 0,666667; 0,86895734; 0,6546459; 0,1589824; 0,4510644; Interact
HIGH; SELF; MARRIED; 0,30000004; 0,30000004; 0,7000003; 0,8297947; 0,10467386; 0,8929073; 0,2092222; PatrolWalk
HIGH; SELF; MARRIED; 0,11666694; 0,11666694; 0,88333315; 0,37513828; 0,39815032; 0,9126543; 0,7513136; Idle
HIGH; SELF; MARRIED; 0,016666679; 0,016666679; 0,98333335; 0,9733993; 0,06731403; 0,8494491; 0,42141688; Idle
HIGH; SELF; MARRIED; 0,31666672; 0,31666672; 0,68333364; 0,8529727; 0,9157638; 0,93891937; 0,41095656; Interact
HIGH; SELF; MARRIED; 1,1175871E-08; 1,1175871E-08; 1; 0,039812267; 0,9406768; 0,76854074; 0,3954258; Idle
HIGH; SELF; MARRIED; 0,33333337; 0,33333337; 0,666667; 0,8977774; 0,21518284; 0,08383757; 0,28392702; Interact
HIGH; SELF; MARRIED; 0,31666672; 0,31666672; 0,68333364; 0,20860744; 0,10511607; 0,77258253; 0,7016876; Idle
HIGH; SELF; MARRIED; 1,1175871E-08; 1,1175871E-08; 1; 0,99072504; 0,787077; 0,36594278; 0,9902553; Idle
HIGH; SELF; MARRIED; 0,30000004; 0,30000004; 0,7000003; 0,6581033; 0,18950576; 0,98289055; 0,66407794; Idle
HIGH; SELF; MARRIED; 0,03333333; 0,03333333; 0,9666667; 0,46335655; 0,65873986; 0,73285496; 0,8013309; Idle
HIGH; SELF; MARRIED; 1,1175871E-08; 1,1175871E-08; 1; 0,5760851; 0,63239694; 0,15992278; 0,52949655; Aggressive
HIGH; SELF; MARRIED; 0,41666707; 0,41666707; 0,58333343; 0,8156115; 0,2822665; 0,55718005; 0,23557973; Interact
HIGH; SELF; MARRIED; 0,31666672; 0,31666672; 0,68333364; 0,60315037; 0,9036586; 0,22554249; 0,116617024; Interact
HIGH; SELF; MARRIED; 0,016666679; 0,016666679; 0,98333335; 0,09016693; 0,9515026; 0,85424864; 0,26803046; Idle
HIGH; SELF; MARRIED; 0,30000004; 0,30000004; 0,7000003; 0,5528183; 0,9825084; 0,20842427; 0,42505962; Aggressive
HIGH; SELF; MARRIED; 0,03333333; 0,03333333; 0,9666667; 0,44933426; 0,8115609; 0,21917498; 0,22360641; Aggressive
HIGH; SELF; MARRIED; 0,61666673; 0,61666673; 0,3833337; 0,5020099; 0,2614435; 0,48447657; 0,6398554; Investigation
HIGH; SELF; MARRIED; 0,30000004; 0,30000004; 0,7000003; 0,008645654; 0,577445; 0,78291917; 0,6279676; Idle
HIGH; SELF; MARRIED; 0,6000001; 0,6000001; 0,4000004; 0,04821384; 0,6986499; 0,9757543; 0,7964079; Investigation
HIGH; SELF; MARRIED; 0,33333337; 0,33333337; 0,666667; 0,098665655; 0,8428384; 0,122985244; 0,7849412; Aggressive
HIGH; SELF; MARRIED; 0; 0; 1; 0,28764248; 0,89159477; 0,4923663; 0,9254327; Idle
HIGH; SELF; MARRIED; 0,11666694; 0,11666694; 0,88333315; 0,64764863; 0,80912334; 0,3334834; 0,25083435; Idle
HIGH; SELF; MARRIED; 0,016666679; 0,016666679; 0,98333335; 0,14336675; 0,24280435; 0,5286354; 0,87636334; Idle
HIGH; SELF; MARRIED; 0,31666672; 0,31666672; 0,68333364; 0,10716051; 0,53886366; 0,26893932; 0,53927886; Aggressive
HIGH; SELF; MARRIED; 1,1175871E-08; 1,1175871E-08; 1; 0,46944708; 0,080717504; 0,5624745; 0,27660048; Idle
HIGH; SELF; MARRIED; 0; 0; 1; 0,67232865; 0,65367734; 0,31264317; 0,13809639; Idle
HIGH; SELF; MARRIED; 0,3166667; 0,3166667; 0,68333364; 0,39269823; 0,23983514; 0,7077537; 0,85138005; Idle
HIGH; SELF; MARRIED; 0,6000001; 0,6000001; 0,4000004; 0,51375943; 0,73057425; 0,5713817; 0,3333305; Interact
HIGH; SELF; MARRIED; 0,3; 0,3; 0,7000003; 0,33407497; 0,72561866; 0,057115078; 0,60067844; Aggressive
HIGH; SELF; MARRIED; 0,03333333; 0,03333333; 0,9666667; 0,09464103; 0,37031627; 0,25146866; 0,42169905; Aggressive
HIGH; SELF; MARRIED; 0,30000004; 0,30000004; 0,7000003; 0,48469818; 0,8369459; 0,18448234; 0,009348094; Aggressive
HIGH; SELF; MARRIED; 0,41666707; 0,41666707; 0,58333343; 0,0333848; 0,315817; 0,65623355; 0,9452279; Investigation
HIGH; SELF; MARRIED; 0,31666672; 0,31666672; 0,68333364; 0,10831267; 0,84475267; 0,31832838; 0,5447411; PatrolWalk
HIGH; SELF; MARRIED; 0; 0; 1; 0,006780982; 0,20560974; 0,6400139; 0,29643536; Idle
HIGH; SELF; MARRIED; 0,016666679; 0,016666679; 0,98333335; 0,011443734; 0,20685911; 0,8130435; 0,33477974; Idle
HIGH; SELF; MARRIED; 0,30000004; 0,30000004; 0,7000003; 0,57507044; 0,077112734; 0,6540133; 0,6028494; PatrolWalk
HIGH; SELF; MARRIED; 0,30000004; 0,30000004; 0,7000003; 0,67774826; 0,9776332; 0,3478166; 0,3794952; PatrolWalk
HIGH; SELF; MARRIED; 0,61666673; 0,61666673; 0,3833337; 0,84171593; 0,17239141; 0,29687196; 0,5429695; Interact
HIGH; SELF; MARRIED; 0,3; 0,3; 0,7000003; 0,7971007; 0,32702112; 0,25070673; 0,39810133; Aggressive
HIGH; SELF; MARRIED; 0; 0; 1; 0,49388295; 0,24315464; 0,6174255; 0,7758167; Idle
HIGH; SELF; MARRIED; 0; 0; 1; 0,8518375; 0,055945575; 0,77424943; 0,8365082; Idle
HIGH; SELF; MARRIED; 1,1175871E-08; 1,1175871E-08; 1; 0,32988536; 0,2590664; 0,96468157; 0,6278204; Idle
HIGH; SELF; MARRIED; 0,11666694; 0,11666694; 0,88333315; 0,8604167; 0,41285777; 0,1795206; 0,40978873; Aggressive
HIGH; SELF; MARRIED; 0,016666679; 0,016666679; 0,98333335; 0,97806096; 0,61209774; 0,3692817; 0,7176397; Idle
HIGH; SELF; MARRIED; 0,31666672; 0,31666672; 0,68333364; 0,33357996; 0,7405555; 0,5270975; 0,0055636764; PatrolWalk
HIGH; SELF; MARRIED; 1,1175871E-08; 1,1175871E-08; 1; 0,054944217; 0,2090587; 0,9380303; 0,8513712; Idle
HIGH; SELF; MARRIED; 1,1175871E-08; 1,1175871E-08; 1; 0,084058344; 0,49099463; 0,32695103; 0,26767313; Idle
HIGH; SELF; MARRIED; 0,3166667; 0,3166667; 0,68333364; 0,10086101; 0,41529918; 0,37530482; 0,026822686; Idle
HIGH; SELF; MARRIED; 0; 0; 1; 0,15613163; 0,328528; 0,7741505; 0,6012801; Idle
HIGH; SELF; MARRIED; 0,30000004; 0,30000004; 0,7000003; 0,1226297; 0,40378642; 0,40854686; 0,022138476; PatrolWalk
HIGH; SELF; MARRIED; 0,30000004; 0,30000004; 0,7000003; 0,6830467; 0,262017; 0,3797617; 0,8183563; Idle
HIGH; SELF; MARRIED; 0,30000004; 0,30000004; 0,7000003; 0,026056588; 0,02714461; 0,51716703; 0,8377585; Idle
HIGH; SELF; MARRIED; 0; 0; 1; 0,14253354; 0,74583036; 0,7864847; 0,03093183; Idle
HIGH; SELF; MARRIED; 0,31666672; 0,31666672; 0,68333364; 0,29113388; 0,7382149; 0,07459104; 0,3871091; Aggressive
HIGH; SELF; MARRIED; 0,016666679; 0,016666679; 0,98333335; 0,60426867; 0,7946503; 0,6574407; 0,5978028; Idle
HIGH; SELF; MARRIED; 0,30000004; 0,30000004; 0,7000003; 0,44876498; 0,6480777; 0,096734285; 0,1708045; Aggressive
HIGH; SELF; MARRIED; 0,30000004; 0,30000004; 0,7000003; 0,041333675; 0,7987315; 0,20818895; 0,31213605; Aggressive
HIGH; SELF; MARRIED; 0,61666673; 0,61666673; 0,3833337; 0,8788306; 0,7942496; 0,95631754; 0,6884718; Investigation
HIGH; SELF; MARRIED; 0,30000004; 0,30000004; 0,7000003; 0,24526471; 0,1886676; 0,0950762; 0,8780794; Aggressive
HIGH; SELF; MARRIED; 1,1175871E-08; 1,1175871E-08; 1; 0,334728; 0,30564678; 0,9815478; 0,74664706; Idle
HIGH; SELF; MARRIED; 0,6000001; 0,6000001; 0,4000004; 0,751554; 0,06932932; 0,20911288; 0,25406104; Interact
HIGH; SELF; MARRIED; 0,6000001; 0,6000001; 0,4000004; 0,31086588; 0,85870916; 0,030183256; 0,30617315; Aggressive
HIGH; SELF; MARRIED; 0,30000004; 0,30000004; 0,7000003; 0,2945698; 0,75073206; 0,13895756; 0,5698544; Aggressive
HIGH; SELF; MARRIED; 0,016666679; 0,016666679; 0,98333335; 0,020431638; 0,23529679; 0,5461423; 0,9436607; Idle
HIGH; SELF; MARRIED; 0,31666672; 0,31666672; 0,68333364; 0,39671427; 0,9997772; 0,8217022; 0,5169342; PatrolWalk
HIGH; SELF; MARRIED; 1,1175871E-08; 1,1175871E-08; 1; 0,61123043; 0,91621834; 0,33803225; 0,84259504; Idle
HIGH; SELF; MARRIED; 1,1175871E-08; 1,1175871E-08; 1; 0,42102146; 0,052598238; 0,98042053; 0,3151415; Idle
HIGH; SELF; MARRIED; 0,3166667; 0,3166667; 0,68333364; 0,48130876; 0,33614248; 0,97531605; 0,03871399; PatrolWalk
HIGH; SELF; MARRIED; 1,1175871E-08; 1,1175871E-08; 1; 0,8447998; 0,57220834; 0,0010614395; 0,25605834; Aggressive
HIGH; SELF; MARRIED; 0,30000004; 0,30000004; 0,7000003; 0,0012375116; 0,20953953; 0,7098284; 0,31977403; PatrolWalk
HIGH; SELF; MARRIED; 0,3; 0,3; 0,7000003; 0,23324603; 0,190862; 0,98532414; 0,027225018; Idle
HIGH; SELF; MARRIED; 0,3; 0,3; 0,7000003; 0,74266654; 0,17207646; 0,21696496; 0,12704915; Aggressive
HIGH; SELF; MARRIED; 1,1175871E-08; 1,1175871E-08; 1; 0,67922366; 0,21735519; 0,7888458; 0,65858227; Idle
HIGH; SELF; MARRIED; 0,31666672; 0,31666672; 0,68333364; 0,5063247; 0,014541566; 0,05883521; 0,65947324; Interact
HIGH; SELF; MARRIED; 0,016666679; 0,016666679; 0,98333335; 0,32210612; 0,793654; 0,2145443; 0,6036541; Aggressive
HIGH; SELF; MARRIED; 0,30000004; 0,30000004; 0,7000003; 0,124463856; 0,81211346; 0,07624596; 0,32842398; Aggressive
HIGH; SELF; MARRIED; 0,30000004; 0,30000004; 0,7000003; 0,18526334; 0,6630551; 0,4313007; 0,041961253; PatrolWalk
HIGH; SELF; MARRIED; 0,016666664; 0,016666664; 0,98333335; 0,8996918; 0,5517506; 0,5255925; 0,63608456; Idle
HIGH; SELF; MARRIED; 0; 0; 1; 0,682847; 0,9914321; 0,0047888756; 0,9201612; Aggressive
HIGH; SELF; MARRIED; 1,1175871E-08; 1,1175871E-08; 1; 0,102775574; 0,5848823; 0,7301799; 0,5666232; Idle
HIGH; SELF; MARRIED; 0,6000001; 0,6000001; 0,4000004; 0,6141458; 0,9800316; 0,9107517; 0,5344131; Interact
HIGH; SELF; MARRIED; 0; 0; 1; 0,874114; 0,99126714; 0,6584057; 0,059518993; Idle
HIGH; SELF; MARRIED; 0,30000004; 0,30000004; 0,7000003; 0,8021683; 0,23388791; 0,31845307; 0,7731505; Idle
HIGH; SELF; MARRIED; 0,016666679; 0,016666679; 0,98333335; 0,8133094; 0,27347946; 0,9861262; 0,10347277; Idle
HIGH; SELF; MARRIED; 0; 0; 1; 0,30954576; 0,9573768; 0,35716605; 0,5373897; Idle
HIGH; SELF; MARRIED; 0; 0; 1; 0,39169055; 0,7430984; 0,61746085; 0,9138214; Idle
HIGH; SELF; MARRIED; 0; 0; 1; 0,89425915; 0,13001364; 0,6844511; 0,9950419; Idle
HIGH; SELF; MARRIED; 0,33333337; 0,33333337; 0,666667; 0,33721286; 0,75708157; 0,68725026; 0,92640734; PatrolWalk
HIGH; SELF; MARRIED; 0; 0; 1; 0,05595213; 0,68332523; 0,5945056; 0,5112536; Idle
HIGH; SELF; MARRIED; 0,31666672; 0,31666672; 0,68333364; 0,81362605; 0,98719895; 0,18565345; 0,22638458; Interact
HIGH; SELF; MARRIED; 0,28333333; 0,28333333; 0,71666694; 0,8044231; 0,08546507; 0,86401874; 0,15991288; Idle
HIGH; SELF; MARRIED; 0,31666672; 0,31666672; 0,68333364; 0,08102369; 0,79084396; 0,23052764; 0,18817711; Aggressive
HIGH; SELF; MARRIED; 0,61666673; 0,61666673; 0,3833337; 0,92359155; 0,3620652; 0,3268373; 0,93017536; Investigation
HIGH; SELF; MARRIED; 0,3333334; 0,3333334; 0,666667; 0,8063904; 0,15505219; 0,3514822; 0,5472261; Interact
HIGH; SELF; MARRIED; 0,30000004; 0,30000004; 0,7000003; 0,79860985; 0,4246869; 0,28504884; 0,18942577; Aggressive
HIGH; SELF; MARRIED; 0,30000004; 0,30000004; 0,7000003; 0,076666296; 0,5668881; 0,6905948; 0,66884315; Idle
HIGH; SELF; MARRIED; 0,30000004; 0,30000004; 0,7000003; 0,5496308; 0,6858836; 0,4125889; 0,31676352; PatrolWalk
HIGH; SELF; MARRIED; 0,03333333; 0,03333333; 0,9666667; 0,50352937; 0,9900644; 0,9577148; 0,3201896; Idle
HIGH; SELF; MARRIED; 0,30000004; 0,30000004; 0,7000003; 0,6558712; 0,91098815; 0,25808448; 0,64754194; Aggressive
HIGH; SELF; MARRIED; 0,016666679; 0,016666679; 0,98333335; 0,37781924; 0,22132868; 0,72127515; 0,02031678; Idle
HIGH; SELF; MARRIED; 0,58333343; 0,58333343; 0,41666707; 0,5788476; 0,26656783; 0,62412894; 0,1366309; Interact
HIGH; SELF; MARRIED; 0,016666679; 0,016666679; 0,98333335; 0,34417975; 0,1860376; 0,667817; 0,8705318; Idle
HIGH; SELF; MARRIED; 0,3166667; 0,3166667; 0,68333364; 0,48011607; 0,50026035; 0,26658303; 0,3623711; Aggressive
HIGH; SELF; MARRIED; 0,033333346; 0,033333346; 0,9666667; 0,15062529; 0,44770193; 0,20327818; 0,45836008; Aggressive
HIGH; SELF; MARRIED; 1,1175871E-08; 1,1175871E-08; 1; 0,83709276; 0,09305775; 0,13397837; 0,16109085; Aggressive
HIGH; SELF; MARRIED; 0,6000001; 0,6000001; 0,4000004; 0,1966855; 0,6105502; 0,9926055; 0,9397922; Investigation
HIGH; SELF; MARRIED; 1,1175871E-08; 1,1175871E-08; 1; 0,12220591; 0,62636304; 0,7045705; 0,44174165; Idle
HIGH; SELF; MARRIED; 0,33333337; 0,33333337; 0,666667; 0,20858628; 0,9719351; 0,036130548; 0,4346671; Aggressive
HIGH; SELF; MARRIED; 1,1175871E-08; 1,1175871E-08; 1; 0,9514003; 0,47666466; 0,10884404; 0,99218863; Aggressive
HIGH; SELF; MARRIED; 0,31666672; 0,31666672; 0,68333364; 0,7977077; 0,18921924; 0,5619894; 0,9193931; Interact
HIGH; SELF; MARRIED; 0,28333333; 0,28333333; 0,71666694; 0,5833558; 0,44018382; 0,9337549; 0,13076907; PatrolWalk
HIGH; SELF; MARRIED; 0,31666672; 0,31666672; 0,68333364; 0,59025806; 0,11020446; 0,8805954; 0,3743363; Interact
HIGH; SELF; MARRIED; 0,016666664; 0,016666664; 0,98333335; 0,66147345; 0,5589297; 0,3431099; 0,3057121; Idle
HIGH; SELF; MARRIED; 0; 0; 1; 0,4782759; 0,967179; 0,60617995; 0,7386443; Idle
HIGH; SELF; MARRIED; 0; 0; 1; 0,17743671; 0,41685253; 0,7323643; 0,5441362; Idle
HIGH; SELF; MARRIED; 0,3; 0,3; 0,7000003; 0,11218494; 0,5852772; 0,9812817; 0,5139611; PatrolWalk
HIGH; SELF; MARRIED; 0,30000004; 0,30000004; 0,7000003; 0,87140435; 0,010244727; 0,60886437; 0,02636528; PatrolWalk
HIGH; SELF; MARRIED; 0,03333333; 0,03333333; 0,9666667; 0,114457965; 0,62498546; 0,039244592; 0,14794219; Aggressive
HIGH; SELF; MARRIED; 0; 0; 1; 0,022916377; 0,6982546; 0,24927133; 0,5615665; Aggressive
HIGH; SELF; MARRIED; 0,016666679; 0,016666679; 0,98333335; 0,13068402; 0,7932369; 0,061409414; 0,9271149; Aggressive
HIGH; SELF; MARRIED; 0; 0; 1; 0,8142555; 0,7602233; 0,011393845; 0,61685604; Aggressive
HIGH; SELF; MARRIED; 0,016666679; 0,016666679; 0,98333335; 0,55768436; 0,8789277; 0,37012243; 0,34285146; Idle
HIGH; SELF; MARRIED; 0,3166667; 0,3166667; 0,68333364; 0,4080571; 0,25405985; 0,90661293; 0,9937812; Idle
HIGH; SELF; MARRIED; 0,30000004; 0,30000004; 0,7000003; 0,92347044; 0,09696686; 0,09616822; 0,6082058; Aggressive
HIGH; SELF; MARRIED; 0,30000004; 0,30000004; 0,7000003; 0,026916564; 0,53810835; 0,2775662; 0,53208774; Aggressive
HIGH; SELF; MARRIED; 0; 0; 1; 0,32853252; 0,4480909; 0,3887816; 0,32192528; Idle
HIGH; SELF; MARRIED; 1,1175871E-08; 1,1175871E-08; 1; 0,68613553; 0,66187793; 0,7656491; 0,45913136; Idle
HIGH; SELF; MARRIED; 0; 0; 1; 0,34939831; 0,66373175; 0,23447835; 0,24308169; Aggressive
HIGH; SELF; MARRIED; 0; 0; 1; 0,48994505; 0,8829351; 0,4548819; 0,7354662; Idle
HIGH; SELF; MARRIED; 0; 0; 1; 0,067184746; 0,5983792; 0,7131676; 0,39213943; Idle
HIGH; SELF; MARRIED; 0; 0; 1; 0,62541187; 0,2610882; 0,7423437; 0,90063065; Idle
HIGH; SELF; MARRIED; 0,31666672; 0,31666672; 0,68333364; 0,45918822; 0,6300763; 0,21838832; 0,48781514; Aggressive
HIGH; SELF; MARRIED; 0,61666673; 0,61666673; 0,3833337; 0,83373076; 0,5778895; 0,7160837; 0,53194875; Interact
HIGH; SELF; MARRIED; 1,1175871E-08; 1,1175871E-08; 1; 0,7127939; 0,21193588; 0,48453915; 0,2825604; Idle
HIGH; SELF; MARRIED; 1; 1; 0; 0,48221666; 0,028690875; 0,61503893; 0,6692137; Investigation
HIGH; SELF; MARRIED; 1,1175871E-08; 1,1175871E-08; 1; 0,060213745; 0,58317876; 0,42367756; 0,82860327; Idle
HIGH; SELF; MARRIED; 0,30000004; 0,30000004; 0,7000003; 0,7427097; 0,99413073; 0,08558327; 0,5180062; Aggressive
HIGH; SELF; MARRIED; 0,30000004; 0,30000004; 0,7000003; 0,21053189; 0,2837628; 0,041265607; 0,7724651; Aggressive
HIGH; SELF; MARRIED; 0; 0; 1; 0,1264615; 0,7045292; 0,46411026; 0,065427184; Idle
HIGH; SELF; MARRIED; 0,30000004; 0,30000004; 0,7000003; 0,47071642; 0,6152852; 0,079968154; 0,13911223; Aggressive
HIGH; SELF; MARRIED; 0,30000004; 0,30000004; 0,7000003; 0,08222431; 0,45698714; 0,1787827; 0,51143634; Aggressive
HIGH; SELF; MARRIED; 0,30000004; 0,30000004; 0,7000003; 0,7265309; 0,14211845; 0,54316574; 0,23141968; PatrolWalk
HIGH; SELF; MARRIED; 0,016666679; 0,016666679; 0,98333335; 0,6791079; 0,330207; 0,11792934; 0,064689755; Aggressive
HIGH; SELF; MARRIED; 0,3166667; 0,3166667; 0,68333364; 0,73229903; 0,57220244; 0,61868376; 0,11586374; Interact
HIGH; SELF; MARRIED; 0,30000004; 0,30000004; 0,7000003; 0,47174203; 0,12147981; 0,82338256; 0,46292502; Idle
HIGH; SELF; MARRIED; 0,30000004; 0,30000004; 0,7000003; 0,18042243; 0,8176965; 0,7555965; 0,116309404; Idle
HIGH; SELF; MARRIED; 1,1175871E-08; 1,1175871E-08; 1; 0,19511986; 0,27363312; 0,8797924; 0,0028752089; Idle
HIGH; SELF; MARRIED; 1,1175871E-08; 1,1175871E-08; 1; 0,47598004; 0,8415967; 0,8171597; 0,7042987; Idle
HIGH; SELF; MARRIED; 0,30000004; 0,30000004; 0,7000003; 0,7859036; 0,6878846; 0,10317755; 0,7505529; Aggressive
HIGH; SELF; MARRIED; 1,1175871E-08; 1,1175871E-08; 1; 0,047010005; 0,6342362; 0,036409557; 0,5847555; Aggressive
HIGH; SELF; MARRIED; 1,1175871E-08; 1,1175871E-08; 1; 0,78178114; 0,5865906; 0,9934991; 0,04354936; Idle
HIGH; SELF; MARRIED; 1,1175871E-08; 1,1175871E-08; 1; 0,028594136; 0,25562721; 0,3293771; 0,2573926; Idle
HIGH; SELF; MARRIED; 0; 0; 1; 0,52671; 0,5709384; 0,24601912; 0,5937663; Aggressive
HIGH; SELF; MARRIED; 0,016666664; 0,016666664; 0,98333335; 0,35220987; 0,36117792; 0,05745101; 0,7734192; Aggressive
HIGH; SELF; MARRIED; 0,6000001; 0,6000001; 0,4000004; 0,42738432; 0,79390913; 0,27876967; 0,049953222; Aggressive
HIGH; SELF; MARRIED; 0,6000001; 0,6000001; 0,4000004; 0,7038352; 0,9168523; 0,61931914; 0,72256327; Investigation
HIGH; SELF; MARRIED; 0,30000004; 0,30000004; 0,7000003; 0,7853216; 0,28943557; 0,8879742; 0,47642756; PatrolWalk
HIGH; SELF; MARRIED; 0,30000004; 0,30000004; 0,7000003; 0,10727924; 0,5434471; 0,5983372; 0,95120597; Idle
HIGH; SELF; MARRIED; 1,1175871E-08; 1,1175871E-08; 1; 0,07229763; 0,49073398; 0,69512135; 0,50233877; Idle
HIGH; SELF; MARRIED; 0; 0; 1; 0,68504393; 0,5265826; 0,8900391; 0,79200727; Idle
HIGH; SELF; MARRIED; 0,30000004; 0,30000004; 0,7000003; 0,6136276; 0,7496256; 0,88891244; 0,24553537; Idle
HIGH; SELF; MARRIED; 0,30000004; 0,30000004; 0,7000003; 0,13777894; 0,8913789; 0,22340107; 0,045581758; Aggressive
HIGH; SELF; MARRIED; 0; 0; 1; 0,7808213; 0,43800414; 0,4423949; 0,62379265; Idle
HIGH; SELF; MARRIED; 0; 0; 1; 0,21521282; 0,5966364; 0,61825085; 0,2570601; Idle
HIGH; SELF; MARRIED; 0,3; 0,3; 0,7000003; 0,4774993; 0,07499015; 0,5616157; 0,47559547; PatrolWalk
HIGH; SELF; MARRIED; 0,3; 0,3; 0,7000003; 0,16749084; 0,11437124; 0,110786974; 0,56373334; Aggressive
HIGH; SELF; MARRIED; 1,1175871E-08; 1,1175871E-08; 1; 0,7004927; 0,5221583; 0,002113223; 0,41874695; Aggressive
HIGH; SELF; MARRIED; 0,6000001; 0,6000001; 0,4000004; 0,1155231; 0,89182574; 0,21816158; 0,8273814; Investigation
HIGH; SELF; MARRIED; 0,30000004; 0,30000004; 0,7000003; 0,88855124; 0,37384182; 0,48632807; 0,124561846; PatrolWalk
HIGH; SELF; MARRIED; 0,30000004; 0,30000004; 0,7000003; 0,5947378; 0,8615228; 0,5470754; 0,811847; Idle
HIGH; SELF; MARRIED; 0,6000001; 0,6000001; 0,4000004; 0,0050751567; 0,7979933; 0,27061248; 0,98207086; Investigation
HIGH; SELF; MARRIED; 1,1175871E-08; 1,1175871E-08; 1; 0,84355456; 0,86099416; 0,3907774; 0,3471402; Idle
HIGH; SELF; MARRIED; 0,30000004; 0,30000004; 0,7000003; 0,41038257; 0,19018847; 0,047616005; 0,0026237369; Aggressive
HIGH; SELF; MARRIED; 0,30000004; 0,30000004; 0,7000003; 0,5319851; 0,94741446; 0,3511938; 0,18249393; PatrolWalk
HIGH; SELF; MARRIED; 0; 0; 1; 0,4686026; 0,17093682; 0,6227226; 0,1612863; Idle
HIGH; SELF; MARRIED; 0; 0; 1; 0,35787922; 0,4716285; 0,39049667; 0,11772531; Idle
HIGH; SELF; MARRIED; 0; 0; 1; 0,81016916; 0,41352665; 0,16439754; 0,076922; Aggressive
HIGH; SELF; MARRIED; 0,3; 0,3; 0,7000003; 0,75773287; 0,005487323; 0,757547; 0,9110582; Idle
HIGH; SELF; MARRIED; 1,1175871E-08; 1,1175871E-08; 1; 0,4735589; 0,3327819; 0,7487723; 0,19423652; Idle
HIGH; SELF; MARRIED; 0,6000001; 0,6000001; 0,4000004; 0,47614092; 0,90572757; 0,7738951; 0,8940803; Investigation
HIGH; SELF; MARRIED; 0,3; 0,3; 0,7000003; 0,74374956; 0,0066511035; 0,09060204; 0,17278117; Aggressive
HIGH; SELF; MARRIED; 0,30000004; 0,30000004; 0,7000003; 0,76374453; 0,51310575; 0,5802653; 0,7974069; PatrolWalk
HIGH; SELF; MARRIED; 1,1175871E-08; 1,1175871E-08; 1; 0,5323692; 0,58288884; 0,30280435; 0,6941571; Idle
HIGH; SELF; MARRIED; 1,1175871E-08; 1,1175871E-08; 1; 0,20429212; 0,24121481; 0,89375; 0,5437871; Idle
HIGH; SELF; MARRIED; 0,30000004; 0,30000004; 0,7000003; 0,9431593; 0,864526; 0,880217; 0,84196734; PatrolWalk
HIGH; SELF; MARRIED; 0,31666672; 0,31666672; 0,68333364; 0,46963614; 0,46421897; 0,7499722; 0,71268755; PatrolWalk
HIGH; SELF; MARRIED; 0; 0; 1; 0,44985253; 0,9031625; 0,5447428; 0,93987995; Idle
HIGH; SELF; MARRIED; 0,61666673; 0,61666673; 0,3833337; 0,2824793; 0,05058545; 0,47885263; 0,6728215; Investigation
HIGH; SELF; MARRIED; 0,31666672; 0,31666672; 0,68333364; 0,9133196; 0,051330805; 0,20569855; 0,83863646; Interact
HIGH; SELF; MARRIED; 0,28333333; 0,28333333; 0,71666694; 0,46268237; 0,40375555; 0,12595701; 0,9806658; Aggressive
HIGH; SELF; MARRIED; 0; 0; 1; 0,52888685; 0,6891257; 0,40849805; 0,18329161; Idle
HIGH; SELF; MARRIED; 0; 0; 1; 0,48084188; 0,9589132; 0,82649934; 0,053721786; Idle
HIGH; SELF; MARRIED; 0,31666672; 0,31666672; 0,68333364; 0,47605067; 0,24823493; 0,6062618; 0,22496158; PatrolWalk
HIGH; SELF; MARRIED; 0,31666672; 0,31666672; 0,68333364; 0,85024005; 0,61165005; 0,2999782; 0,4228046; Interact
HIGH; SELF; MARRIED; 0; 0; 1; 0,14027393; 0,865822; 0,40843964; 0,09730351; Idle
HIGH; SELF; MARRIED; 0,016666679; 0,016666679; 0,98333335; 0,4154452; 0,29932457; 0,5156429; 0,025419831; Idle
HIGH; SELF; MARRIED; 0,30000004; 0,30000004; 0,7000003; 0,24615979; 0,66349876; 0,64480805; 0,66941905; PatrolWalk
HIGH; SELF; MARRIED; 0,3166667; 0,3166667; 0,68333364; 0,031243205; 0,8614429; 0,8251902; 0,03610474; Idle
HIGH; SELF; MARRIED; 0,016666679; 0,016666679; 0,98333335; 0,6003889; 0,25016844; 0,7681493; 0,7222957; Idle
HIGH; SELF; MARRIED; 0; 0; 1; 0,046041667; 0,24736583; 0,63064706; 0,7174097; Idle
HIGH; SELF; MARRIED; 0,30000004; 0,30000004; 0,7000003; 0,30807817; 0,024077475; 0,34866494; 0,46130323; PatrolWalk
HIGH; SELF; MARRIED; 0,30000004; 0,30000004; 0,7000003; 0,21561617; 0,009728491; 0,8061182; 0,5919969; PatrolWalk
HIGH; SELF; MARRIED; 0,016666679; 0,016666679; 0,98333335; 0,71350074; 0,7587778; 0,58968335; 0,52622694; Idle
HIGH; SELF; MARRIED; 0,016666679; 0,016666679; 0,98333335; 0,9008807; 0,067891; 0,38220465; 0,09247559; Idle
HIGH; SELF; MARRIED; 0,30000004; 0,30000004; 0,7000003; 0,14008611; 0,46277136; 0,7498714; 0,81864154; Idle
HIGH; SELF; MARRIED; 0,31666672; 0,31666672; 0,68333364; 0,14048058; 0,13733304; 0,91876984; 0,31255144; Idle
HIGH; SELF; MARRIED; 1,1175871E-08; 1,1175871E-08; 1; 0,2156725; 0,033234537; 0,81620985; 0,23971307; Idle
HIGH; SELF; MARRIED; 0,61666673; 0,61666673; 0,3833337; 0,9300616; 0,23487455; 0,22766078; 0,03968221; Interact
HIGH; SELF; MARRIED; 0,31666672; 0,31666672; 0,68333364; 0,16425025; 0,33544523; 0,8020894; 0,43335766; PatrolWalk
HIGH; SELF; MARRIED; 0,30000004; 0,30000004; 0,7000003; 0,6995635; 0,77697116; 0,68395334; 0,047429025; PatrolWalk
HIGH; SELF; MARRIED; 1,1175871E-08; 1,1175871E-08; 1; 0,13518238; 0,18727708; 0,9699439; 0,5924481; Idle
HIGH; SELF; MARRIED; 1,1175871E-08; 1,1175871E-08; 1; 0,6443685; 0,1557554; 0,86563325; 0,8528839; Idle
HIGH; SELF; MARRIED; 0,31666672; 0,31666672; 0,68333364; 0,43439353; 0,43223763; 0,291331; 0,43466216; Aggressive
HIGH; SELF; MARRIED; 0,31666672; 0,31666672; 0,68333364; 0,48656178; 0,08660251; 0,7408299; 0,5316359; PatrolWalk
HIGH; SELF; MARRIED; 0,6000001; 0,6000001; 0,4000004; 0,35067314; 0,25425828; 0,20084548; 0,08944094; Aggressive
HIGH; SELF; MARRIED; 0,61666673; 0,61666673; 0,3833337; 0,7053993; 0,09454644; 0,41818345; 0,5011899; Interact
HIGH; SELF; MARRIED; 0,30000004; 0,30000004; 0,7000003; 0,16212136; 0,71777046; 0,06685263; 0,33271402; Aggressive
HIGH; SELF; MARRIED; 0,3166667; 0,3166667; 0,68333364; 0,56056356; 0,6311688; 0,7685314; 0,699194; Interact
HIGH; SELF; MARRIED; 0,016666679; 0,016666679; 0,98333335; 0,8755214; 0,6871105; 0,5512789; 0,97838265; Idle
HIGH; SELF; MARRIED; 1,1175871E-08; 1,1175871E-08; 1; 0,2925282; 0,21085465; 0,33798128; 0,069728255; Idle
HIGH; SELF; MARRIED; 0,30000004; 0,30000004; 0,7000003; 0,6714978; 0,8489158; 0,19483101; 0,8529057; Aggressive
HIGH; SELF; MARRIED; 0,30000004; 0,30000004; 0,7000003; 0,7689165; 0,24556762; 0,6200274; 0,688823; Idle
HIGH; SELF; MARRIED; 0,016666679; 0,016666679; 0,98333335; 0,53296906; 0,9864569; 0,4799354; 0,7638825; Idle
HIGH; SELF; MARRIED; 0,016666679; 0,016666679; 0,98333335; 0,14563411; 0,5003833; 0,91636866; 0,66367394; Idle
HIGH; SELF; MARRIED; 0,3; 0,3; 0,7000003; 0,92003083; 0,49482644; 0,7386937; 0,28395712; PatrolWalk
HIGH; SELF; MARRIED; 0,3166667; 0,3166667; 0,68333364; 0,051859677; 0,77125794; 0,33673334; 0,4037698; PatrolWalk
HIGH; SELF; MARRIED; 1,1175871E-08; 1,1175871E-08; 1; 0,093916774; 0,8652868; 0,75006217; 0,44006187; Idle
HIGH; SELF; MARRIED; 0,016666664; 0,016666664; 0,98333335; 0,8212159; 0,38673544; 0,6482096; 0,8743286; Idle
HIGH; SELF; MARRIED; 0,31666672; 0,31666672; 0,68333364; 0,43449682; 0,2706018; 0,27066708; 0,51048714; Aggressive
HIGH; SELF; MARRIED; 0,30000004; 0,30000004; 0,7000003; 0,08625692; 0,95212543; 0,76957023; 0,7080326; PatrolWalk
HIGH; SELF; MARRIED; 1,1175871E-08; 1,1175871E-08; 1; 0,7147122; 0,24921817; 0,785147; 0,82467276; Idle
HIGH; SELF; MARRIED; 0,6000001; 0,6000001; 0,4000004; 0,5551554; 0,30566847; 0,6573406; 0,9025546; Investigation
HIGH; SELF; MARRIED; 0,31666672; 0,31666672; 0,68333364; 0,7763366; 0,538326; 0,9647781; 0,24265778; Interact
HIGH; SELF; MARRIED; 0,31666672; 0,31666672; 0,68333364; 0,8023231; 0,4519176; 0,1632607; 0,008957267; Interact
HIGH; SELF; MARRIED; 0; 0; 1; 0,17523718; 0,56920815; 0,7796904; 0,039471388; Idle
HIGH; SELF; MARRIED; 0; 0; 1; 0,3979559; 0,36959177; 0,5943588; 0,6565752; Idle
HIGH; SELF; MARRIED; 0,016666664; 0,016666664; 0,98333335; 0,4100771; 0,89083874; 0,02670747; 0,91839856; Aggressive
HIGH; SELF; MARRIED; 0,30000004; 0,30000004; 0,7000003; 0,67627436; 0,06630111; 0,15597641; 0,6900773; Aggressive
HIGH; SELF; MARRIED; 0,3166667; 0,3166667; 0,68333364; 0,9807469; 0,08575666; 0,89581203; 0,5770771; Interact
HIGH; SELF; MARRIED; 0,016666679; 0,016666679; 0,98333335; 0,85922116; 0,7072758; 0,9111582; 0,0062124133; Idle
HIGH; SELF; MARRIED; 1,1175871E-08; 1,1175871E-08; 1; 0,14541674; 0,63454276; 0,278355; 0,31941992; Aggressive
HIGH; SELF; MARRIED; 0,30000004; 0,30000004; 0,7000003; 0,62484044; 0,034091413; 0,09616566; 0,45759022; Aggressive
HIGH; SELF; MARRIED; 0,3; 0,3; 0,7000003; 0,54157585; 0,68913406; 0,37336373; 0,23617393; Idle
HIGH; SELF; MARRIED; 0,016666679; 0,016666679; 0,98333335; 0,23480833; 0,1911099; 0,32600695; 0,34443712; Idle
HIGH; SELF; MARRIED; 0,016666679; 0,016666679; 0,98333335; 0,22962558; 0,19006264; 0,1616813; 0,4232509; Aggressive
HIGH; SELF; MARRIED; 0,30000004; 0,30000004; 0,7000003; 0,9144525; 0,17692083; 0,124269664; 0,28179246; Aggressive
HIGH; SELF; MARRIED; 0; 0; 1; 0,3237825; 0,06626743; 0,036897123; 0,43388087; Aggressive
HIGH; SELF; MARRIED; 1,1175871E-08; 1,1175871E-08; 1; 0,69195503; 0,9073265; 0,029194415; 0,15845299; Aggressive
HIGH; SELF; MARRIED; 0,016666664; 0,016666664; 0,98333335; 0,3686155; 0,36708224; 0,90988374; 0,38233805; Idle
HIGH; SELF; MARRIED; 0,31666672; 0,31666672; 0,68333364; 0,9982886; 0,53440803; 0,077665985; 0,5051016; Interact
HIGH; SELF; MARRIED; 0; 0; 1; 0,4230653; 0,60570645; 0,64799064; 0,55560833; Idle
HIGH; SELF; MARRIED; 1,1175871E-08; 1,1175871E-08; 1; 0,6705821; 0,048872888; 0,56202227; 0,08372009; Idle
HIGH; SELF; MARRIED; 0,6000001; 0,6000001; 0,4000004; 0,51469064; 0,42442727; 0,8925178; 0,4117002; Interact
HIGH; SELF; MARRIED; 0,31666672; 0,31666672; 0,68333364; 0,91959167; 0,46375084; 0,1464647; 0,81070787; Interact
HIGH; SELF; MARRIED; 0; 0; 1; 0,6721109; 0,4922682; 0,29403698; 0,059987128; Aggressive
HIGH; SELF; MARRIED; 1,1175871E-08; 1,1175871E-08; 1; 0,93110836; 0,38854426; 0,5564831; 0,45595992; Idle
HIGH; SELF; MARRIED; 0; 0; 1; 0,98050123; 0,8446191; 0,6139195; 0,06006694; Idle
HIGH; SELF; MARRIED; 0; 0; 1; 0,07665461; 0,8524045; 0,98741347; 0,50028527; Idle
HIGH; SELF; MARRIED; 0,3166667; 0,3166667; 0,68333364; 0,6949835; 0,13718712; 0,016087174; 0,50745404; Interact
HIGH; SELF; MARRIED; 0,016666679; 0,016666679; 0,98333335; 0,057887018; 0,21124059; 0,11601597; 0,4010452; Aggressive
HIGH; SELF; MARRIED; 0,30000004; 0,30000004; 0,7000003; 0,9526239; 0,056065142; 0,12484753; 0,06995267; Aggressive
HIGH; SELF; MARRIED; 0,30000004; 0,30000004; 0,7000003; 0,95672756; 0,6525194; 0,058270335; 0,30805457; Aggressive
HIGH; SELF; MARRIED; 0,3; 0,3; 0,7000003; 0,75486726; 0,038297355; 0,6193983; 0,039520383; PatrolWalk
HIGH; SELF; MARRIED; 0,016666679; 0,016666679; 0,98333335; 0,07047725; 0,7274137; 0,15127426; 0,5447727; Aggressive
HIGH; SELF; MARRIED; 0; 0; 1; 0,23801255; 0,76934445; 0,9593313; 0,47212487; Idle
HIGH; SELF; MARRIED; 0,30000004; 0,30000004; 0,7000003; 0,28327572; 0,99109215; 0,3981409; 0,8326812; Idle
HIGH; SELF; MARRIED; 0,30000004; 0,30000004; 0,7000003; 0,7584353; 0,76030904; 0,7200744; 0,46480006; PatrolWalk
HIGH; SELF; MARRIED; 0,30000004; 0,30000004; 0,7000003; 0,20049703; 0,9035772; 0,52737206; 0,5321785; PatrolWalk
HIGH; SELF; MARRIED; 0,016666664; 0,016666664; 0,98333335; 0,8462222; 0,51479995; 0,8284188; 0,015885413; Idle
HIGH; SELF; MARRIED; 0; 0; 1; 0,98625493; 0,7700507; 0,71602523; 0,02284193; Idle
HIGH; SELF; MARRIED; 1,1175871E-08; 1,1175871E-08; 1; 0,12578267; 0,9119979; 0,5924786; 0,84130347; Idle
HIGH; SELF; MARRIED; 1,1175871E-08; 1,1175871E-08; 1; 0,615448; 0,49616885; 0,853287; 0,60893065; Idle
HIGH; SELF; MARRIED; 0; 0; 1; 0,8174111; 0,017026722; 0,6241917; 0,2034849; Idle
HIGH; SELF; MARRIED; 0; 0; 1; 0,49092627; 0,24159038; 0,23998314; 0,48077297; Aggressive
HIGH; SELF; MARRIED; 0,30000004; 0,30000004; 0,7000003; 0,45386714; 0,16831428; 0,6227486; 0,37252462; PatrolWalk
HIGH; SELF; MARRIED; 0,6000001; 0,6000001; 0,4000004; 0,23148489; 0,48664814; 0,9075616; 0,9773146; Investigation
HIGH; SELF; MARRIED; 1,1175871E-08; 1,1175871E-08; 1; 0,61602163; 0,26664764; 0,38009351; 0,61591125; Idle
HIGH; SELF; MARRIED; 1,1175871E-08; 1,1175871E-08; 1; 0,3077224; 0,746425; 0,0009973645; 0,6185899; Aggressive
HIGH; SELF; MARRIED; 0,3166667; 0,3166667; 0,68333364; 0,9348386; 0,2191562; 0,24418986; 0,4347844; Interact
HIGH; SELF; MARRIED; 0,30000004; 0,30000004; 0,7000003; 0,43807346; 0,5328102; 0,04980308; 0,49918085; Aggressive
HIGH; SELF; MARRIED; 0,30000004; 0,30000004; 0,7000003; 0,17472607; 0,17955619; 0,62613845; 0,17858589; PatrolWalk
HIGH; SELF; MARRIED; 0,30000004; 0,30000004; 0,7000003; 0,24118239; 0,20053053; 0,7052313; 0,6215851; Idle
HIGH; SELF; MARRIED; 0,30000004; 0,30000004; 0,7000003; 0,40780556; 0,22230804; 0,76074356; 0,13037443; Idle
HIGH; SELF; MARRIED; 0; 0; 1; 0,78296673; 0,089343786; 0,5693316; 0,66993487; Idle
HIGH; SELF; MARRIED; 1,1175871E-08; 1,1175871E-08; 1; 0,34428144; 0,3105868; 0,28906733; 0,31674796; Aggressive
HIGH; SELF; MARRIED; 0,3; 0,3; 0,7000003; 0,37445718; 0,46770912; 0,53116584; 0,06589693; Idle
HIGH; SELF; MARRIED; 0,31666672; 0,31666672; 0,68333364; 0,8504148; 0,84113985; 0,53743887; 0,8745537; Interact
HIGH; SELF; MARRIED; 0; 0; 1; 0,4008264; 0,011210501; 0,6398986; 0,6535962; Idle
HIGH; SELF; MARRIED; 0; 0; 1; 0,68921906; 0,8564834; 0,7731027; 0,20468211; Idle
HIGH; SELF; MARRIED; 0; 0; 1; 0,9457607; 0,4063059; 0,36134303; 0,4752822; Idle
HIGH; SELF; MARRIED; 0; 0; 1; 0,33977658; 0,52264404; 0,38168007; 0,8061554; Idle
HIGH; SELF; MARRIED; 0,61666673; 0,61666673; 0,3833337; 0,66559654; 0,92389166; 0,072570145; 0,21176499; Interact
HIGH; SELF; MARRIED; 0,61666673; 0,61666673; 0,3833337; 0,9411392; 0,011464357; 0,9564913; 0,6786604; Investigation
HIGH; SELF; MARRIED; 0,31666672; 0,31666672; 0,68333364; 0,54310834; 0,5366146; 0,13394761; 0,0041983724; Interact
HIGH; SELF; MARRIED; 0; 0; 1; 0,46311182; 0,40540773; 0,08039647; 0,6950833; Aggressive
HIGH; SELF; MARRIED; 0,61666673; 0,61666673; 0,3833337; 0,3214177; 0,6369705; 0,99634063; 0,27308828; PatrolWalk
HIGH; SELF; MARRIED; 0,016666679; 0,016666679; 0,98333335; 0,6530697; 0,3653301; 0,37722558; 0,11472732; Idle
HIGH; SELF; MARRIED; 0,30000004; 0,30000004; 0,7000003; 0,49160093; 0,41773075; 0,6068674; 0,23809928; PatrolWalk
HIGH; SELF; MARRIED; 0,30000004; 0,30000004; 0,7000003; 0,35092235; 0,08414477; 0,77290344; 0,5181469; Idle
HIGH; SELF; MARRIED; 0,30000004; 0,30000004; 0,7000003; 0,18472415; 0,9300085; 0,320648; 0,42635405; Idle
HIGH; SELF; MARRIED; 0,30000004; 0,30000004; 0,7000003; 0,81092185; 0,3313045; 0,98899025; 0,90664864; PatrolWalk
HIGH; SELF; MARRIED; 0,3166667; 0,3166667; 0,68333364; 0,10276246; 0,53808826; 0,8400842; 0,60893667; PatrolWalk
HIGH; SELF; MARRIED; 0,3166667; 0,3166667; 0,68333364; 0,30999172; 0,70464146; 0,18008792; 0,8123031; Aggressive
HIGH; SELF; MARRIED; 0,016666679; 0,016666679; 0,98333335; 0,88764894; 0,2822523; 0,45047545; 0,59988624; Idle
HIGH; SELF; MARRIED; 0; 0; 1; 0,81838244; 0,8783227; 0,38481218; 0,046126723; Idle
HIGH; SELF; MARRIED; 0,3166667; 0,3166667; 0,68333364; 0,10544437; 0,726655; 0,3177194; 0,89708215; Idle
HIGH; SELF; MARRIED; 0,31666672; 0,31666672; 0,68333364; 0,24591976; 0,38451654; 0,11151087; 0,09197307; Aggressive
HIGH; SELF; MARRIED; 1,1175871E-08; 1,1175871E-08; 1; 0,82786584; 0,65244323; 0,8265303; 0,36554694; Idle
HIGH; SELF; MARRIED; 0,6000001; 0,6000001; 0,4000004; 0,9012404; 0,42647904; 0,6747529; 0,63758475; Investigation
HIGH; SELF; MARRIED; 0,6000001; 0,6000001; 0,4000004; 0,22422409; 0,7870294; 0,1885261; 0,13767886; Aggressive
HIGH; SELF; MARRIED; 1,1175871E-08; 1,1175871E-08; 1; 0,114850104; 0,7856606; 0,5394331; 0,48572034; Idle
HIGH; SELF; MARRIED; 0,016666664; 0,016666664; 0,98333335; 0,4975893; 0,84950215; 0,3092293; 0,49567318; Idle
HIGH; SELF; MARRIED; 0,016666664; 0,016666664; 0,98333335; 0,13545865; 0,360128; 0,43752462; 0,36297625; Idle
HIGH; SELF; MARRIED; 0,31666672; 0,31666672; 0,68333364; 0,8396769; 0,10672927; 0,55082095; 0,0103110075; Interact
HIGH; SELF; MARRIED; 0,30000004; 0,30000004; 0,7000003; 0,436343; 0,17018199; 0,78021836; 0,19521183; PatrolWalk
HIGH; SELF; MARRIED; 0,61666673; 0,61666673; 0,3833337; 0,43116665; 0,840812; 0,7403096; 0,4181757; PatrolWalk
HIGH; SELF; MARRIED; 0,016666679; 0,016666679; 0,98333335; 0,5251664; 0,7427712; 0,8485103; 0,7466309; Idle
HIGH; SELF; MARRIED; 0,30000004; 0,30000004; 0,7000003; 0,35632193; 0,63221884; 0,6845465; 0,4753862; PatrolWalk
HIGH; SELF; MARRIED; 0,3; 0,3; 0,7000003; 0,93995625; 0,031827092; 0,103408396; 0,22526526; Aggressive
HIGH; SELF; MARRIED; 0,3; 0,3; 0,7000003; 0,77650744; 0,6699452; 0,30675024; 0,69555855; PatrolWalk
HIGH; SELF; MARRIED; 0,30000004; 0,30000004; 0,7000003; 0,057269752; 0,43498373; 0,19416946; 0,083138704; Aggressive
HIGH; SELF; MARRIED; 0,3166667; 0,3166667; 0,68333364; 0,91510177; 0,54635346; 0,9747282; 0,14969766; Interact
HIGH; SELF; MARRIED; 0,3166667; 0,3166667; 0,68333364; 0,5566791; 0,5883267; 0,20906985; 0,49689323; Interact
HIGH; SELF; MARRIED; 0,016666679; 0,016666679; 0,98333335; 0,53337103; 0,6835863; 0,49799675; 0,81271243; Idle
HIGH; SELF; MARRIED; 1,1175871E-08; 1,1175871E-08; 1; 0,46549517; 0,9468384; 0,3590113; 0,78939223; Idle
HIGH; SELF; MARRIED; 0,3166667; 0,3166667; 0,68333364; 0,8127956; 0,21079934; 0,047300696; 0,6630116; Interact
HIGH; SELF; MARRIED; 0,31666672; 0,31666672; 0,68333364; 0,80434597; 0,37228906; 0,5637681; 0,049581468; Interact
HIGH; SELF; MARRIED; 1,1175871E-08; 1,1175871E-08; 1; 0,8223459; 0,72149724; 0,08606553; 0,6587736; Aggressive
HIGH; SELF; MARRIED; 0; 0; 1; 0,3013715; 0,46870792; 0,33973742; 0,9168096; Idle
HIGH; SELF; MARRIED; 0; 0; 1; 0,22287357; 0,7524001; 0,75049317; 0,19664508; Idle
HIGH; SELF; MARRIED; 1,1175871E-08; 1,1175871E-08; 1; 0,41705024; 0,7087596; 0,008679509; 0,86936927; Aggressive
HIGH; SELF; MARRIED; 0,016666664; 0,016666664; 0,98333335; 0,45872152; 0,5285487; 0,44060546; 0,7585065; Idle
HIGH; SELF; MARRIED; 0,016666664; 0,016666664; 0,98333335; 0,10176736; 0,7744216; 0,10630661; 0,5608291; Aggressive
HIGH; SELF; MARRIED; 0,31666672; 0,31666672; 0,68333364; 0,86843663; 0,17230684; 0,21226478; 0,74416864; Interact
HIGH; SELF; MARRIED; 0,30000004; 0,30000004; 0,7000003; 0,45258766; 0,39839226; 0,07151967; 0,5083419; Aggressive
HIGH; SELF; MARRIED; 0,016666664; 0,016666664; 0,98333335; 0,40773892; 0,16927046; 0,65760404; 0,16637361; Idle
HIGH; SELF; MARRIED; 1; 1; 0; 0,67238694; 0,9225217; 0,3890385; 0,5171079; Interact
HIGH; SELF; MARRIED; 0,016666679; 0,016666679; 0,98333335; 0,47038937; 0,97953045; 0,14102423; 0,4357916; Aggressive
HIGH; SELF; MARRIED; 0; 0; 1; 0,948869; 0,50351185; 0,5525111; 0,008826196; Idle
HIGH; SELF; MARRIED; 0,30000004; 0,30000004; 0,7000003; 0,8155351; 0,6708708; 0,5893013; 0,18649322; PatrolWalk
HIGH; SELF; MARRIED; 0,30000004; 0,30000004; 0,7000003; 0,2896393; 0,6681117; 0,01129204; 0,35355473; Aggressive
HIGH; SELF; MARRIED; 0; 0; 1; 0,7769185; 0,7281615; 0,76101154; 0,44914234; Idle
HIGH; SELF; MARRIED; 0,3166667; 0,3166667; 0,68333364; 0,095883906; 0,88517404; 0,17814058; 0,75733346; Aggressive
HIGH; SELF; MARRIED; 0; 0; 1; 0,9972964; 0,75023633; 0,90524447; 0,3214681; Idle
HIGH; SELF; MARRIED; 0,016666679; 0,016666679; 0,98333335; 0,67694783; 0,43565077; 0,9949241; 0,15410024; Idle
HIGH; SELF; MARRIED; 1,1175871E-08; 1,1175871E-08; 1; 0,18064457; 0,62058914; 0,9332059; 0,72120243; Idle
HIGH; SELF; MARRIED; 0,3166667; 0,3166667; 0,68333364; 0,74512136; 0,56647176; 0,99007094; 0,3275963; Interact
HIGH; SELF; MARRIED; 0; 0; 1; 0,5824682; 0,18345016; 0,7754173; 0,7769139; Idle
HIGH; SELF; MARRIED; 0,30000004; 0,30000004; 0,7000003; 0,15174174; 0,5478728; 0,6261389; 0,33770388; PatrolWalk
HIGH; SELF; MARRIED; 1,1175871E-08; 1,1175871E-08; 1; 0,7524906; 0,8345439; 0,4831816; 0,9667073; Idle
HIGH; SELF; MARRIED; 1,1175871E-08; 1,1175871E-08; 1; 0,118216336; 0,18113637; 0,88543767; 0,97942555; Idle
HIGH; SELF; MARRIED; 0,30000004; 0,30000004; 0,7000003; 0,71004224; 0,39251983; 0,014076948; 0,054299057; Aggressive
HIGH; SELF; MARRIED; 0,016666664; 0,016666664; 0,98333335; 0,799663; 0,60703427; 0,13810456; 0,83024913; Aggressive
HIGH; SELF; MARRIED; 0,30000004; 0,30000004; 0,7000003; 0,36962944; 0,48277938; 0,4608389; 0,62803483; PatrolWalk
HIGH; SELF; MARRIED; 0,31666672; 0,31666672; 0,68333364; 0,091754556; 0,33930987; 0,8568668; 0,45079476; Idle
HIGH; SELF; MARRIED; 0,30000004; 0,30000004; 0,7000003; 0,81223685; 0,20420009; 0,44964826; 0,077521026; Idle
HIGH; SELF; MARRIED; 0,016666664; 0,016666664; 0,98333335; 0,53274137; 0,73524225; 0,35249162; 0,86938137; Idle
HIGH; SELF; MARRIED; 0,30000004; 0,30000004; 0,7000003; 0,43137085; 0,4909649; 0,22872019; 0,5537028; Aggressive
HIGH; SELF; MARRIED; 1,1175871E-08; 1,1175871E-08; 1; 0,043020368; 0,7421002; 0,9114197; 0,8091391; Idle
HIGH; SELF; MARRIED; 0,30000004; 0,30000004; 0,7000003; 0,7557675; 0,8640041; 0,9518819; 0,94353867; PatrolWalk
HIGH; SELF; MARRIED; 0,30000004; 0,30000004; 0,7000003; 0,1614216; 0,9315936; 0,88113827; 0,4214241; PatrolWalk
HIGH; SELF; MARRIED; 1,1175871E-08; 1,1175871E-08; 1; 0,022730589; 0,68591565; 0,47244418; 0,18276751; Idle
HIGH; SELF; MARRIED; 0; 0; 1; 0,5644289; 0,84213185; 0,14177322; 0,66094077; Aggressive
HIGH; SELF; MARRIED; 1,1175871E-08; 1,1175871E-08; 1; 0,0057556033; 0,87806046; 0,53413886; 0,4582693; Idle
HIGH; SELF; MARRIED; 0,61666673; 0,61666673; 0,3833337; 0,21055835; 0,37894934; 0,39754528; 0,74657947; Investigation
HIGH; SELF; MARRIED; 0,6000001; 0,6000001; 0,4000004; 0,37195897; 0,31728303; 0,88253593; 0,34677106; PatrolWalk
HIGH; SELF; MARRIED; 0,3166667; 0,3166667; 0,68333364; 0,4630165; 0,44581783; 0,86217177; 0,6194612; PatrolWalk
HIGH; SELF; MARRIED; 1,1175871E-08; 1,1175871E-08; 1; 0,0015732646; 0,18884706; 0,53217363; 0,14583689; Idle
HIGH; SELF; MARRIED; 0,30000004; 0,30000004; 0,7000003; 0,07728207; 0,15243518; 0,084141314; 0,47789776; Aggressive
HIGH; SELF; MARRIED; 1,1175871E-08; 1,1175871E-08; 1; 0,4982592; 0,81273246; 0,4708445; 0,002224803; Idle
HIGH; SELF; MARRIED; 1,1175871E-08; 1,1175871E-08; 1; 0,34556317; 0,21708316; 0,14589417; 0,7091395; Aggressive
HIGH; SELF; MARRIED; 0,30000004; 0,30000004; 0,7000003; 0,6178205; 0,17410564; 0,44258338; 0,40730125; PatrolWalk
HIGH; SELF; MARRIED; 0; 0; 1; 0,62441283; 0,9544117; 0,138695; 0,98071855; Aggressive
HIGH; SELF; MARRIED; 0,30000004; 0,30000004; 0,7000003; 0,5841243; 0,6326273; 0,9877443; 0,92913985; PatrolWalk
HIGH; SELF; MARRIED; 0,3166667; 0,3166667; 0,68333364; 0,22360122; 0,7902864; 0,2883392; 0,759917; Aggressive
HIGH; SELF; MARRIED; 0,3; 0,3; 0,7000003; 0,5866643; 0,0063010454; 0,66839325; 0,24694908; Idle
HIGH; SELF; MARRIED; 0,016666664; 0,016666664; 0,98333335; 0,97789353; 0,01307559; 0,3280331; 0,6066082; Idle
HIGH; SELF; MARRIED; 0,30000004; 0,30000004; 0,7000003; 0,64805585; 0,9658988; 0,9337186; 0,42617452; Idle
HIGH; SELF; MARRIED; 1,1175871E-08; 1,1175871E-08; 1; 0,86153424; 0,966696; 0,28738946; 0,08148754; Aggressive
HIGH; SELF; MARRIED; 0,30000004; 0,30000004; 0,7000003; 0,9900202; 0,909442; 0,77087015; 0,8061567; Idle
HIGH; SELF; MARRIED; 0; 0; 1; 0,37100387; 0,099903405; 0,90828574; 0,10541272; Idle
HIGH; SELF; MARRIED; 1,1175871E-08; 1,1175871E-08; 1; 0,47365528; 0,32608432; 0,50650537; 0,27403724; Idle
HIGH; SELF; MARRIED; 0; 0; 1; 0,6423557; 0,061441064; 0,11553395; 0,50344956; Aggressive
HIGH; SELF; MARRIED; 1,1175871E-08; 1,1175871E-08; 1; 0,9927462; 0,14223349; 0,39678806; 0,13686621; Idle
HIGH; SELF; MARRIED; 0,016666664; 0,016666664; 0,98333335; 0,08300078; 0,6888154; 0,38231534; 0,73533136; Idle
HIGH; SELF; MARRIED; 0,6000001; 0,6000001; 0,4000004; 0,44674885; 0,7998574; 0,02069211; 0,95803314; Investigation
HIGH; SELF; MARRIED; 0,3166667; 0,3166667; 0,68333364; 0,94163597; 0,08075452; 0,15875995; 0,9398722; Interact
HIGH; SELF; MARRIED; 0,61666673; 0,61666673; 0,3833337; 0,18517041; 0,36213756; 0,43939537; 0,5598907; PatrolWalk
HIGH; SELF; MARRIED; 0; 0; 1; 0,9389343; 0,8752042; 0,8377435; 0,33900845; Idle
HIGH; SELF; MARRIED; 0,61666673; 0,61666673; 0,3833337; 0,45470554; 0,7428246; 0,9836938; 0,870287; Investigation
HIGH; SELF; MARRIED; 0,31666672; 0,31666672; 0,68333364; 0,38417637; 0,7195971; 0,56473845; 0,7100141; Idle
HIGH; SELF; MARRIED; 0,31666672; 0,31666672; 0,68333364; 0,3631001; 0,4467154; 0,4866652; 0,68393856; Idle
HIGH; SELF; MARRIED; 0; 0; 1; 0,5442627; 0,017203152; 0,80927575; 0,0953626; Idle
HIGH; SELF; MARRIED; 0,31666672; 0,31666672; 0,68333364; 0,21261; 0,028264642; 0,37021732; 0,53626066; Idle
HIGH; SELF; MARRIED; 0,33333337; 0,33333337; 0,666667; 0,8381792; 0,8240411; 0,63439703; 0,60460675; Interact
HIGH; SELF; MARRIED; 0,28333333; 0,28333333; 0,71666694; 0,70214903; 0,9018143; 0,1607272; 0,96874505; Aggressive
HIGH; SELF; MARRIED; 0; 0; 1; 0,26842362; 0,42788923; 0,5443368; 0,023665905; Idle
HIGH; SELF; MARRIED; 0,3166667; 0,3166667; 0,68333364; 0,3888679; 0,66829073; 0,8647643; 0,7998884; PatrolWalk
HIGH; SELF; MARRIED; 0,30000004; 0,30000004; 0,7000003; 0,12670487; 0,69492465; 0,20171654; 0,8509529; Aggressive
HIGH; SELF; MARRIED; 0,3166667; 0,3166667; 0,68333364; 0,16800505; 0,35242617; 0,8950124; 0,717431; Idle
HIGH; SELF; MARRIED; 0,61666673; 0,61666673; 0,3833337; 0,297383; 0,9417116; 0,8516556; 0,68636096; Investigation
HIGH; SELF; MARRIED; 0,61666673; 0,61666673; 0,3833337; 0,14617348; 0,25757682; 0,415725; 0,42484826; PatrolWalk
HIGH; SELF; MARRIED; 0,30000004; 0,30000004; 0,7000003; 0,82325864; 0,6113802; 0,07507753; 0,5665763; Aggressive
HIGH; SELF; MARRIED; 0,61666673; 0,61666673; 0,3833337; 0,8850564; 0,62784034; 0,31649613; 0,5614861; Interact
HIGH; SELF; MARRIED; 0,03333333; 0,03333333; 0,9666667; 0,34999233; 0,61672324; 0,3625934; 0,53014547; Idle
HIGH; SELF; MARRIED; 0; 0; 1; 0,52153033; 0,517158; 0,703716; 0,24649149; Idle
HIGH; SELF; MARRIED; 0,30000004; 0,30000004; 0,7000003; 0,9591992; 0,18094343; 0,78565; 0,63715565; Idle
HIGH; SELF; MARRIED; 0,016666664; 0,016666664; 0,98333335; 0,34217727; 0,3017701; 0,10781443; 0,95814127; Aggressive
HIGH; SELF; MARRIED; 1,1175871E-08; 1,1175871E-08; 1; 0,79489374; 0,70639557; 0,09401059; 0,23746693; Aggressive
HIGH; SELF; MARRIED; 0,61666673; 0,61666673; 0,3833337; 0,9105015; 0,16483551; 0,08809525; 0,36523056; Interact
HIGH; SELF; MARRIED; 0,3166667; 0,3166667; 0,68333364; 0,8836431; 0,43540353; 0,84412134; 0,8498302; Interact
HIGH; SELF; MARRIED; 0,3166667; 0,3166667; 0,68333364; 0,31451064; 0,36110687; 0,6584271; 0,37101823; PatrolWalk
HIGH; SELF; MARRIED; 1,1175871E-08; 1,1175871E-08; 1; 0,41236597; 0,87407327; 0,42373204; 0,13352025; Idle
HIGH; SELF; MARRIED; 0,3166667; 0,3166667; 0,68333364; 0,1366548; 0,7268709; 0,7519034; 0,34313065; Idle
HIGH; SELF; MARRIED; 0,33333337; 0,33333337; 0,666667; 0,20528728; 0,108148634; 0,3129841; 0,19453108; Idle
HIGH; SELF; MARRIED; 0,30000004; 0,30000004; 0,7000003; 0,4417342; 0,3447352; 0,44716448; 0,098965764; PatrolWalk
HIGH; SELF; MARRIED; 0,6000001; 0,6000001; 0,4000004; 0,19926417; 0,17006117; 0,8700895; 0,55902815; Idle
HIGH; SELF; MARRIED; 0; 0; 1; 0,41529667; 0,92389476; 0,8334386; 0,4936589; Idle
HIGH; SELF; MARRIED; 0; 0; 1; 0,03157538; 0,34355897; 0,07928735; 0,82858926; Aggressive
HIGH; SELF; MARRIED; 0,3166667; 0,3166667; 0,68333364; 0,33838826; 0,7932872; 0,1843319; 0,59857315; Aggressive
HIGH; SELF; MARRIED; 0,016666664; 0,016666664; 0,98333335; 0,6143988; 0,3854416; 0,41593558; 0,30050534; Idle
HIGH; SELF; MARRIED; 0,016666664; 0,016666664; 0,98333335; 0,7587364; 0,8957192; 0,35757393; 0,8974337; Idle
HIGH; SELF; MARRIED; 0,30000004; 0,30000004; 0,7000003; 0,2485609; 0,99440396; 0,753433; 0,49537462; Idle
HIGH; SELF; MARRIED; 0,61666673; 0,61666673; 0,3833337; 0,11046773; 0,8229018; 0,07074231; 0,06543523; Aggressive
HIGH; SELF; MARRIED; 0,6333334; 0,6333334; 0,36666703; 0,5555225; 0,24708062; 0,076740324; 0,96144897; Investigation
HIGH; SELF; MARRIED; 1,1175871E-08; 1,1175871E-08; 1; 0,12328595; 0,16747868; 0,3183173; 0,3978799; Idle
HIGH; SELF; MARRIED; 0,8999998; 0,8999998; 0,10000028; 0,45961928; 0,46622956; 0,13913321; 0,4772029; PatrolWalk
HIGH; SELF; MARRIED; 0,30000004; 0,30000004; 0,7000003; 0,72857594; 0,5591651; 0,72167856; 0,7949451; PatrolWalk
HIGH; SELF; MARRIED; 0; 0; 1; 0,54153943; 0,5264358; 0,7258483; 0,50947547; Idle
HIGH; SELF; MARRIED; 0,016666664; 0,016666664; 0,98333335; 0,6085888; 0,55937546; 0,32921046; 0,0008517504; Idle
HIGH; SELF; MARRIED; 0,3166667; 0,3166667; 0,68333364; 0,66593194; 0,1281386; 0,11812031; 0,12348449; Interact
HIGH; SELF; MARRIED; 0,3166667; 0,3166667; 0,68333364; 0,6718489; 0,20719558; 0,9952463; 0,92659706; Interact
HIGH; SELF; MARRIED; 0,6000001; 0,6000001; 0,4000004; 0,73582417; 0,688725; 0,41655463; 0,84299815; Investigation
HIGH; SELF; MARRIED; 0,3166667; 0,3166667; 0,68333364; 0,4168979; 0,3650893; 0,95175827; 0,96676517; PatrolWalk
HIGH; SELF; MARRIED; 0,33333337; 0,33333337; 0,666667; 0,09347898; 0,35209906; 0,650425; 0,98746353; Idle
HIGH; SELF; MARRIED; 0,30000004; 0,30000004; 0,7000003; 0,38246554; 0,029142976; 0,21194547; 0,16343755; Aggressive
HIGH; SELF; MARRIED; 0,6000001; 0,6000001; 0,4000004; 0,88036907; 0,72077596; 0,75238025; 0,38714862; Interact
HIGH; SELF; MARRIED; 0; 0; 1; 0,9759064; 0,09316981; 0,8049576; 0,1491993; Idle
HIGH; SELF; MARRIED; 1,1175871E-08; 1,1175871E-08; 1; 0,5392659; 0,9073471; 0,3366971; 0,653284; Idle
HIGH; SELF; MARRIED; 0,30000004; 0,30000004; 0,7000003; 0,61491656; 0,43543118; 0,19664162; 0,031924784; Aggressive
HIGH; SELF; MARRIED; 0,3166667; 0,3166667; 0,68333364; 0,7861989; 0,011953354; 0,21607053; 0,82594794; Interact
HIGH; SELF; MARRIED; 0,016666664; 0,016666664; 0,98333335; 0,7618817; 0,4809317; 0,83015543; 0,47980607; Idle
HIGH; SELF; MARRIED; 0,016666664; 0,016666664; 0,98333335; 0,8749617; 0,44644016; 0,6689069; 0,38667476; Idle
HIGH; SELF; MARRIED; 0,3; 0,3; 0,7000003; 0,6136782; 0,73276895; 0,6260068; 0,5471838; PatrolWalk
HIGH; SELF; MARRIED; 0,016666664; 0,016666664; 0,98333335; 0,00095134974; 0,56376225; 0,6618699; 0,18748856; Idle
HIGH; SELF; MARRIED; 0,6333334; 0,6333334; 0,36666703; 0,11292678; 0,78799975; 0,6855095; 0,1556781; PatrolWalk
HIGH; SELF; MARRIED; 1,1175871E-08; 1,1175871E-08; 1; 0,9191311; 0,3218276; 0,14773083; 0,5046277; Aggressive
HIGH; SELF; MARRIED; 0,3; 0,3; 0,7000003; 0,8399986; 0,5341829; 0,9230186; 0,107292175; PatrolWalk
HIGH; SELF; MARRIED; 0,30000004; 0,30000004; 0,7000003; 0,6114903; 0,16866249; 0,92992103; 0,3718741; PatrolWalk
HIGH; SELF; MARRIED; 1,1175871E-08; 1,1175871E-08; 1; 0,039591253; 0,20547032; 0,4014914; 0,12909585; Idle
HIGH; SELF; MARRIED; 0,016666664; 0,016666664; 0,98333335; 0,7682731; 0,86336464; 0,6545989; 0,18720007; Idle
HIGH; SELF; MARRIED; 0,3166667; 0,3166667; 0,68333364; 0,09095746; 0,49851096; 0,34463525; 0,920308; PatrolWalk
HIGH; SELF; MARRIED; 0,3166667; 0,3166667; 0,68333364; 0,6006646; 0,07368529; 0,3268572; 0,3381629; Interact
HIGH; SELF; MARRIED; 0; 0; 1; 0,8460536; 0,030938864; 0,5464969; 0,06347996; Idle
HIGH; SELF; MARRIED; 0,3166667; 0,3166667; 0,68333364; 0,6763034; 0,06458217; 0,42494553; 0,77078485; Interact
HIGH; SELF; MARRIED; 0,33333337; 0,33333337; 0,666667; 0,9883577; 0,72906506; 0,78034663; 0,9092534; Interact
HIGH; SELF; MARRIED; 0; 0; 1; 0,5197526; 0,5481418; 0,8391354; 0,95805407; Idle
HIGH; SELF; MARRIED; 0; 0; 1; 0,9565525; 0,5393136; 0,2637763; 0,6386961; Aggressive
HIGH; SELF; MARRIED; 1,1175871E-08; 1,1175871E-08; 1; 0,13385755; 0,31941003; 0,44567525; 0,4627449; Idle
HIGH; SELF; MARRIED; 0,30000004; 0,30000004; 0,7000003; 0,46904176; 0,32219458; 0,1778236; 0,7895881; Aggressive
HIGH; SELF; MARRIED; 0,3166667; 0,3166667; 0,68333364; 0,014005244; 0,27236724; 0,50016165; 0,7370226; PatrolWalk
HIGH; SELF; MARRIED; 0,016666664; 0,016666664; 0,98333335; 0,057248116; 0,9185317; 0,45353258; 0,78953207; Idle
HIGH; SELF; MARRIED; 0,016666664; 0,016666664; 0,98333335; 0,6512307; 0,41612; 0,17368335; 0,16859984; Aggressive
HIGH; SELF; MARRIED; 0,30000004; 0,30000004; 0,7000003; 0,885518; 0,2905702; 0,9841252; 0,19421434; PatrolWalk
HIGH; SELF; MARRIED; 0,016666664; 0,016666664; 0,98333335; 0,55131644; 0,45347255; 0,82873327; 0,403068; Idle
HIGH; SELF; MARRIED; 0,03333333; 0,03333333; 0,9666667; 0,4157136; 0,9080864; 0,45904404; 0,29354537; Idle
HIGH; SELF; MARRIED; 0,30000004; 0,30000004; 0,7000003; 0,17501926; 0,63024354; 0,47899473; 0,24050105; Idle
HIGH; SELF; MARRIED; 0; 0; 1; 0,38801724; 0,66734576; 0,7947928; 0,40806025; Idle
HIGH; SELF; MARRIED; 0,30000004; 0,30000004; 0,7000003; 0,9715172; 0,9786102; 0,42543596; 0,108207464; Idle
HIGH; SELF; MARRIED; 1,1175871E-08; 1,1175871E-08; 1; 0,58669347; 0,71954507; 0,17342699; 0,9443536; Aggressive
HIGH; SELF; MARRIED; 0,016666664; 0,016666664; 0,98333335; 0,2961244; 0,71817756; 0,6115308; 0,9435278; Idle
HIGH; SELF; MARRIED; 0,3166667; 0,3166667; 0,68333364; 0,70504224; 0,5877312; 0,17274678; 0,8454865; Interact
HIGH; SELF; MARRIED; 0; 0; 1; 0,77112305; 0,44444287; 0,24993151; 0,8790526; Aggressive
HIGH; SELF; MARRIED; 1,1175871E-08; 1,1175871E-08; 1; 0,42956632; 0,0543108; 0,79230493; 0,89789724; Idle
HIGH; SELF; MARRIED; 0,3166667; 0,3166667; 0,68333364; 0,84722733; 0,42143548; 0,23556095; 0,2718978; Interact
HIGH; SELF; MARRIED; 0,33333337; 0,33333337; 0,666667; 0,07741892; 0,6435081; 0,010620058; 0,29614776; Aggressive
HIGH; SELF; MARRIED; 0,6000001; 0,6000001; 0,4000004; 0,04667282; 0,751986; 0,7210647; 0,9164964; Investigation
HIGH; SELF; MARRIED; 0,30000004; 0,30000004; 0,7000003; 0,22925192; 0,6366843; 0,0016294718; 0,46805924; Aggressive
HIGH; SELF; MARRIED; 0,6000001; 0,6000001; 0,4000004; 0,35003573; 0,48421073; 0,8050154; 0,40416777; PatrolWalk
HIGH; SELF; MARRIED; 0; 0; 1; 0,6770172; 0,22660083; 0,99358076; 0,5967031; Idle
HIGH; SELF; MARRIED; 0,3166667; 0,3166667; 0,68333364; 0,5073112; 0,57982296; 0,052431464; 0,13964379; Interact
HIGH; SELF; MARRIED; 0,016666664; 0,016666664; 0,98333335; 0,6615028; 0,12659526; 0,2730407; 0,93600214; Aggressive
HIGH; SELF; MARRIED; 0; 0; 1; 0,29097283; 0,36028004; 0,2399981; 0,2741508; Aggressive
HIGH; SELF; MARRIED; 0,30000004; 0,30000004; 0,7000003; 0,86735415; 0,07045221; 0,109974325; 0,70784247; Aggressive
HIGH; SELF; MARRIED; 0,016666664; 0,016666664; 0,98333335; 0,9628829; 0,48968977; 0,365103; 0,48565602; Idle
HIGH; SELF; MARRIED; 0,03333333; 0,03333333; 0,9666667; 0,2578795; 0,037828684; 0,6724635; 0,7768991; Idle
HIGH; SELF; MARRIED; 0,3; 0,3; 0,7000003; 0,4791634; 0,8895977; 0,6077375; 0,08833927; PatrolWalk
HIGH; SELF; MARRIED; 1,1175871E-08; 1,1175871E-08; 1; 0,21095276; 0,062274873; 0,8094371; 0,87789667; Idle
HIGH; SELF; MARRIED; 0,28333333; 0,28333333; 0,71666694; 0,035589516; 0,8112692; 0,94855106; 0,36671156; PatrolWalk
HIGH; SELF; MARRIED; 0,31666672; 0,31666672; 0,68333364; 0,5433279; 0,7463999; 0,32490408; 0,4488232; Interact
HIGH; SELF; MARRIED; 0; 0; 1; 0,46192366; 0,66929173; 0,10356814; 0,9116321; Aggressive
HIGH; SELF; MARRIED; 0; 0; 1; 0,91851944; 0,37799233; 0,5218773; 0,53920084; Idle
HIGH; SELF; MARRIED; 0; 0; 1; 0,09586972; 0,27738535; 0,84709436; 0,97730356; Idle
HIGH; SELF; MARRIED; 0; 0; 1; 0,6870825; 0,12784213; 0,8521414; 0,2462892; Idle
HIGH; SELF; MARRIED; 0,33333337; 0,33333337; 0,666667; 0,06601089; 0,8092613; 0,92755353; 0,69413835; PatrolWalk
HIGH; SELF; MARRIED; 0,35000005; 0,35000005; 0,65000033; 0,91163886; 0,8326443; 0,0060614347; 0,45541996; Interact
HIGH; SELF; MARRIED; 0; 0; 1; 0,2259053; 0,18862402; 0,64395297; 0,4647429; Idle
HIGH; SELF; MARRIED; 0,31666672; 0,31666672; 0,68333364; 0,10108644; 0,9786402; 0,19373763; 0,47903132; Aggressive
HIGH; SELF; MARRIED; 0; 0; 1; 0,6246904; 0,19855672; 0,76922953; 0,9919188; Idle
HIGH; SELF; MARRIED; 0,016666679; 0,016666679; 0,98333335; 0,006398082; 0,9878981; 0,5352865; 0,65860397; Idle
HIGH; SELF; MARRIED; 0; 0; 1; 0,3889557; 0,45106107; 0,97017294; 0,6578356; Idle
HIGH; SELF; MARRIED; 0,30000004; 0,30000004; 0,7000003; 0,45123035; 0,60994416; 0,28159028; 0,24723029; Aggressive
HIGH; SELF; MARRIED; 0,30000004; 0,30000004; 0,7000003; 0,044400692; 0,8225914; 0,85481393; 0,19380611; Idle
HIGH; SELF; MARRIED; 0,30000004; 0,30000004; 0,7000003; 0,37014318; 0,71805704; 0,3690439; 0,2588703; PatrolWalk
HIGH; SELF; MARRIED; 0,03333333; 0,03333333; 0,9666667; 0,03160119; 0,35980356; 0,7454192; 0,07736665; Idle
HIGH; SELF; MARRIED; 0,049999997; 0,049999997; 0,95000005; 0,47955567; 0,13562584; 0,7882478; 0,28173482; Idle
HIGH; SELF; MARRIED; 0,30000004; 0,30000004; 0,7000003; 0,9638072; 0,07308805; 0,9336649; 0,93999094; Idle
HIGH; SELF; MARRIED; 0,016666679; 0,016666679; 0,98333335; 0,66597027; 0,597341; 0,54630286; 0,6297628; Idle
HIGH; SELF; MARRIED; 0,30000004; 0,30000004; 0,7000003; 0,73656344; 0,8085206; 0,576269; 0,64860755; Idle
HIGH; SELF; MARRIED; 0,31666672; 0,31666672; 0,68333364; 0,43585008; 0,12237352; 0,72947735; 0,84851056; PatrolWalk
HIGH; SELF; MARRIED; 0,30000004; 0,30000004; 0,7000003; 0,21694005; 0,27791142; 0,67440164; 0,25901592; PatrolWalk
HIGH; SELF; MARRIED; 1,1175871E-08; 1,1175871E-08; 1; 0,61891484; 0,81273305; 0,41742975; 0,48017865; Idle
HIGH; SELF; MARRIED; 0,6000001; 0,6000001; 0,4000004; 0,9836494; 0,58431345; 0,37241036; 0,25112635; Interact
HIGH; SELF; MARRIED; 1,1175871E-08; 1,1175871E-08; 1; 0,8517691; 0,57966024; 0,5246279; 0,028244078; Idle
HIGH; SELF; MARRIED; 0,33333337; 0,33333337; 0,666667; 0,81359863; 0,8095521; 0,42547458; 0,4766705; Interact
HIGH; SELF; MARRIED; 0,35000005; 0,35000005; 0,65000033; 0,733208; 0,8792602; 0,9417526; 0,1862669; Interact
HIGH; SELF; MARRIED; 0,6000001; 0,6000001; 0,4000004; 0,8501341; 0,58823055; 0,21984279; 0,23093504; Interact
HIGH; SELF; MARRIED; 0,31666672; 0,31666672; 0,68333364; 0,25873876; 0,18792921; 0,7528313; 0,07255185; Idle
HIGH; SELF; MARRIED; 0,6000001; 0,6000001; 0,4000004; 0,6890576; 0,28864622; 0,78767157; 0,36136943; Interact
HIGH; SELF; MARRIED; 0,016666679; 0,016666679; 0,98333335; 0,8244392; 0,8809443; 0,9029812; 0,503779; Idle
HIGH; SELF; MARRIED; 1,1175871E-08; 1,1175871E-08; 1; 0,9014509; 0,16016; 0,12739062; 0,21449953; Aggressive
HIGH; SELF; MARRIED; 0,30000004; 0,30000004; 0,7000003; 0,3009256; 0,110896766; 0,9975178; 0,6369561; PatrolWalk
HIGH; SELF; MARRIED; 0,3; 0,3; 0,7000003; 0,90305924; 0,65342927; 0,08076239; 0,1665656; Aggressive
HIGH; SELF; MARRIED; 0,30000004; 0,30000004; 0,7000003; 0,4739313; 0,5820269; 0,07114351; 0,9458879; Aggressive
HIGH; SELF; MARRIED; 0,03333333; 0,03333333; 0,9666667; 0,07804352; 0,57495576; 0,37462175; 0,061787426; Idle
HIGH; SELF; MARRIED; 0,049999997; 0,049999997; 0,95000005; 0,24548441; 0,48998088; 0,3479557; 0,7987637; Idle
HIGH; SELF; MARRIED; 0,3; 0,3; 0,7000003; 0,2202906; 0,531956; 0,22431284; 0,67169666; Aggressive
HIGH; SELF; MARRIED; 0,61666673; 0,61666673; 0,3833337; 0,80689955; 0,68822926; 0,56202596; 0,08267242; Interact
HIGH; SELF; MARRIED; 0,3; 0,3; 0,7000003; 0,38648075; 0,5333474; 0,18971884; 0,4531688; Aggressive
HIGH; SELF; MARRIED; 0,31666672; 0,31666672; 0,68333364; 0,35278416; 0,6974503; 0,70744807; 0,8327381; PatrolWalk
HIGH; SELF; MARRIED; 0; 0; 1; 0,8164068; 0,41348678; 0,64943624; 0,37658924; Idle
HIGH; SELF; MARRIED; 1,1175871E-08; 1,1175871E-08; 1; 0,22577268; 0,63387704; 0,1673016; 0,23233455; Aggressive
HIGH; SELF; MARRIED; 0; 0; 1; 0,03536296; 0,899596; 0,7488945; 0,06689906; Idle
HIGH; SELF; MARRIED; 1,1175871E-08; 1,1175871E-08; 1; 0,09196961; 0,8037511; 0,07716411; 0,41515934; Aggressive
HIGH; SELF; MARRIED; 0,33333337; 0,33333337; 0,666667; 0,77506584; 0,8290587; 0,7714012; 0,33525807; Interact
HIGH; SELF; MARRIED; 0,35000005; 0,35000005; 0,65000033; 0,37644655; 0,113936424; 0,03966254; 0,8891318; Aggressive
HIGH; SELF; MARRIED; 0; 0; 1; 0,23366332; 0,6501684; 0,8474431; 0,88288766; Idle
HIGH; SELF; MARRIED; 0,3166667; 0,3166667; 0,68333364; 0,32945728; 0,2814421; 0,11832267; 0,34729874; Aggressive
HIGH; SELF; MARRIED; 1; 1; 0; 0,022494197; 0,4967671; 0,4217041; 0,0031799674; PatrolWalk
HIGH; SELF; MARRIED; 0; 0; 1; 0,15545517; 0,043836415; 0,43016618; 0,6874831; Idle
HIGH; SELF; MARRIED; 0,016666679; 0,016666679; 0,98333335; 0,37881237; 0,5595865; 0,61329544; 0,6300372; Idle
HIGH; SELF; MARRIED; 0,30000004; 0,30000004; 0,7000003; 0,40762728; 0,37556738; 0,29345518; 0,83273774; Aggressive
HIGH; SELF; MARRIED; 0; 0; 1; 0,9165536; 0,94338524; 0,5464534; 0,5186407; Idle
HIGH; SELF; MARRIED; 0,30000004; 0,30000004; 0,7000003; 0,96542; 0,067098916; 0,5774191; 0,6016879; Idle
HIGH; SELF; MARRIED; 0; 0; 1; 0,5015345; 0,34819585; 0,48869807; 0,09556705; Idle
HIGH; SELF; MARRIED; 0,03333333; 0,03333333; 0,9666667; 0,72696495; 0,9147426; 0,80810684; 0,3310048; Idle
HIGH; SELF; MARRIED; 0,049999997; 0,049999997; 0,95000005; 0,07495135; 0,5254866; 0,08441305; 0,6688603; Aggressive
HIGH; SELF; MARRIED; 0,30000004; 0,30000004; 0,7000003; 0,13734591; 0,11063397; 0,4040029; 0,113334715; Idle
HIGH; SELF; MARRIED; 0,016666664; 0,016666664; 0,98333335; 0,012741089; 0,8800247; 0,9975765; 0,8121851; Idle
HIGH; SELF; MARRIED; 0,30000004; 0,30000004; 0,7000003; 0,6971758; 0,35949558; 0,3234561; 0,68969154; PatrolWalk
HIGH; SELF; MARRIED; 0,31666672; 0,31666672; 0,68333364; 0,7389861; 0,9708834; 0,01521039; 0,40326607; Interact
HIGH; SELF; MARRIED; 1,1175871E-08; 1,1175871E-08; 1; 0,05347991; 0,369074; 0,69757634; 0,15047646; Idle
HIGH; SELF; MARRIED; 0,30000004; 0,30000004; 0,7000003; 0,051080823; 0,6525989; 0,7059657; 0,9786448; PatrolWalk
HIGH; SELF; MARRIED; 0,6000001; 0,6000001; 0,4000004; 0,5571888; 0,7668236; 0,43783593; 0,11203498; Interact
HIGH; SELF; MARRIED; 0,30000004; 0,30000004; 0,7000003; 0,36802244; 0,42956698; 0,4960181; 0,34060317; Idle
HIGH; SELF; MARRIED; 0,33333337; 0,33333337; 0,666667; 0,56225187; 0,7127926; 0,95164806; 0,81960523; Interact
HIGH; SELF; MARRIED; 0; 0; 1; 0,70934296; 0,6400387; 0,5698644; 0,611905; Idle
HIGH; SELF; MARRIED; 0,6000001; 0,6000001; 0,4000004; 0,80815214; 0,7134093; 0,6759438; 0,34883428; Interact
HIGH; SELF; MARRIED; 0,3166667; 0,3166667; 0,68333364; 0,13673109; 0,69705087; 0,2705515; 0,6873444; Aggressive
HIGH; SELF; MARRIED; 1,1175871E-08; 1,1175871E-08; 1; 0,34876895; 0,9673635; 0,6079177; 0,47790152; Idle
HIGH; SELF; MARRIED; 0,016666679; 0,016666679; 0,98333335; 0,06630349; 0,9090606; 0,35968524; 0,60625476; Idle
HIGH; SELF; MARRIED; 0,30000004; 0,30000004; 0,7000003; 0,27913767; 0,39839995; 0,97601694; 0,55379367; Idle
HIGH; SELF; MARRIED; 1,1175871E-08; 1,1175871E-08; 1; 0,711097; 0,17721432; 0,4137259; 0,4547733; Idle
HIGH; SELF; MARRIED; 0,3; 0,3; 0,7000003; 0,84384763; 0,4697979; 0,78533566; 0,14970112; Idle
HIGH; SELF; MARRIED; 0,6000001; 0,6000001; 0,4000004; 0,3579787; 0,48180932; 0,71453667; 0,6630343; Investigation
HIGH; SELF; MARRIED; 0,03333333; 0,03333333; 0,9666667; 0,24591315; 0,12386918; 0,50867695; 0,67870104; Idle
HIGH; SELF; MARRIED; 0,30000004; 0,30000004; 0,7000003; 0,26631004; 0,0012537837; 0,779658; 0,36635798; PatrolWalk
HIGH; SELF; MARRIED; 0,3; 0,3; 0,7000003; 0,054927886; 0,0803166; 0,93693453; 0,5344597; Idle
HIGH; SELF; MARRIED; 0,016666664; 0,016666664; 0,98333335; 0,77728623; 0,4181493; 0,6993239; 0,015005529; Idle
HIGH; SELF; MARRIED; 0,30000004; 0,30000004; 0,7000003; 0,3733952; 0,1975832; 0,50676185; 0,3504002; Idle
HIGH; SELF; MARRIED; 0,31666672; 0,31666672; 0,68333364; 0,3660816; 0,19380742; 0,5111625; 0,1497913; PatrolWalk
HIGH; SELF; MARRIED; 0,6000001; 0,6000001; 0,4000004; 0,98119867; 0,2810083; 0,8189839; 0,78968614; Investigation
HIGH; SELF; MARRIED; 0,30000004; 0,30000004; 0,7000003; 0,17289686; 0,50387365; 0,27202326; 0,8998604; Aggressive
HIGH; SELF; MARRIED; 0,6000001; 0,6000001; 0,4000004; 0,65365106; 0,72059214; 0,67585987; 0,9853983; Investigation
HIGH; SELF; MARRIED; 0,3; 0,3; 0,7000003; 0,2254489; 0,5867564; 0,4877761; 0,42070168; PatrolWalk
HIGH; SELF; MARRIED; 0,33333337; 0,33333337; 0,666667; 0,27155846; 0,7300386; 0,1388675; 0,4384991; Aggressive
HIGH; SELF; MARRIED; 1,1175871E-08; 1,1175871E-08; 1; 0,53223926; 0,8906388; 0,76341933; 0,58652943; Idle
HIGH; SELF; MARRIED; 0,6000001; 0,6000001; 0,4000004; 0,75426304; 0,37780887; 0,6512601; 0,5948906; Interact
HIGH; SELF; MARRIED; 0,3166667; 0,3166667; 0,68333364; 0,98104036; 0,08445275; 0,40785444; 0,83422077; Interact
HIGH; SELF; MARRIED; 0,6000001; 0,6000001; 0,4000004; 0,24040759; 0,31562477; 0,3744244; 0,42342627; Idle
HIGH; SELF; MARRIED; 0,016666679; 0,016666679; 0,98333335; 0,03018713; 0,8976884; 0,0966149; 0,96351206; Aggressive
HIGH; SELF; MARRIED; 0,3; 0,3; 0,7000003; 0,7801446; 0,4955002; 0,7217023; 0,85920465; Idle
HIGH; SELF; MARRIED; 1,1175871E-08; 1,1175871E-08; 1; 0,3260942; 0,02761048; 0,29439682; 0,8754904; Aggressive
HIGH; SELF; MARRIED; 0,3; 0,3; 0,7000003; 0,42913306; 0,42582405; 0,9479056; 0,14464873; PatrolWalk
HIGH; SELF; MARRIED; 0; 0; 1; 0,009906709; 0,8497353; 0,806693; 0,68272394; Idle
HIGH; SELF; MARRIED; 0,03333333; 0,03333333; 0,9666667; 0,982787; 0,59167737; 0,48285115; 0,4807561; Idle
HIGH; SELF; MARRIED; 0,30000004; 0,30000004; 0,7000003; 0,87030727; 0,9468361; 0,51581; 0,92886144; PatrolWalk
HIGH; SELF; MARRIED; 0,3; 0,3; 0,7000003; 0,908779; 0,39050752; 0,31398523; 0,5044235; PatrolWalk
HIGH; SELF; MARRIED; 0,016666664; 0,016666664; 0,98333335; 0,8572156; 0,9642054; 0,47517627; 0,64679736; Idle
HIGH; SELF; MARRIED; 0,91666645; 0,91666645; 0,08333361; 0,07525438; 0,55891; 0,44038153; 0,83252656; Investigation
HIGH; SELF; MARRIED; 0; 0; 1; 0,67088693; 0,8973116; 0,07533306; 0,24733776; Aggressive
HIGH; SELF; MARRIED; 0,61666673; 0,61666673; 0,3833337; 0,11357093; 0,9125125; 0,02470833; 0,60027; Investigation
HIGH; SELF; MARRIED; 0; 0; 1; 0,6251771; 0,419963; 0,084380746; 0,38063043; Aggressive
HIGH; SELF; MARRIED; 0; 0; 1; 0,412822; 0,8356285; 0,8277772; 0,51631826; Idle
HIGH; SELF; MARRIED; 0,31666672; 0,31666672; 0,68333364; 0,5407876; 0,0282588; 0,6142477; 0,711172; Interact
HIGH; SELF; MARRIED; 0,35000005; 0,35000005; 0,65000033; 0,28332233; 0,056684017; 0,6703654; 0,43779123; PatrolWalk
HIGH; SELF; MARRIED; 0; 0; 1; 0,67975664; 0,06300056; 0,6430986; 0,3507179; Idle
HIGH; SELF; MARRIED; 0; 0; 1; 0,89759845; 0,10027784; 0,71506166; 0,30522156; Idle
HIGH; SELF; MARRIED; 0,33333337; 0,33333337; 0,666667; 0,19406474; 0,35862762; 0,987526; 0,039141655; PatrolWalk
HIGH; SELF; MARRIED; 0,61666673; 0,61666673; 0,3833337; 0,10817289; 0,91453904; 0,9290581; 0,5136146; Idle
HIGH; SELF; MARRIED; 0; 0; 1; 0,25357747; 0,6961131; 0,97157353; 0,83713436; Idle
HIGH; SELF; MARRIED; 0,3166667; 0,3166667; 0,68333364; 0,8201005; 0,239232; 0,37592638; 0,3221308; Interact
HIGH; SELF; MARRIED; 0; 0; 1; 0,95962626; 0,7157056; 0,2971375; 0,83415544; Aggressive
HIGH; SELF; MARRIED; 0,30000004; 0,30000004; 0,7000003; 0,41567034; 0,26715916; 0,60756856; 0,0057080984; PatrolWalk
HIGH; SELF; MARRIED; 0,016666679; 0,016666679; 0,98333335; 0,25380522; 0,40944535; 0,09271872; 0,68436885; Aggressive
HIGH; SELF; MARRIED; 0,049999997; 0,049999997; 0,95000005; 0,8705896; 0,7721885; 0,6638643; 0,60715646; Idle
HIGH; SELF; MARRIED; 0,30000004; 0,30000004; 0,7000003; 0,35316914; 0,8602504; 0,06997532; 0,28082258; Aggressive
HIGH; SELF; MARRIED; 0,30000004; 0,30000004; 0,7000003; 0,07424754; 0,56439775; 0,21286142; 0,8704582; Aggressive
HIGH; SELF; MARRIED; 0,03333333; 0,03333333; 0,9666667; 0,08615261; 0,3427024; 0,68333334; 0,2182393; Idle
HIGH; SELF; MARRIED; 0,91666645; 0,91666645; 0,08333361; 0,9875782; 0,038663805; 0,14502704; 0,53170127; Interact
HIGH; SELF; MARRIED; 0,30000004; 0,30000004; 0,7000003; 0,3128174; 0,31817502; 0,4439214; 0,06643516; Idle
HIGH; SELF; MARRIED; 0,016666664; 0,016666664; 0,98333335; 0,5117251; 0,6888447; 0,18464518; 0,70774573; Aggressive
HIGH; SELF; MARRIED; 0; 0; 1; 0,57447904; 0,07962608; 0,003991246; 0,20683837; Aggressive
HIGH; SELF; MARRIED; 1,1175871E-08; 1,1175871E-08; 1; 0,06567633; 0,37288737; 0,17965561; 0,78918135; Aggressive
HIGH; SELF; MARRIED; 0; 0; 1; 0,94442; 0,017944872; 0,8607849; 0,70322055; Idle
HIGH; SELF; MARRIED; 0,35000005; 0,35000005; 0,65000033; 0,32734907; 0,39758825; 0,17526442; 0,033735752; Aggressive
HIGH; SELF; MARRIED; 1,1175871E-08; 1,1175871E-08; 1; 0,7735051; 0,6531649; 0,909275; 0,6908174; Idle
HIGH; SELF; MARRIED; 1,1175871E-08; 1,1175871E-08; 1; 0,99834836; 0,55541456; 0,5938887; 0,57364064; Idle
HIGH; SELF; MARRIED; 0,33333337; 0,33333337; 0,666667; 0,52411413; 0,073013425; 0,4433152; 0,2858039; Interact
HIGH; SELF; MARRIED; 0,61666673; 0,61666673; 0,3833337; 0,10223752; 0,8947655; 0,12372136; 0,52886695; Aggressive
HIGH; SELF; MARRIED; 0,6000001; 0,6000001; 0,4000004; 0,475735; 0,18806005; 0,49027067; 0,102888286; Idle
HIGH; SELF; MARRIED; 0; 0; 1; 0,85890377; 0,28779423; 0,05747795; 0,63055676; Aggressive
HIGH; SELF; MARRIED; 0; 0; 1; 0,6741425; 0,15635121; 0,26391464; 0,341834; Aggressive
HIGH; SELF; MARRIED; 0; 0; 1; 0,83933276; 0,7042956; 0,5509401; 0,056319296; Idle
HIGH; SELF; MARRIED; 0,30000004; 0,30000004; 0,7000003; 0,82233244; 0,29602665; 0,96199626; 0,88475984; Idle
HIGH; SELF; MARRIED; 0,049999997; 0,049999997; 0,95000005; 0,6387386; 0,6048879; 0,04092264; 0,46867847; Aggressive
HIGH; SELF; MARRIED; 0,30000004; 0,30000004; 0,7000003; 0,88139665; 0,4192418; 0,8934059; 0,7720176; Idle
HIGH; SELF; MARRIED; 0,30000004; 0,30000004; 0,7000003; 0,31922644; 0,41316932; 0,21549952; 0,6001847; Aggressive
HIGH; SELF; MARRIED; 0,03333333; 0,03333333; 0,9666667; 0,58716255; 0,12344301; 0,6517973; 0,63191813; Idle
HIGH; SELF; MARRIED; 0,3166667; 0,3166667; 0,68333364; 0,460819; 0,05720961; 0,86743796; 0,005531609; Idle
HIGH; SELF; MARRIED; 0,8999998; 0,8999998; 0,10000028; 0,4942332; 0,4872576; 0,54738295; 0,8156578; Investigation
HIGH; SELF; MARRIED; 0; 0; 1; 0,91161656; 0,084005; 0,81554353; 0,22309971; Idle
HIGH; SELF; MARRIED; 0; 0; 1; 0,4954856; 0,42390877; 0,580579; 0,26548088; Idle
HIGH; SELF; MARRIED; 0,30000004; 0,30000004; 0,7000003; 0,85052705; 0,0921433; 0,14733958; 0,868767; Aggressive
HIGH; SELF; MARRIED; 0,6000001; 0,6000001; 0,4000004; 0,024644136; 0,26625717; 0,32730103; 0,9539174; Investigation
HIGH; SELF; MARRIED; 0; 0; 1; 0,27832192; 0,23693794; 0,4819212; 0,63655424; Idle
HIGH; SELF; MARRIED; 0,6000001; 0,6000001; 0,4000004; 0,4250824; 0,052545726; 0,19074297; 0,40679586; Aggressive
HIGH; SELF; MARRIED; 1,1175871E-08; 1,1175871E-08; 1; 0,20165586; 0,6002367; 0,6224999; 0,83808076; Idle
HIGH; SELF; MARRIED; 0,33333337; 0,33333337; 0,666667; 0,65582556; 0,67456996; 0,6722941; 0,8068336; Interact
HIGH; SELF; MARRIED; 0; 0; 1; 0,21074736; 0,058341622; 0,103179455; 0,3763268; Aggressive
HIGH; SELF; MARRIED; 0,61666673; 0,61666673; 0,3833337; 0,8728359; 0,57406676; 0,08712733; 0,39811182; Interact
HIGH; SELF; MARRIED; 0,6000001; 0,6000001; 0,4000004; 0,6222231; 0,061893523; 0,7488346; 0,25533062; Interact
HIGH; SELF; MARRIED; 0,30000004; 0,30000004; 0,7000003; 0,24866778; 0,5885061; 0,8663906; 0,9931696; PatrolWalk
HIGH; SELF; MARRIED; 0,30000004; 0,30000004; 0,7000003; 0,60354006; 0,554216; 0,3646685; 0,08198118; Idle
HIGH; SELF; MARRIED; 1,1175871E-08; 1,1175871E-08; 1; 0,38680202; 0,6349006; 0,8020686; 0,77662593; Idle
HIGH; SELF; MARRIED; 0,3; 0,3; 0,7000003; 0,5072111; 0,4128706; 0,7216415; 0,04282689; PatrolWalk
HIGH; SELF; MARRIED; 0,30000004; 0,30000004; 0,7000003; 0,013680458; 0,65445864; 0,89999723; 0,05335194; Idle
HIGH; SELF; MARRIED; 0,3; 0,3; 0,7000003; 0,23927069; 0,5251213; 0,44210088; 0,2799669; PatrolWalk
HIGH; SELF; MARRIED; 0,30000004; 0,30000004; 0,7000003; 0,18780321; 0,8790677; 0,7002069; 0,76988006; PatrolWalk
HIGH; SELF; MARRIED; 0,03333333; 0,03333333; 0,9666667; 0,47989237; 0,06178665; 0,20488173; 0,67504275; Aggressive
HIGH; SELF; MARRIED; 0,3166667; 0,3166667; 0,68333364; 0,1718682; 0,4684416; 0,9424851; 0,7265931; PatrolWalk
HIGH; SELF; MARRIED; 0,3; 0,3; 0,7000003; 0,47522026; 0,86205935; 0,32303423; 0,8893247; Idle
HIGH; SELF; MARRIED; 1,1175871E-08; 1,1175871E-08; 1; 0,68710285; 0,7219339; 0,23175287; 0,96068245; Aggressive
HIGH; SELF; MARRIED; 0,6000001; 0,6000001; 0,4000004; 0,9120657; 0,92143756; 0,15042424; 0,5171679; Interact
HIGH; SELF; MARRIED; 0,30000004; 0,30000004; 0,7000003; 0,6398555; 0,7031579; 0,8835313; 0,66906494; Idle
HIGH; SELF; MARRIED; 0; 0; 1; 0,5420742; 0,92024606; 0,27302992; 0,0006325841; Aggressive
HIGH; SELF; MARRIED; 0,6000001; 0,6000001; 0,4000004; 0,1929875; 0,08536422; 0,27537078; 0,49915773; Aggressive
HIGH; SELF; MARRIED; 0; 0; 1; 0,92172384; 0,30157113; 0,43187356; 0,53306514; Idle
HIGH; SELF; MARRIED; 1,1175871E-08; 1,1175871E-08; 1; 0,5016038; 0,29290664; 0,46275866; 0,71710134; Idle
HIGH; SELF; MARRIED; 0; 0; 1; 0,115346014; 0,93134713; 0,69124156; 0,36425614; Idle
HIGH; SELF; MARRIED; 0,016666664; 0,016666664; 0,98333335; 0,82051283; 0,048256874; 0,10682833; 0,11597222; Aggressive
HIGH; SELF; MARRIED; 0,6000001; 0,6000001; 0,4000004; 0,6014407; 0,7848175; 0,43076587; 0,69850725; Investigation
HIGH; SELF; MARRIED; 0; 0; 1; 0,8374169; 0,46211976; 0,5351288; 0,9603967; Idle
HIGH; SELF; MARRIED; 0,3; 0,3; 0,7000003; 0,13761383; 0,37928134; 0,932281; 0,17727399; PatrolWalk
HIGH; SELF; MARRIED; 0,6000001; 0,6000001; 0,4000004; 0,742927; 0,9088721; 0,65790004; 0,25526738; Interact
HIGH; SELF; MARRIED; 0; 0; 1; 0,2227534; 0,49329895; 0,9550302; 0,5115358; Idle
HIGH; SELF; MARRIED; 0,3; 0,3; 0,7000003; 0,110816896; 0,7936293; 0,26874673; 0,7417392; Aggressive
HIGH; SELF; MARRIED; 0,30000004; 0,30000004; 0,7000003; 0,5003152; 0,5839565; 0,2784081; 0,2018913; Aggressive
HIGH; SELF; MARRIED; 0,30000004; 0,30000004; 0,7000003; 0,634009; 0,68834805; 0,15095085; 0,9059494; Aggressive
HIGH; SELF; MARRIED; 0,30000004; 0,30000004; 0,7000003; 0,1352902; 0,7706479; 0,21662074; 0,53073347; Aggressive
HIGH; SELF; MARRIED; 0; 0; 1; 0,10735661; 0,98645943; 0,46203715; 0,23639792; Idle
HIGH; SELF; MARRIED; 0,3; 0,3; 0,7000003; 0,6497066; 0,46579337; 0,5925226; 0,80210537; PatrolWalk
HIGH; SELF; MARRIED; 0,30000004; 0,30000004; 0,7000003; 0,75764793; 0,73818123; 0,48488623; 0,26936555; Idle
HIGH; SELF; MARRIED; 0; 0; 1; 0,72960013; 0,252433; 0,83698577; 0,5615428; Idle
HIGH; SELF; MARRIED; 0,3; 0,3; 0,7000003; 0,17451066; 0,6549224; 0,11227089; 0,59031385; Aggressive
HIGH; SELF; MARRIED; 0,30000004; 0,30000004; 0,7000003; 0,6830773; 0,70393974; 0,3986637; 0,95265883; PatrolWalk
HIGH; SELF; MARRIED; 0; 0; 1; 0,29407048; 0,5338843; 0,20454216; 0,8064083; Aggressive
HIGH; SELF; MARRIED; 1,1175871E-08; 1,1175871E-08; 1; 0,29929507; 0,85728586; 0,4931121; 0,8454671; Idle
HIGH; SELF; MARRIED; 1,1175871E-08; 1,1175871E-08; 1; 0,032612503; 0,99687856; 0,46864617; 0,37302828; Idle
HIGH; SELF; MARRIED; 1,1175871E-08; 1,1175871E-08; 1; 0,15084702; 0,70933694; 0,8052831; 0,3341158; Idle
HIGH; SELF; MARRIED; 0,30000004; 0,30000004; 0,7000003; 0,6443715; 0,6569696; 0,26985705; 0,5480794; Aggressive
HIGH; SELF; MARRIED; 0; 0; 1; 0,08933276; 0,54325175; 0,89702594; 0,89434147; Idle
HIGH; SELF; MARRIED; 0,6000001; 0,6000001; 0,4000004; 0,7881724; 0,0074295998; 0,3748768; 0,58629894; Interact
HIGH; SELF; MARRIED; 0,30000004; 0,30000004; 0,7000003; 0,6537638; 0,6475289; 0,7054107; 0,03231889; PatrolWalk
HIGH; SELF; MARRIED; 0; 0; 1; 0,7575967; 0,46304476; 0,41215837; 0,7333003; Idle
HIGH; SELF; MARRIED; 1,1175871E-08; 1,1175871E-08; 1; 0,5279558; 0,4477756; 0,31289726; 0,22614837; Idle
HIGH; SELF; MARRIED; 0; 0; 1; 0,17989212; 0,8961643; 0,26742; 0,0426839; Aggressive
HIGH; SELF; MARRIED; 0,30000004; 0,30000004; 0,7000003; 0,9167184; 0,33379054; 0,7028025; 0,55878514; Idle
HIGH; SELF; MARRIED; 0,30000004; 0,30000004; 0,7000003; 0,4275; 0,6831759; 0,35088795; 0,6200827; Idle
HIGH; SELF; MARRIED; 0,30000004; 0,30000004; 0,7000003; 0,8679313; 0,85944194; 0,82358676; 0,97033423; Idle
HIGH; SELF; MARRIED; 0; 0; 1; 0,8881911; 0,08815938; 0,99931055; 0,0705148; Idle
HIGH; SELF; MARRIED; 0,31666672; 0,31666672; 0,68333364; 0,9198648; 0,4710623; 0,78097063; 0,62872773; Interact
HIGH; SELF; MARRIED; 0,28333333; 0,28333333; 0,71666694; 0,5953037; 0,65040094; 0,07431555; 0,454821; Aggressive
HIGH; SELF; MARRIED; 0; 0; 1; 0,2777999; 0,37495887; 0,6255907; 0,8335477; Idle
HIGH; SELF; MARRIED; 0,31666672; 0,31666672; 0,68333364; 0,9471433; 0,89627576; 0,25676006; 0,9798871; Interact
HIGH; SELF; MARRIED; 0,31666672; 0,31666672; 0,68333364; 0,83219653; 0,19522947; 0,44023323; 0,1266275; Interact
HIGH; SELF; MARRIED; 0; 0; 1; 0,19173986; 0,27435505; 0,033121884; 0,061743498; Aggressive
HIGH; SELF; MARRIED; 0,61666673; 0,61666673; 0,3833337; 0,31956786; 0,14232635; 0,70299876; 0,6588986; Investigation
HIGH; SELF; MARRIED; 0,61666673; 0,61666673; 0,3833337; 0,049587786; 0,022053897; 0,40391815; 0,0352695; PatrolWalk
HIGH; SELF; MARRIED; 0,61666673; 0,61666673; 0,3833337; 0,619144; 0,7468649; 0,06123793; 0,50901943; Interact
HIGH; SELF; MARRIED; 0,30000004; 0,30000004; 0,7000003; 0,11262864; 0,90323055; 0,6194532; 0,5552671; PatrolWalk
HIGH; SELF; MARRIED; 0,016666679; 0,016666679; 0,98333335; 0,49844944; 0,63712883; 0,6461292; 0,047774613; Idle
HIGH; SELF; MARRIED; 0; 0; 1; 0,023484588; 0,6657378; 0,60558844; 0,69228315; Idle
HIGH; SELF; MARRIED; 0,30000004; 0,30000004; 0,7000003; 0,14925617; 0,1090889; 0,9566041; 0,18816924; Idle
HIGH; SELF; MARRIED; 0,016666679; 0,016666679; 0,98333335; 0,79659; 0,44071835; 0,90382797; 0,31070358; Idle
HIGH; SELF; MARRIED; 0,016666679; 0,016666679; 0,98333335; 0,44983625; 0,9621109; 0,31389654; 0,5217001; Idle
HIGH; SELF; MARRIED; 0; 0; 1; 0,22685993; 0,9271898; 0,17266995; 0,10056043; Aggressive
HIGH; SELF; MARRIED; 0,3166667; 0,3166667; 0,68333364; 0,7115588; 0,8484081; 0,10257971; 0,30221945; Interact
HIGH; SELF; MARRIED; 0,3166667; 0,3166667; 0,68333364; 0,9175995; 0,20428014; 0,9815693; 0,8163944; Interact
HIGH; SELF; MARRIED; 0,3166667; 0,3166667; 0,68333364; 0,53373504; 0,55290663; 0,63198155; 0,17564946; Interact
HIGH; SELF; MARRIED; 1,1175871E-08; 1,1175871E-08; 1; 0,41052473; 0,7876224; 0,0706076; 0,7935214; Aggressive
HIGH; SELF; MARRIED; 0,31666672; 0,31666672; 0,68333364; 0,7384181; 0,38908374; 0,88435453; 0,4001369; Interact
HIGH; SELF; MARRIED; 0,30000004; 0,30000004; 0,7000003; 0,37752753; 0,15184629; 0,67638636; 0,75401235; PatrolWalk
HIGH; SELF; MARRIED; 0,6000001; 0,6000001; 0,4000004; 0,801896; 0,5066708; 0,009747565; 0,6282908; Investigation
HIGH; SELF; MARRIED; 0,31666672; 0,31666672; 0,68333364; 0,36832708; 0,665107; 0,71402085; 0,12547708; PatrolWalk
HIGH; SELF; MARRIED; 0,31666672; 0,31666672; 0,68333364; 0,69727594; 0,14170718; 0,71155447; 0,76408345; Interact
HIGH; SELF; MARRIED; 0; 0; 1; 0,7356877; 0,3053556; 0,19637537; 0,68159604; Aggressive
HIGH; SELF; MARRIED; 0,016666664; 0,016666664; 0,98333335; 0,10293472; 0,97059345; 0,19062757; 0,24915057; Aggressive
HIGH; SELF; MARRIED; 0,016666664; 0,016666664; 0,98333335; 0,5226201; 0,52193713; 0,4194771; 0,38574487; Idle
HIGH; SELF; MARRIED; 0,016666664; 0,016666664; 0,98333335; 0,48806524; 0,07053816; 0,8780876; 0,48159224; Idle
HIGH; SELF; MARRIED; 0; 0; 1; 0,5815076; 0,8728927; 0,08702874; 0,88618946; Aggressive
HIGH; SELF; MARRIED; 0,016666679; 0,016666679; 0,98333335; 0,56860644; 0,28789705; 0,90590763; 0,86578655; Idle
HIGH; SELF; MARRIED; 1,1175871E-08; 1,1175871E-08; 1; 0,11835337; 0,6983902; 0,45831442; 0,19589365; Idle
HIGH; SELF; MARRIED; 0,3; 0,3; 0,7000003; 0,7544614; 0,404038; 0,385521; 0,5669128; Idle
HIGH; SELF; MARRIED; 0,016666679; 0,016666679; 0,98333335; 0,07555157; 0,87347734; 0,62450206; 0,7721096; Idle
HIGH; SELF; MARRIED; 0,016666679; 0,016666679; 0,98333335; 0,22381985; 0,0629518; 0,5875239; 0,44603038; Idle
HIGH; SELF; MARRIED; 0; 0; 1; 0,74909467; 0,79767853; 0,62888575; 0,35298932; Idle
HIGH; SELF; MARRIED; 0; 0; 1; 0,7034579; 0,8153531; 0,9652828; 0,7735613; Idle
HIGH; SELF; MARRIED; 0,3166667; 0,3166667; 0,68333364; 0,01747191; 0,7264206; 0,33078665; 0,61807287; PatrolWalk
HIGH; SELF; MARRIED; 0,3166667; 0,3166667; 0,68333364; 0,47561985; 0,47163326; 0,6483021; 0,2046476; Idle
HIGH; SELF; MARRIED; 0; 0; 1; 0,65101767; 0,22690964; 0,4975623; 0,9521205; Idle
HIGH; SELF; MARRIED; 0,31666672; 0,31666672; 0,68333364; 0,95440525; 0,472611; 0,06463212; 0,28339648; Interact
HIGH; SELF; MARRIED; 0,30000004; 0,30000004; 0,7000003; 0,48403084; 0,942526; 0,83038527; 0,65208006; Idle
HIGH; SELF; MARRIED; 0,6000001; 0,6000001; 0,4000004; 0,32845527; 0,29801744; 0,09438264; 0,8955834; Investigation
HIGH; SELF; MARRIED; 0,31666672; 0,31666672; 0,68333364; 0,17605662; 0,32979822; 0,49025208; 0,46053016; PatrolWalk
HIGH; SELF; MARRIED; 0,31666672; 0,31666672; 0,68333364; 0,39179242; 0,3903584; 0,5877445; 0,96339864; PatrolWalk
HIGH; SELF; MARRIED; 0,30000004; 0,30000004; 0,7000003; 0,1694246; 0,23516285; 0,7458235; 0,37046707; Idle
HIGH; SELF; MARRIED; 0,30000004; 0,30000004; 0,7000003; 0,98503715; 0,79519886; 0,4525687; 0,115196764; Idle
HIGH; SELF; MARRIED; 0,016666664; 0,016666664; 0,98333335; 0,59798163; 0,256823; 0,17785436; 0,639893; Aggressive
HIGH; SELF; MARRIED; 0,61666673; 0,61666673; 0,3833337; 0,04895872; 0,029800832; 0,48755747; 0,48366255; Idle
HIGH; SELF; MARRIED; 0; 0; 1; 0,5424362; 0,04592848; 0,6686728; 0,3222853; Idle
HIGH; SELF; MARRIED; 0,30000004; 0,30000004; 0,7000003; 0,42083007; 0,5604539; 0,87727475; 0,33538038; PatrolWalk
HIGH; SELF; MARRIED; 0,016666679; 0,016666679; 0,98333335; 0,22435427; 0,794794; 0,8029422; 0,79976434; Idle
HIGH; SELF; MARRIED; 0,6000001; 0,6000001; 0,4000004; 0,39723617; 0,6067683; 0,19236392; 0,72907823; Investigation
HIGH; SELF; MARRIED; 0,3; 0,3; 0,7000003; 0,40665996; 0,7322445; 0,0005144477; 0,19565803; Aggressive
HIGH; SELF; MARRIED; 0,016666679; 0,016666679; 0,98333335; 0,8949202; 0,66662663; 0,9676982; 0,16060805; Idle
HIGH; SELF; MARRIED; 0,016666679; 0,016666679; 0,98333335; 0,88415086; 0,9456252; 0,78938234; 0,7745946; Idle
HIGH; SELF; MARRIED; 0,6000001; 0,6000001; 0,4000004; 0,42507732; 0,8613464; 0,4576587; 0,29262722; Idle
HIGH; SELF; MARRIED; 0,6000001; 0,6000001; 0,4000004; 0,87782013; 0,28655183; 0,97717637; 0,5332288; Interact
HIGH; SELF; MARRIED; 0; 0; 1; 0,18784058; 0,49291605; 0,87538606; 0,11434013; Idle
HIGH; SELF; MARRIED; 0,91666645; 0,91666645; 0,08333361; 0,30314928; 0,5665527; 0,112611234; 0,43147814; PatrolWalk
HIGH; SELF; MARRIED; 1,1175871E-08; 1,1175871E-08; 1; 0,6511406; 0,66363907; 0,6487637; 0,7444448; Idle
HIGH; SELF; MARRIED; 0,31666672; 0,31666672; 0,68333364; 0,23146492; 0,73527414; 0,52639514; 0,82052207; Idle
HIGH; SELF; MARRIED; 0,3; 0,3; 0,7000003; 0,8773027; 0,40991986; 0,92458224; 0,5297902; Idle
HIGH; SELF; MARRIED; 0; 0; 1; 0,045023263; 0,7940764; 0,93356675; 0,10885233; Idle
HIGH; SELF; MARRIED; 0,31666672; 0,31666672; 0,68333364; 0,27529424; 0,65382326; 0,1658163; 0,22782046; Aggressive
HIGH; SELF; MARRIED; 0,31666672; 0,31666672; 0,68333364; 0,37446404; 0,2373966; 0,79610777; 0,69334686; Idle
HIGH; SELF; MARRIED; 0,8999998; 0,8999998; 0,10000028; 0,40754664; 0,75396997; 0,17362136; 0,0042260885; PatrolWalk
HIGH; SELF; MARRIED; 0,3; 0,3; 0,7000003; 0,20622605; 0,28701192; 0,057322502; 0,08454931; Aggressive
HIGH; SELF; MARRIED; 0,30000004; 0,30000004; 0,7000003; 0,73670757; 0,6274262; 0,35135603; 0,48736018; PatrolWalk
HIGH; SELF; MARRIED; 0,61666673; 0,61666673; 0,3833337; 0,5746852; 0,9539903; 0,04015416; 0,19343638; Interact
HIGH; SELF; MARRIED; 0,30000004; 0,30000004; 0,7000003; 0,8884618; 0,9949374; 0,008609772; 0,76818335; Aggressive
HIGH; SELF; MARRIED; 0,61666673; 0,61666673; 0,3833337; 0,8595294; 0,6105818; 0,30965483; 0,7513013; Investigation
HIGH; SELF; MARRIED; 0,6000001; 0,6000001; 0,4000004; 0,86874974; 0,32550204; 0,35917503; 0,0015763044; Interact
HIGH; SELF; MARRIED; 0,30000004; 0,30000004; 0,7000003; 0,7913077; 0,33253586; 0,16115808; 0,11685485; Aggressive
HIGH; SELF; MARRIED; 0,016666679; 0,016666679; 0,98333335; 0,9949791; 0,35402542; 0,33105105; 0,29242522; Idle
HIGH; SELF; MARRIED; 0,61666673; 0,61666673; 0,3833337; 0,048240602; 0,6474071; 0,86053824; 0,75109726; Investigation
HIGH; SELF; MARRIED; 0,6000001; 0,6000001; 0,4000004; 0,2937976; 0,11664879; 0,9619855; 0,7233344; Investigation
HIGH; SELF; MARRIED; 0; 0; 1; 0,011345565; 0,038979292; 0,19157767; 0,04172629; Aggressive
HIGH; SELF; MARRIED; 1,1175871E-08; 1,1175871E-08; 1; 0,89972085; 0,046653092; 0,63383096; 0,13649887; Idle
HIGH; SELF; MARRIED; 0,3166667; 0,3166667; 0,68333364; 0,36922544; 0,16410005; 0,37962008; 0,39641738; Idle
HIGH; SELF; MARRIED; 1,1175871E-08; 1,1175871E-08; 1; 0,34068114; 0,044388533; 0,7128297; 0,025112212; Idle
HIGH; SELF; MARRIED; 0,3166667; 0,3166667; 0,68333364; 0,6113222; 0,73271424; 0,97983885; 0,9865099; Interact
HIGH; SELF; MARRIED; 0,3; 0,3; 0,7000003; 0,78962535; 0,12088144; 0,25109696; 0,12409109; Aggressive
HIGH; SELF; MARRIED; 1,1175871E-08; 1,1175871E-08; 1; 0,15805024; 0,7764305; 0,60000205; 0,3352769; Idle
HIGH; SELF; MARRIED; 0,31666672; 0,31666672; 0,68333364; 0,29544675; 0,18728709; 0,11654359; 0,25538874; Aggressive
HIGH; SELF; MARRIED; 0,3166667; 0,3166667; 0,68333364; 0,49106532; 0,17500705; 0,31974566; 0,94597006; Idle
HIGH; SELF; MARRIED; 0,3; 0,3; 0,7000003; 0,8531075; 0,2571882; 0,7478154; 0,08638799; Idle
HIGH; SELF; MARRIED; 0; 0; 1; 0,3571115; 0,63928956; 0,68910867; 0,91061336; Idle
HIGH; SELF; MARRIED; 0,30000004; 0,30000004; 0,7000003; 0,20372003; 0,9481239; 0,7698468; 0,29829222; PatrolWalk
HIGH; SELF; MARRIED; 0,61666673; 0,61666673; 0,3833337; 0,4211892; 0,36658984; 0,7226197; 0,6489979; Investigation
HIGH; SELF; MARRIED; 0,30000004; 0,30000004; 0,7000003; 0,29289645; 0,7640685; 0,29163462; 0,5612777; Aggressive
HIGH; SELF; MARRIED; 0,016666664; 0,016666664; 0,98333335; 0,90433156; 0,34577274; 0,23717642; 0,5194201; Aggressive
HIGH; SELF; MARRIED; 0; 0; 1; 0,42962754; 0,060015917; 0,413651; 0,93626916; Idle
HIGH; SELF; MARRIED; 0,30000004; 0,30000004; 0,7000003; 0,674315; 0,56246895; 0,47279924; 0,76960826; PatrolWalk
HIGH; SELF; MARRIED; 0,016666679; 0,016666679; 0,98333335; 0,7893346; 0,40065885; 0,70430464; 0,53408164; Idle
HIGH; SELF; MARRIED; 0,61666673; 0,61666673; 0,3833337; 0,33592284; 0,6145022; 0,5856312; 0,5937665; Idle
HIGH; SELF; MARRIED; 0,6000001; 0,6000001; 0,4000004; 0,09433669; 0,87338835; 0,99329937; 0,437312; Idle
HIGH; SELF; MARRIED; 0,30000004; 0,30000004; 0,7000003; 0,7972348; 0,26789713; 0,29508984; 0,4235077; Aggressive
HIGH; SELF; MARRIED; 1,1175871E-08; 1,1175871E-08; 1; 0,03656012; 0,3283742; 0,07338071; 0,34862554; Aggressive
HIGH; SELF; MARRIED; 0,3166667; 0,3166667; 0,68333364; 0,1423915; 0,08723444; 0,10873908; 0,23183858; Aggressive
HIGH; SELF; MARRIED; 0; 0; 1; 0,02854073; 0,9667354; 0,83092916; 0,34725094; Idle
HIGH; SELF; MARRIED; 0; 0; 1; 0,037683845; 0,45395976; 0,117776036; 0,18260098; Aggressive
HIGH; SELF; MARRIED; 0,31666672; 0,31666672; 0,68333364; 0,51125956; 0,6785038; 0,0052894354; 0,6475812; Interact
HIGH; SELF; MARRIED; 0; 0; 1; 0,83430475; 0,75996685; 0,87165767; 0,96356106; Idle
HIGH; SELF; MARRIED; 0,3333334; 0,3333334; 0,666667; 0,0601663; 0,2980826; 0,67561764; 0,30914807; Idle
HIGH; SELF; MARRIED; 0,9333331; 0,9333331; 0,066666946; 0,14204323; 0,69515437; 0,120867014; 0,049524724; PatrolWalk
HIGH; SELF; MARRIED; 0,91666645; 0,91666645; 0,08333361; 0,41266948; 0,951735; 0,19498485; 0,9166879; Investigation
HIGH; SELF; MARRIED; 0; 0; 1; 0,10031533; 0,97695315; 0,43896657; 0,4883592; Idle
HIGH; SELF; MARRIED; 0; 0; 1; 0,15525895; 0,3138216; 0,15740383; 0,09675044; Aggressive
HIGH; SELF; MARRIED; 0; 0; 1; 0,32280296; 0,82543045; 0,5434909; 0,3520707; Idle
HIGH; SELF; MARRIED; 0,30000004; 0,30000004; 0,7000003; 0,3898487; 0,29609376; 0,24973023; 0,995988; Aggressive
HIGH; SELF; MARRIED; 0; 0; 1; 0,86449295; 0,13518631; 0,26971692; 0,53226995; Aggressive
HIGH; SELF; MARRIED; 0,016666679; 0,016666679; 0,98333335; 0,4873712; 0,30782986; 0,20936501; 0,1835084; Aggressive
HIGH; SELF; MARRIED; 0,30000004; 0,30000004; 0,7000003; 0,5383173; 0,6597062; 0,5140215; 0,9056645; PatrolWalk
HIGH; SELF; MARRIED; 0,6333334; 0,6333334; 0,36666703; 0,82231855; 0,15128529; 0,2822563; 0,48758137; Interact
HIGH; SELF; MARRIED; 0,6333334; 0,6333334; 0,36666703; 0,67941076; 0,39092892; 0,7062267; 0,17388058; Interact
HIGH; SELF; MARRIED; 0,61666673; 0,61666673; 0,3833337; 0,55565226; 0,73591447; 0,98882294; 0,89700437; Investigation
HIGH; SELF; MARRIED; 0,30000004; 0,30000004; 0,7000003; 0,07736629; 0,21660852; 0,9369362; 0,5917101; PatrolWalk
HIGH; SELF; MARRIED; 0; 0; 1; 0,7633302; 0,6140403; 0,029848456; 0,75582963; Aggressive
HIGH; SELF; MARRIED; 0,30000004; 0,30000004; 0,7000003; 0,13961124; 0,18876946; 0,32588524; 0,77147025; PatrolWalk
HIGH; SELF; MARRIED; 1,1175871E-08; 1,1175871E-08; 1; 0,81686413; 0,9123677; 0,06253791; 0,83837783; Aggressive
HIGH; SELF; MARRIED; 0; 0; 1; 0,6021265; 0,46076804; 0,6247249; 0,2822675; Idle
HIGH; SELF; MARRIED; 0; 0; 1; 0,84222543; 0,011773407; 0,117976725; 0,4543277; Aggressive
HIGH; SELF; MARRIED; 1,1175871E-08; 1,1175871E-08; 1; 0,83558965; 0,09960234; 0,38510197; 0,59126264; Idle
HIGH; SELF; MARRIED; 0,33333337; 0,33333337; 0,666667; 0,7832972; 0,6457436; 0,3177541; 0,012231052; Interact
HIGH; SELF; MARRIED; 0,33333337; 0,33333337; 0,666667; 0,65284145; 0,87327665; 0,93151325; 0,23116958; Interact
HIGH; SELF; MARRIED; 0,3166667; 0,3166667; 0,68333364; 0,6600757; 0,034617305; 0,08739704; 0,19482231; Interact
HIGH; SELF; MARRIED; 1,1175871E-08; 1,1175871E-08; 1; 0,33931112; 0,23447275; 0,3739025; 0,07580328; Idle
HIGH; SELF; MARRIED; 0; 0; 1; 0,27195436; 0,43048656; 0,959161; 0,73208237; Idle
HIGH; SELF; MARRIED; 1,1175871E-08; 1,1175871E-08; 1; 0,3689896; 0,4640414; 0,03446549; 0,008312166; Aggressive
HIGH; SELF; MARRIED; 0; 0; 1; 0,034029663; 0,15156579; 0,09032309; 0,16226089; Aggressive
HIGH; SELF; MARRIED; 0,30000004; 0,30000004; 0,7000003; 0,33293444; 0,108765066; 0,19603992; 0,27958298; Aggressive
HIGH; SELF; MARRIED; 0; 0; 1; 0,54489654; 0,7022712; 0,5075597; 0,31555313; Idle
HIGH; SELF; MARRIED; 0,30000004; 0,30000004; 0,7000003; 0,17940563; 0,7793424; 0,8338726; 0,27863812; Idle
HIGH; SELF; MARRIED; 0,03333333; 0,03333333; 0,9666667; 0,91549313; 0,936689; 0,07123405; 0,045570374; Aggressive
HIGH; SELF; MARRIED; 0,03333333; 0,03333333; 0,9666667; 0,3330829; 0,4735723; 0,9311401; 0,69490683; Idle
HIGH; SELF; MARRIED; 0,016666664; 0,016666664; 0,98333335; 0,1809504; 0,5252582; 0,896969; 0,7718394; Idle
HIGH; SELF; MARRIED; 0,30000004; 0,30000004; 0,7000003; 0,046477854; 0,4504202; 0,44511974; 0,52959627; PatrolWalk
HIGH; SELF; MARRIED; 0,30000004; 0,30000004; 0,7000003; 0,28161782; 0,4500894; 0,067046046; 0,07390243; Aggressive
HIGH; SELF; MARRIED; 0; 0; 1; 0,8315829; 0,29078484; 0,9500603; 0,055403113; Idle
HIGH; SELF; MARRIED; 0; 0; 1; 0,5311858; 0,8596564; 0,51801443; 0,3674659; Idle
HIGH; SELF; MARRIED; 1,1175871E-08; 1,1175871E-08; 1; 0,4429615; 0,20562643; 0,62602544; 0,17895567; Idle
HIGH; SELF; MARRIED; 0,30000004; 0,30000004; 0,7000003; 0,5669508; 0,8612869; 0,7928342; 0,00072836876; PatrolWalk
HIGH; SELF; MARRIED; 0,6000001; 0,6000001; 0,4000004; 0,57931924; 0,26325148; 0,18293196; 0,8629283; Investigation
HIGH; SELF; MARRIED; 0; 0; 1; 0,1373359; 0,82452655; 0,20905846; 0,5922797; Aggressive
HIGH; SELF; MARRIED; 0,33333337; 0,33333337; 0,666667; 0,1810025; 0,88575375; 0,7417584; 0,45594597; PatrolWalk
HIGH; SELF; MARRIED; 0,3166667; 0,3166667; 0,68333364; 0,19997656; 0,62510324; 0,624268; 0,73490965; Idle
HIGH; SELF; MARRIED; 1,1175871E-08; 1,1175871E-08; 1; 0,38899034; 0,09480333; 0,64326316; 0,55691135; Idle
HIGH; SELF; MARRIED; 1,1175871E-08; 1,1175871E-08; 1; 0,22609216; 0,59005255; 0,74524564; 0,12467921; Idle
HIGH; SELF; MARRIED; 0,30000004; 0,30000004; 0,7000003; 0,3408028; 0,03381872; 0,2661242; 0,95598376; Aggressive
HIGH; SELF; MARRIED; 1; 1; 0; 0,3090098; 0,61945677; 0,2786039; 0,654634; Investigation
HIGH; SELF; MARRIED; 0,30000004; 0,30000004; 0,7000003; 0,48787206; 0,7358602; 0,20185834; 0,9990101; Aggressive
HIGH; SELF; MARRIED; 0,30000004; 0,30000004; 0,7000003; 0,97205216; 0,32919532; 0,43268144; 0,12020379; PatrolWalk
HIGH; SELF; MARRIED; 1,1175871E-08; 1,1175871E-08; 1; 0,45102948; 0,27281392; 0,6954604; 0,5749351; Idle
HIGH; SELF; MARRIED; 0,3; 0,3; 0,7000003; 0,7263212; 0,73347163; 0,28845423; 0,8041705; Aggressive
HIGH; SELF; MARRIED; 0; 0; 1; 0,5013114; 0,81455725; 0,6627415; 0,6201475; Idle
HIGH; SELF; MARRIED; 0,03333333; 0,03333333; 0,9666667; 0,9770051; 0,18293417; 0,4609031; 0,3867516; Idle
HIGH; SELF; MARRIED; 0,61666673; 0,61666673; 0,3833337; 0,6253355; 0,92572796; 0,20595318; 0,5965926; Interact
HIGH; SELF; MARRIED; 0,30000004; 0,30000004; 0,7000003; 0,50461847; 0,71738356; 0,7537197; 0,7511181; PatrolWalk
HIGH; SELF; MARRIED; 0,30000004; 0,30000004; 0,7000003; 0,033661067; 0,9990149; 0,9834616; 0,8668945; PatrolWalk
HIGH; SELF; MARRIED; 1,1175871E-08; 1,1175871E-08; 1; 0,97787744; 0,3580715; 0,33789504; 0,22952181; Idle
HIGH; SELF; MARRIED; 1,1175871E-08; 1,1175871E-08; 1; 0,7425653; 0,56355006; 0,02812326; 0,8087097; Aggressive
HIGH; SELF; MARRIED; 1,1175871E-08; 1,1175871E-08; 1; 0,10839707; 0,24901646; 0,96087325; 0,013169587; Idle
HIGH; SELF; MARRIED; 0,30000004; 0,30000004; 0,7000003; 0,09701574; 0,013730109; 0,21357244; 0,17343277; Aggressive
HIGH; SELF; MARRIED; 0; 0; 1; 0,9611099; 0,033993423; 0,77739406; 0,885442; Idle
HIGH; SELF; MARRIED; 0,30000004; 0,30000004; 0,7000003; 0,5208994; 0,37523985; 0,33519024; 0,90463626; PatrolWalk
HIGH; SELF; MARRIED; 0,33333337; 0,33333337; 0,666667; 0,20351106; 0,11733949; 0,04354465; 0,041237116; Aggressive
HIGH; SELF; MARRIED; 0,3166667; 0,3166667; 0,68333364; 0,8486479; 0,810237; 0,36205804; 0,13235402; Interact
HIGH; SELF; MARRIED; 1,1175871E-08; 1,1175871E-08; 1; 0,6948015; 0,09014958; 0,191872; 0,58360416; Aggressive
HIGH; SELF; MARRIED; 1,1175871E-08; 1,1175871E-08; 1; 0,44364876; 0,94819605; 0,87685806; 0,023735583; Idle
HIGH; SELF; MARRIED; 0,30000004; 0,30000004; 0,7000003; 0,7096229; 0,784828; 0,4183584; 0,66998285; PatrolWalk
HIGH; SELF; MARRIED; 0; 0; 1; 0,019948423; 0,021780312; 0,15933532; 0,1474781; Aggressive
HIGH; SELF; MARRIED; 0,30000004; 0,30000004; 0,7000003; 0,6405283; 0,90713274; 0,87070084; 0,49508053; Idle
HIGH; SELF; MARRIED; 1,1175871E-08; 1,1175871E-08; 1; 0,7727115; 0,77982354; 0,19178039; 0,62313426; Aggressive
HIGH; SELF; MARRIED; 0,30000004; 0,30000004; 0,7000003; 0,8865058; 0,14602119; 0,92821115; 0,49669272; PatrolWalk
HIGH; SELF; MARRIED; 1,1175871E-08; 1,1175871E-08; 1; 0,36452985; 0,111423016; 0,31672287; 0,76836264; Idle
HIGH; SELF; MARRIED; 0,03333333; 0,03333333; 0,9666667; 0,22271508; 0,9720844; 0,1879186; 0,63979435; Aggressive
HIGH; SELF; MARRIED; 0,016666664; 0,016666664; 0,98333335; 0,8418885; 0,19492567; 0,7186412; 0,55843836; Idle
HIGH; SELF; MARRIED; 0; 0; 1; 0,72791505; 0,49396068; 0,97678953; 0,33395463; Idle
HIGH; SELF; MARRIED; 0,30000004; 0,30000004; 0,7000003; 0,4724009; 0,31595033; 0,7662999; 0,95443153; PatrolWalk
HIGH; SELF; MARRIED; 1,1175871E-08; 1,1175871E-08; 1; 0,65469855; 0,52866924; 0,47043437; 0,8546191; Idle
HIGH; SELF; MARRIED; 0; 0; 1; 0,72035295; 0,84621197; 0,9624708; 0,32438582; Idle
HIGH; SELF; MARRIED; 0,6000001; 0,6000001; 0,4000004; 0,06314725; 0,93166816; 0,71921414; 0,043300807; PatrolWalk
HIGH; SELF; MARRIED; 0; 0; 1; 0,32295686; 0,52472067; 0,4704367; 0,33600104; Idle
HIGH; SELF; MARRIED; 1,1175871E-08; 1,1175871E-08; 1; 0,50625855; 0,70040524; 0,9396405; 0,44588584; Idle
HIGH; SELF; MARRIED; 0,30000004; 0,30000004; 0,7000003; 0,7797411; 0,34248888; 0,8003812; 0,041826844; Idle
HIGH; SELF; MARRIED; 0; 0; 1; 0,54843277; 0,44800764; 0,79133; 0,38819206; Idle
HIGH; SELF; MARRIED; 0,3166667; 0,3166667; 0,68333364; 0,0017142892; 0,98699737; 0,53391546; 0,48743016; Idle
HIGH; SELF; MARRIED; 0,30000004; 0,30000004; 0,7000003; 0,6489771; 0,03084445; 0,04962921; 0,38197023; Aggressive
HIGH; SELF; MARRIED; 1,1175871E-08; 1,1175871E-08; 1; 0,5199289; 0,37670147; 0,34388053; 0,38360095; Idle
HIGH; SELF; MARRIED; 0,30000004; 0,30000004; 0,7000003; 0,88365453; 0,668922; 0,83044356; 0,9141493; PatrolWalk
HIGH; SELF; MARRIED; 0,30000004; 0,30000004; 0,7000003; 0,43565404; 0,99956954; 0,4469077; 0,080857515; Idle
HIGH; SELF; MARRIED; 0,3; 0,3; 0,7000003; 0,40263098; 0,18085492; 0,24761248; 0,9558905; Aggressive
HIGH; SELF; MARRIED; 0,30000004; 0,30000004; 0,7000003; 0,27181488; 0,50439644; 0,384467; 0,24360931; PatrolWalk
HIGH; SELF; MARRIED; 0,30000004; 0,30000004; 0,7000003; 0,15252048; 0,20419055; 0,9247436; 0,7502952; PatrolWalk
HIGH; SELF; MARRIED; 0,6000001; 0,6000001; 0,4000004; 0,19689351; 0,31693906; 0,2520064; 0,68108624; Investigation
HIGH; SELF; MARRIED; 0,30000004; 0,30000004; 0,7000003; 0,2563128; 0,29568237; 0,4247074; 0,729367; PatrolWalk
HIGH; SELF; MARRIED; 0,61666673; 0,61666673; 0,3833337; 0,12328994; 0,32952338; 0,005455017; 0,5828583; Aggressive
HIGH; SELF; MARRIED; 1,1175871E-08; 1,1175871E-08; 1; 0,6844713; 0,28441674; 0,7234375; 0,6011333; Idle
HIGH; SELF; MARRIED; 0,30000004; 0,30000004; 0,7000003; 0,35439956; 0,17956132; 0,64327276; 0,27558744; PatrolWalk
HIGH; SELF; MARRIED; 1,1175871E-08; 1,1175871E-08; 1; 0,427486; 0,40242612; 0,83395; 0,122401774; Idle
HIGH; SELF; MARRIED; 0,61666673; 0,61666673; 0,3833337; 0,8231905; 0,14125407; 0,82968694; 0,825132; Investigation
HIGH; SELF; MARRIED; 0; 0; 1; 0,8926934; 0,7085489; 0,8885836; 0,21570486; Idle
HIGH; SELF; MARRIED; 0; 0; 1; 0,7537399; 0,3138616; 0,32306206; 0,4753582; Idle
HIGH; SELF; MARRIED; 0; 0; 1; 0,3344357; 0,10991162; 0,6584939; 0,63769495; Idle
HIGH; SELF; MARRIED; 0,28333333; 0,28333333; 0,71666694; 0,23461407; 0,18050265; 0,84577173; 0,4360417; PatrolWalk
HIGH; SELF; MARRIED; 0; 0; 1; 0,25427133; 0,24827468; 0,11392653; 0,3463061; Aggressive
HIGH; SELF; MARRIED; 0,3; 0,3; 0,7000003; 0,27669024; 0,62643087; 0,2684039; 0,9306079; Aggressive
HIGH; SELF; MARRIED; 0,31666672; 0,31666672; 0,68333364; 0,5758349; 0,72522396; 0,98977727; 0,111842275; Interact
HIGH; SELF; MARRIED; 0; 0; 1; 0,5981808; 0,99251294; 0,35992414; 0,7481845; Idle
HIGH; SELF; MARRIED; 0,31666672; 0,31666672; 0,68333364; 0,7582276; 0,4292903; 0,16309732; 0,72562706; Interact
HIGH; SELF; MARRIED; 0,3166667; 0,3166667; 0,68333364; 0,19830894; 0,94562525; 0,514581; 0,45031673; PatrolWalk
HIGH; SELF; MARRIED; 0,30000004; 0,30000004; 0,7000003; 0,7058922; 0,4457593; 0,046765387; 0,7923819; Aggressive
HIGH; SELF; MARRIED; 0,30000004; 0,30000004; 0,7000003; 0,8898418; 0,824647; 0,2841205; 0,54958135; Aggressive
HIGH; SELF; MARRIED; 0,30000004; 0,30000004; 0,7000003; 0,920453; 0,34433585; 0,3018304; 0,84367144; PatrolWalk
HIGH; SELF; MARRIED; 0; 0; 1; 0,20736563; 0,8717423; 0,77855814; 0,8599488; Idle
HIGH; SELF; MARRIED; 0; 0; 1; 0,0066055655; 0,14204198; 0,15210545; 0,9285426; Aggressive
HIGH; SELF; MARRIED; 0; 0; 1; 0,21696544; 0,24062145; 0,48807186; 0,7920179; Idle
HIGH; SELF; MARRIED; 0,016666679; 0,016666679; 0,98333335; 0,54274267; 0,48349565; 0,4432519; 0,82672787; Idle
HIGH; SELF; MARRIED; 0,30000004; 0,30000004; 0,7000003; 0,53075427; 0,53535944; 0,242333; 0,42036396; Aggressive
HIGH; SELF; MARRIED; 0,016666679; 0,016666679; 0,98333335; 0,6358213; 0,6956004; 0,029621303; 0,45079207; Aggressive
HIGH; SELF; MARRIED; 0,016666664; 0,016666664; 0,98333335; 0,032351553; 0,7563841; 0,2666343; 0,3347296; Aggressive
HIGH; SELF; MARRIED; 1,1175871E-08; 1,1175871E-08; 1; 0,75954044; 0,26868755; 0,52170676; 0,12792909; Idle
HIGH; SELF; MARRIED; 1,1175871E-08; 1,1175871E-08; 1; 0,6500207; 0,43790376; 0,98084444; 0,06819123; Idle
HIGH; SELF; MARRIED; 1,1175871E-08; 1,1175871E-08; 1; 0,745714; 0,74899685; 0,28503972; 0,92895424; Aggressive
HIGH; SELF; MARRIED; 0,30000004; 0,30000004; 0,7000003; 0,01605016; 0,21748233; 0,51566786; 0,7871368; PatrolWalk
HIGH; SELF; MARRIED; 0; 0; 1; 0,026399791; 0,13415813; 0,054470956; 0,30560392; Aggressive
HIGH; SELF; MARRIED; 0,30000004; 0,30000004; 0,7000003; 0,8830661; 0,22184134; 0,73669577; 0,026549876; PatrolWalk
HIGH; SELF; MARRIED; 0,31666672; 0,31666672; 0,68333364; 0,64233667; 0,45826012; 0,03957522; 0,8789231; Interact
HIGH; SELF; MARRIED; 1,1175871E-08; 1,1175871E-08; 1; 0,7059279; 0,6026956; 0,78588736; 0,72358763; Idle
HIGH; SELF; MARRIED; 0; 0; 1; 0,45563483; 0,21871448; 0,89776415; 0,24646854; Idle
HIGH; SELF; MARRIED; 0; 0; 1; 0,98259264; 0,5786747; 0,46752214; 0,80886096; Idle
HIGH; SELF; MARRIED; 0,30000004; 0,30000004; 0,7000003; 0,004409075; 0,9906885; 0,8361959; 0,2614702; PatrolWalk
HIGH; SELF; MARRIED; 0,30000004; 0,30000004; 0,7000003; 0,80049855; 0,831203; 0,29274756; 0,5295616; Aggressive
HIGH; SELF; MARRIED; 0; 0; 1; 0,022337973; 0,8833562; 0,92054677; 0,9063214; Idle
HIGH; SELF; MARRIED; 1,1175871E-08; 1,1175871E-08; 1; 0,18308842; 0,7017786; 0,37140995; 0,86775273; Idle
HIGH; SELF; MARRIED; 0; 0; 1; 0,54243034; 0,034871638; 0,092024624; 0,13147962; Aggressive
HIGH; SELF; MARRIED; 1,1175871E-08; 1,1175871E-08; 1; 0,20114785; 0,6167521; 0,91750085; 0,14107066; Idle
HIGH; SELF; MARRIED; 0,016666679; 0,016666679; 0,98333335; 0,13735813; 0,97839236; 0,9547424; 0,15375912; Idle
HIGH; SELF; MARRIED; 0,30000004; 0,30000004; 0,7000003; 0,2650894; 0,9250586; 0,17025226; 0,43175465; Aggressive
HIGH; SELF; MARRIED; 0,30000004; 0,30000004; 0,7000003; 0,6381497; 0,14656699; 0,27520883; 0,9279237; Aggressive
HIGH; SELF; MARRIED; 0,30000004; 0,30000004; 0,7000003; 0,96237785; 0,105214834; 0,27756554; 0,61365044; Aggressive
HIGH; SELF; MARRIED; 1,1175871E-08; 1,1175871E-08; 1; 0,86626893; 0,43149132; 0,5774099; 0,6207953; Idle
HIGH; SELF; MARRIED; 1,1175871E-08; 1,1175871E-08; 1; 0,6620676; 0,051552832; 0,44275957; 0,51517624; Idle
HIGH; SELF; MARRIED; 0,30000004; 0,30000004; 0,7000003; 0,10938281; 0,84291124; 0,44659448; 0,6944444; Idle
HIGH; SELF; MARRIED; 0,30000004; 0,30000004; 0,7000003; 0,4250945; 0,7857859; 0,33026427; 0,93825716; PatrolWalk
HIGH; SELF; MARRIED; 0; 0; 1; 0,8649815; 0,82494044; 0,86288273; 0,5191428; Idle
HIGH; SELF; MARRIED; 0,30000004; 0,30000004; 0,7000003; 0,96104807; 0,27442473; 0,5396687; 0,7993888; PatrolWalk
HIGH; SELF; MARRIED; 0,31666672; 0,31666672; 0,68333364; 0,40274435; 0,3513353; 0,026845336; 0,9092821; Aggressive
HIGH; SELF; MARRIED; 1,1175871E-08; 1,1175871E-08; 1; 0,1864608; 0,088395; 0,86041933; 0,7576912; Idle
HIGH; SELF; MARRIED; 1,1175871E-08; 1,1175871E-08; 1; 0,4399296; 0,7324648; 0,9743796; 0,45693284; Idle
HIGH; SELF; MARRIED; 0; 0; 1; 0,111023664; 0,8903284; 0,9376975; 0,038962245; Idle
HIGH; SELF; MARRIED; 1,1175871E-08; 1,1175871E-08; 1; 0,00186795; 0,69549245; 0,618253; 0,050690293; Idle
HIGH; SELF; MARRIED; 0,30000004; 0,30000004; 0,7000003; 0,79263395; 0,5818563; 0,47706205; 0,7397703; PatrolWalk
HIGH; SELF; MARRIED; 0,30000004; 0,30000004; 0,7000003; 0,80567944; 0,59147346; 0,7734895; 0,5191822; PatrolWalk
HIGH; SELF; MARRIED; 0,6000001; 0,6000001; 0,4000004; 0,2963661; 0,06978083; 0,7074123; 0,628246; Investigation
HIGH; SELF; MARRIED; 1,1175871E-08; 1,1175871E-08; 1; 0,38512027; 0,034239292; 0,030398786; 0,49581993; Aggressive
HIGH; SELF; MARRIED; 0,30000004; 0,30000004; 0,7000003; 0,48700792; 0,4008423; 0,15825307; 0,9072927; Aggressive
HIGH; SELF; MARRIED; 1,1175871E-08; 1,1175871E-08; 1; 0,5714445; 0,9186852; 0,88415647; 0,63612646; Idle
HIGH; SELF; MARRIED; 0,016666679; 0,016666679; 0,98333335; 0,9438494; 0,17919397; 0,042339623; 0,92397773; Aggressive
HIGH; SELF; MARRIED; 0,30000004; 0,30000004; 0,7000003; 0,90835595; 0,85028315; 0,8113063; 0,35909635; PatrolWalk
HIGH; SELF; MARRIED; 0,30000004; 0,30000004; 0,7000003; 0,25401098; 0,019571662; 0,55406076; 0,6797052; Idle
HIGH; SELF; MARRIED; 0,30000004; 0,30000004; 0,7000003; 0,9334551; 0,14489043; 0,67174107; 0,8887215; Idle
HIGH; SELF; MARRIED; 1,1175871E-08; 1,1175871E-08; 1; 0,17645556; 0,9213815; 0,06457716; 0,04466623; Aggressive
HIGH; SELF; MARRIED; 1,1175871E-08; 1,1175871E-08; 1; 0,2898283; 0,68780625; 0,7910704; 0,29782563; Idle
HIGH; SELF; MARRIED; 0,3; 0,3; 0,7000003; 0,66596; 0,66315293; 0,92914605; 0,67513436; PatrolWalk
HIGH; SELF; MARRIED; 0; 0; 1; 0,766817; 0,53103465; 0,6504917; 0,7929537; Idle
HIGH; SELF; MARRIED; 1,1175871E-08; 1,1175871E-08; 1; 0,5983672; 0,6893894; 0,8037712; 0,27101797; Idle
HIGH; SELF; MARRIED; 0,30000004; 0,30000004; 0,7000003; 0,27852452; 0,18567246; 0,07602167; 0,30962658; Aggressive
HIGH; SELF; MARRIED; 0; 0; 1; 0,87329346; 0,3904438; 0,15485132; 0,19571376; Aggressive
HIGH; SELF; MARRIED; 1,1175871E-08; 1,1175871E-08; 1; 0,26492512; 0,03155619; 0,113028586; 0,9324063; Aggressive
HIGH; SELF; MARRIED; 0,6000001; 0,6000001; 0,4000004; 0,6462219; 0,23483682; 0,22802007; 0,16667688; Interact
HIGH; SELF; MARRIED; 0,6000001; 0,6000001; 0,4000004; 0,8333338; 0,65548414; 0,020133853; 0,59983635; Interact
HIGH; SELF; MARRIED; 0; 0; 1; 0,85840964; 0,627444; 0,5348007; 0,16065025; Idle
HIGH; SELF; MARRIED; 0,30000004; 0,30000004; 0,7000003; 0,059200227; 0,55862767; 0,7188768; 0,4734888; PatrolWalk
HIGH; SELF; MARRIED; 0; 0; 1; 0,2857281; 0,07956648; 0,39836675; 0,9794966; Idle
HIGH; SELF; MARRIED; 0,30000004; 0,30000004; 0,7000003; 0,40312284; 0,06981641; 0,9327407; 0,5874811; Idle
HIGH; SELF; MARRIED; 0,30000004; 0,30000004; 0,7000003; 0,6335041; 0,8441067; 0,17262644; 0,22109091; Aggressive
HIGH; SELF; MARRIED; 1,1175871E-08; 1,1175871E-08; 1; 0,06685442; 0,9241606; 0,18225473; 0,1966101; Aggressive
HIGH; SELF; MARRIED; 0; 0; 1; 0,2028079; 0,49407423; 0,1346485; 0,37125987; Aggressive
HIGH; SELF; MARRIED; 0; 0; 1; 0,52175087; 0,6670065; 0,35257232; 0,14494938; Idle
HIGH; SELF; MARRIED; 0,3; 0,3; 0,7000003; 0,41771775; 0,2293405; 0,044638157; 0,2902044; Aggressive
HIGH; SELF; MARRIED; 0,3; 0,3; 0,7000003; 0,9603799; 0,08317751; 0,34555674; 0,7900715; PatrolWalk
HIGH; SELF; MARRIED; 0,30000004; 0,30000004; 0,7000003; 0,8457183; 0,14941609; 0,31008828; 0,12527317; PatrolWalk
HIGH; SELF; MARRIED; 1,1175871E-08; 1,1175871E-08; 1; 0,9159066; 0,008338273; 0,20252794; 0,62675035; Aggressive
HIGH; SELF; MARRIED; 0,30000004; 0,30000004; 0,7000003; 0,29531795; 0,5823587; 0,8312135; 0,6382163; PatrolWalk
HIGH; SELF; MARRIED; 0,6000001; 0,6000001; 0,4000004; 0,087147474; 0,27651775; 0,16294456; 0,12932456; Aggressive
HIGH; SELF; MARRIED; 1,1175871E-08; 1,1175871E-08; 1; 0,60283864; 0,21076947; 0,61648786; 0,5372307; Idle
HIGH; SELF; MARRIED; 0; 0; 1; 0,14430374; 0,7805071; 0,68880117; 0,49878842; Idle
HIGH; SELF; MARRIED; 0; 0; 1; 0,38836145; 0,50627804; 0,04644811; 0,11818004; Aggressive
HIGH; SELF; MARRIED; 0,30000004; 0,30000004; 0,7000003; 0,12492633; 0,6718495; 0,7511833; 0,8539943; PatrolWalk
HIGH; SELF; MARRIED; 0; 0; 1; 0,90716636; 0,97179437; 0,89711267; 0,7903221; Idle
HIGH; SELF; MARRIED; 0; 0; 1; 0,054469466; 0,9914823; 0,479266; 0,34497368; Idle
HIGH; SELF; MARRIED; 1,1175871E-08; 1,1175871E-08; 1; 0,6422788; 0,93875545; 0,8963576; 0,862437; Idle
HIGH; SELF; MARRIED; 0; 0; 1; 0,8691335; 0,060549557; 0,42059857; 0,90802; Idle
HIGH; SELF; MARRIED; 1,1175871E-08; 1,1175871E-08; 1; 0,8905391; 0,9464202; 0,67267114; 0,49342924; Idle
HIGH; SELF; MARRIED; 0,3; 0,3; 0,7000003; 0,2634561; 0,4986828; 0,9360095; 0,31053042; PatrolWalk
HIGH; SELF; MARRIED; 0,30000004; 0,30000004; 0,7000003; 0,24445993; 0,71254504; 0,016782999; 0,53658533; Aggressive
HIGH; SELF; MARRIED; 0,30000004; 0,30000004; 0,7000003; 0,21885145; 0,82757175; 0,77801675; 0,65588385; Idle
HIGH; SELF; MARRIED; 0; 0; 1; 0,8543987; 0,6041428; 0,5821617; 0,46299952; Idle
HIGH; SELF; MARRIED; 1,1175871E-08; 1,1175871E-08; 1; 0,5289281; 0,2929036; 0,25653833; 0,48393422; Aggressive
HIGH; SELF; MARRIED; 0,30000004; 0,30000004; 0,7000003; 0,8622039; 0,048303604; 0,20342493; 0,60052305; Aggressive
HIGH; SELF; MARRIED; 0,31666672; 0,31666672; 0,68333364; 0,55719125; 0,18685442; 0,528101; 0,4864965; Interact
HIGH; SELF; MARRIED; 0,31666672; 0,31666672; 0,68333364; 0,17871428; 0,78273934; 0,48218858; 0,9157818; PatrolWalk
HIGH; SELF; MARRIED; 0,31666672; 0,31666672; 0,68333364; 0,18386126; 0,45952076; 0,13847691; 0,14086586; Aggressive
HIGH; SELF; MARRIED; 0,31666672; 0,31666672; 0,68333364; 0,11651915; 0,4678076; 0,08623105; 0,300763; Aggressive
HIGH; SELF; MARRIED; 0; 0; 1; 0,9647448; 0,51133037; 0,9157877; 0,028339148; Idle
HIGH; SELF; MARRIED; 0; 0; 1; 0,8125367; 0,28487068; 0,35658133; 0,23587114; Idle
HIGH; SELF; MARRIED; 0,61666673; 0,61666673; 0,3833337; 0,25630933; 0,8455509; 0,13442963; 0,7212982; Investigation
HIGH; SELF; MARRIED; 0,31666672; 0,31666672; 0,68333364; 0,80442274; 0,3412748; 0,28388166; 0,2715205; Interact
HIGH; SELF; MARRIED; 0; 0; 1; 0,6278323; 0,5079882; 0,43657953; 0,3475268; Idle
HIGH; SELF; MARRIED; 0; 0; 1; 0,59102434; 0,43923742; 0,8315852; 0,88606966; Idle
HIGH; SELF; MARRIED; 0,016666679; 0,016666679; 0,98333335; 0,4405195; 0,4637261; 0,3473146; 0,8002246; Idle
HIGH; SELF; MARRIED; 0,016666679; 0,016666679; 0,98333335; 0,86327; 0,94377565; 0,9980721; 0,1692096; Idle
HIGH; SELF; MARRIED; 0,016666679; 0,016666679; 0,98333335; 0,8791114; 0,63763934; 0,9855592; 0,5429887; Idle
HIGH; SELF; MARRIED; 0,016666679; 0,016666679; 0,98333335; 0,9712044; 0,7556777; 0,968877; 0,8617758; Idle
HIGH; SELF; MARRIED; 0,30000004; 0,30000004; 0,7000003; 0,4270156; 0,15291166; 0,7735767; 0,23159504; Idle
HIGH; SELF; MARRIED; 0,30000004; 0,30000004; 0,7000003; 0,9566477; 0,23125863; 0,24251795; 0,50657576; Aggressive
HIGH; SELF; MARRIED; 0,3166667; 0,3166667; 0,68333364; 0,6170827; 0,5523743; 0,47653615; 0,051826358; Interact
HIGH; SELF; MARRIED; 0,016666679; 0,016666679; 0,98333335; 0,68772465; 0,67369366; 0,2694583; 0,94751257; Aggressive
HIGH; SELF; MARRIED; 0,30000004; 0,30000004; 0,7000003; 0,7533407; 0,70529884; 0,98648405; 0,3751788; Idle
HIGH; SELF; MARRIED; 0,30000004; 0,30000004; 0,7000003; 0,715792; 0,4429558; 0,624283; 0,704566; Idle
HIGH; SELF; MARRIED; 0,31666672; 0,31666672; 0,68333364; 0,8963002; 0,15968162; 0,91646886; 0,37011814; Interact
HIGH; SELF; MARRIED; 0,31666672; 0,31666672; 0,68333364; 0,33681995; 0,7298676; 0,09674674; 0,013713241; Aggressive
HIGH; SELF; MARRIED; 0,31666672; 0,31666672; 0,68333364; 0,4915073; 0,26897305; 0,34916908; 0,7261006; PatrolWalk
HIGH; SELF; MARRIED; 0,31666672; 0,31666672; 0,68333364; 0,8438748; 0,38226354; 0,2786467; 0,15216827; Interact
HIGH; SELF; MARRIED; 0,6000001; 0,6000001; 0,4000004; 0,95118886; 0,23762012; 0,77575535; 0,05807954; Interact
HIGH; SELF; MARRIED; 1,1175871E-08; 1,1175871E-08; 1; 0,3877988; 0,3396747; 0,16482413; 0,34781063; Aggressive
HIGH; SELF; MARRIED; 0,016666664; 0,016666664; 0,98333335; 0,082559586; 0,5685978; 0,8927444; 0,28539115; Idle
HIGH; SELF; MARRIED; 0; 0; 1; 0,23009974; 0,19473583; 0,7984422; 0,39873517; Idle
HIGH; SELF; MARRIED; 0,6000001; 0,6000001; 0,4000004; 0,11704767; 0,6398354; 0,3986014; 0,47299057; Idle
HIGH; SELF; MARRIED; 0,6000001; 0,6000001; 0,4000004; 0,7046686; 0,52299374; 0,080945075; 0,40975344; Interact
HIGH; SELF; MARRIED; 0,016666679; 0,016666679; 0,98333335; 0,77912503; 0,9939929; 0,6629413; 0,9324265; Idle
HIGH; SELF; MARRIED; 0,016666679; 0,016666679; 0,98333335; 0,6517177; 0,3793919; 0,172328; 0,7509312; Aggressive
HIGH; SELF; MARRIED; 0,016666679; 0,016666679; 0,98333335; 0,03660488; 0,3626436; 0,4587664; 0,53274757; Idle
HIGH; SELF; MARRIED; 0,016666679; 0,016666679; 0,98333335; 0,6361842; 0,961719; 0,19002473; 0,34812135; Aggressive
HIGH; SELF; MARRIED; 0,3; 0,3; 0,7000003; 0,14548904; 0,6814013; 0,008937836; 0,47612154; Aggressive
HIGH; SELF; MARRIED; 0; 0; 1; 0,60248774; 0,98132646; 0,91875845; 0,13248944; Idle
HIGH; SELF; MARRIED; 0,3166667; 0,3166667; 0,68333364; 0,17915678; 0,9402403; 0,44765896; 0,2483164; Idle
HIGH; SELF; MARRIED; 0,30000004; 0,30000004; 0,7000003; 0,01814276; 0,27631974; 0,15004808; 0,52742785; Aggressive
HIGH; SELF; MARRIED; 0,8999998; 0,8999998; 0,10000028; 0,340949; 0,6590716; 0,31094575; 0,9780239; Investigation
HIGH; SELF; MARRIED; 0,3; 0,3; 0,7000003; 0,74917924; 0,68034357; 0,093572795; 0,12684596; Aggressive
HIGH; SELF; MARRIED; 0,31666672; 0,31666672; 0,68333364; 0,05800283; 0,9612155; 0,4364894; 0,5861732; PatrolWalk
HIGH; SELF; MARRIED; 0; 0; 1; 0,12798363; 0,20785856; 0,7550838; 0,057223678; Idle
HIGH; SELF; MARRIED; 0,31666672; 0,31666672; 0,68333364; 0,66756725; 0,9670105; 0,36691785; 0,1049009; Interact
HIGH; SELF; MARRIED; 0; 0; 1; 0,27835655; 0,55614644; 0,8349612; 0,19828814; Idle
HIGH; SELF; MARRIED; 0; 0; 1; 0,65159535; 0,32752448; 0,54283726; 0,89773375; Idle
HIGH; SELF; MARRIED; 0,30000004; 0,30000004; 0,7000003; 0,88304526; 0,7926715; 0,86437976; 0,915871; PatrolWalk
HIGH; SELF; MARRIED; 0,61666673; 0,61666673; 0,3833337; 0,7619974; 0,8030359; 0,6169582; 0,43440396; Interact
HIGH; SELF; MARRIED; 1,1175871E-08; 1,1175871E-08; 1; 0,5120291; 0,3670417; 0,8478915; 0,4513625; Idle
HIGH; SELF; MARRIED; 0,6000001; 0,6000001; 0,4000004; 0,5682958; 0,95548457; 0,87792975; 0,41927278; Interact
HIGH; SELF; MARRIED; 0; 0; 1; 0,23362136; 0,4781183; 0,17335212; 0,9290606; Aggressive
HIGH; SELF; MARRIED; 1; 1; 0; 0,71562105; 0,15495002; 0,8828793; 0,8657438; Investigation
HIGH; SELF; MARRIED; 0,016666679; 0,016666679; 0,98333335; 0,90712065; 0,3404603; 0,37032032; 0,6415766; Idle
HIGH; SELF; MARRIED; 0,30000004; 0,30000004; 0,7000003; 0,06806344; 0,7707004; 0,5552396; 0,61716855; PatrolWalk
HIGH; SELF; MARRIED; 0,016666679; 0,016666679; 0,98333335; 0,9505435; 0,12945294; 0,78444695; 0,6386711; Idle
HIGH; SELF; MARRIED; 0,30000004; 0,30000004; 0,7000003; 0,50564885; 0,6936931; 0,2694115; 0,8816657; Aggressive
HIGH; SELF; MARRIED; 0,30000004; 0,30000004; 0,7000003; 0,74772495; 0,17233711; 0,0939163; 0,5324113; Aggressive
HIGH; SELF; MARRIED; 1,1175871E-08; 1,1175871E-08; 1; 0,35595602; 0,7875147; 0,17351705; 0,98206145; Aggressive
HIGH; SELF; MARRIED; 0,3166667; 0,3166667; 0,68333364; 0,5703943; 0,820201; 0,10246587; 0,17015952; Interact
HIGH; SELF; MARRIED; 0,30000004; 0,30000004; 0,7000003; 0,8721213; 0,3053279; 0,94472903; 0,71870494; Idle
HIGH; SELF; MARRIED; 0,3; 0,3; 0,7000003; 0,83656436; 0,22548348; 0,99709654; 0,13349038; PatrolWalk
HIGH; SELF; MARRIED; 0; 0; 1; 0,40313083; 0,35544068; 0,83154607; 0,5556735; Idle
HIGH; SELF; MARRIED; 0,31666672; 0,31666672; 0,68333364; 0,3775609; 0,7518382; 0,38543808; 0,6066429; PatrolWalk
HIGH; SELF; MARRIED; 1,1175871E-08; 1,1175871E-08; 1; 0,6169829; 0,43666428; 0,6995936; 0,8169049; Idle
HIGH; SELF; MARRIED; 0,31666672; 0,31666672; 0,68333364; 0,2911684; 0,78408104; 0,29772854; 0,61072797; Aggressive
HIGH; SELF; MARRIED; 1,1175871E-08; 1,1175871E-08; 1; 0,34133726; 0,6811494; 0,55659115; 0,062324584; Idle
HIGH; SELF; MARRIED; 1,1175871E-08; 1,1175871E-08; 1; 0,20737821; 0,596146; 0,33166516; 0,7889947; Idle
HIGH; SELF; MARRIED; 0; 0; 1; 0,1543256; 0,9020621; 0,6456384; 0,2766276; Idle
HIGH; SELF; MARRIED; 0,016666664; 0,016666664; 0,98333335; 0,65308285; 0,15287787; 0,734467; 0,16925788; Idle
HIGH; SELF; MARRIED; 0,6000001; 0,6000001; 0,4000004; 0,6630114; 0,6574507; 0,26084423; 0,50179064; Interact
HIGH; SELF; MARRIED; 0; 0; 1; 0,7434283; 0,8952082; 0,65059346; 0,52570105; Idle
HIGH; SELF; MARRIED; 0,30000004; 0,30000004; 0,7000003; 0,2479015; 0,090155244; 0,05373454; 0,81178635; Aggressive
HIGH; SELF; MARRIED; 0,016666679; 0,016666679; 0,98333335; 0,06253958; 0,54830074; 0,18211496; 0,8998966; Aggressive
HIGH; SELF; MARRIED; 0,30000004; 0,30000004; 0,7000003; 0,597833; 0,3673033; 0,12503624; 0,2503134; Aggressive
HIGH; SELF; MARRIED; 0,016666679; 0,016666679; 0,98333335; 0,097993374; 0,6444138; 0,8784456; 0,21259451; Idle
HIGH; SELF; MARRIED; 0,30000004; 0,30000004; 0,7000003; 0,3962686; 0,9546221; 0,8184195; 0,8572154; Idle
HIGH; SELF; MARRIED; 0,30000004; 0,30000004; 0,7000003; 0,050007343; 0,635892; 0,6673726; 0,7704414; Idle
HIGH; SELF; MARRIED; 0,30000004; 0,30000004; 0,7000003; 0,58553827; 0,44393784; 0,37889934; 0,76463455; PatrolWalk
HIGH; SELF; MARRIED; 0,3166667; 0,3166667; 0,68333364; 0,65717196; 0,7883735; 0,62978876; 0,8895986; Interact
HIGH; SELF; MARRIED; 0,3; 0,3; 0,7000003; 0,44062674; 0,33615822; 0,38258457; 0,92917114; Idle
HIGH; SELF; MARRIED; 0,30000004; 0,30000004; 0,7000003; 0,42658842; 0,6726765; 0,27006096; 0,93877053; Aggressive
HIGH; SELF; MARRIED; 1,1175871E-08; 1,1175871E-08; 1; 0,38399076; 0,14390177; 0,44861132; 0,26140678; Idle
HIGH; SELF; MARRIED; 0; 0; 1; 0,13276327; 0,5386502; 0,29164702; 0,49102604; Aggressive
HIGH; SELF; MARRIED; 1,1175871E-08; 1,1175871E-08; 1; 0,8151338; 0,58110976; 0,91719145; 0,2761187; Idle
HIGH; SELF; MARRIED; 0,31666672; 0,31666672; 0,68333364; 0,83789194; 0,99154294; 0,4557752; 0,6590121; Interact
HIGH; SELF; MARRIED; 0,6000001; 0,6000001; 0,4000004; 0,65364116; 0,6406783; 0,98053056; 0,62713176; Investigation
HIGH; SELF; MARRIED; 0,6000001; 0,6000001; 0,4000004; 0,6339479; 0,53009; 0,58343935; 0,6947985; Investigation
HIGH; SELF; MARRIED; 1,1175871E-08; 1,1175871E-08; 1; 0,3736081; 0,79399514; 0,04643333; 0,14703983; Aggressive
HIGH; SELF; MARRIED; 0,016666664; 0,016666664; 0,98333335; 0,6795504; 0,7436951; 0,63762367; 0,3478235; Idle
HIGH; SELF; MARRIED; 0,6000001; 0,6000001; 0,4000004; 0,98183537; 0,9790605; 0,6048425; 0,17071956; Interact
HIGH; SELF; MARRIED; 1,1175871E-08; 1,1175871E-08; 1; 0,6674151; 0,3728189; 0,54761255; 0,10376662; Idle
HIGH; SELF; MARRIED; 0,30000004; 0,30000004; 0,7000003; 0,78104794; 0,821244; 0,32069278; 0,15553528; PatrolWalk
HIGH; SELF; MARRIED; 0; 0; 1; 0,79387087; 0,29658097; 0,0236426; 0,2071681; Aggressive
HIGH; SELF; MARRIED; 0,30000004; 0,30000004; 0,7000003; 0,75014275; 0,46367997; 0,2267133; 0,37715793; Aggressive
HIGH; SELF; MARRIED; 0,016666679; 0,016666679; 0,98333335; 0,4163798; 0,15790927; 0,13502467; 0,27516526; Aggressive
HIGH; SELF; MARRIED; 0,3; 0,3; 0,7000003; 0,54398793; 0,81931794; 0,07336813; 0,48783422; Aggressive
HIGH; SELF; MARRIED; 0,3; 0,3; 0,7000003; 0,13615233; 0,7731804; 0,060295403; 0,5514093; Aggressive
HIGH; SELF; MARRIED; 0; 0; 1; 0,99633956; 0,51530105; 0,48320198; 0,9221406; Idle
HIGH; SELF; MARRIED; 0,3166667; 0,3166667; 0,68333364; 0,6427005; 0,5635544; 0,09028077; 0,7518677; Interact
HIGH; SELF; MARRIED; 0,3; 0,3; 0,7000003; 0,5935658; 0,3602634; 0,78906476; 0,82825226; PatrolWalk
HIGH; SELF; MARRIED; 0,30000004; 0,30000004; 0,7000003; 0,73444706; 0,5319485; 0,14398903; 0,37286818; Aggressive
HIGH; SELF; MARRIED; 1,1175871E-08; 1,1175871E-08; 1; 0,6760385; 0,4873048; 0,17642015; 0,67743486; Aggressive
HIGH; SELF; MARRIED; 0; 0; 1; 0,60559285; 0,5292972; 0,5624555; 0,32302278; Idle
HIGH; SELF; MARRIED; 0; 0; 1; 0,13301945; 0,9495626; 0,33697653; 0,7411189; Idle
HIGH; SELF; MARRIED; 0; 0; 1; 0,7422321; 0,5765743; 0,20809674; 0,6107067; Aggressive
HIGH; SELF; MARRIED; 0; 0; 1; 0,81009; 0,14098781; 0,3812393; 0,77925575; Idle
HIGH; SELF; MARRIED; 0; 0; 1; 0,0052354336; 0,5231175; 0,9649873; 0,89730936; Idle
HIGH; SELF; MARRIED; 0,31666672; 0,31666672; 0,68333364; 0,03420055; 0,6306391; 0,02568239; 0,4498405; Aggressive
HIGH; SELF; MARRIED; 0; 0; 1; 0,98887366; 0,98252016; 0,360955; 0,42589885; Idle
HIGH; SELF; MARRIED; 0; 0; 1; 0,13869202; 0,1936844; 0,89181733; 0,0100700855; Idle
HIGH; SELF; MARRIED; 0; 0; 1; 0,6517825; 0,76750207; 0,32240272; 0,6145199; Idle
HIGH; SELF; MARRIED; 0; 0; 1; 0,95535725; 0,6964786; 0,69661266; 0,3464114; Idle
HIGH; SELF; MARRIED; 0,30000004; 0,30000004; 0,7000003; 0,62748307; 0,67594796; 0,10805225; 0,59754974; Aggressive
HIGH; SELF; MARRIED; 0,30000004; 0,30000004; 0,7000003; 0,29290885; 0,33939427; 0,7749089; 0,24200863; PatrolWalk
HIGH; SELF; MARRIED; 0; 0; 1; 0,4043349; 0,42396933; 0,3829484; 0,92587066; Idle
HIGH; SELF; MARRIED; 0,30000004; 0,30000004; 0,7000003; 0,19092184; 0,26145; 0,8900786; 0,011051774; PatrolWalk
HIGH; SELF; MARRIED; 0,30000004; 0,30000004; 0,7000003; 0,31944108; 0,4277522; 0,12381631; 0,5469123; Aggressive
HIGH; SELF; MARRIED; 0,016666679; 0,016666679; 0,98333335; 0,03968382; 0,1890471; 0,1549092; 0,0022090673; Aggressive
HIGH; SELF; MARRIED; 0,30000004; 0,30000004; 0,7000003; 0,23469949; 0,9706632; 0,73750234; 0,33477306; PatrolWalk
HIGH; SELF; MARRIED; 0,30000004; 0,30000004; 0,7000003; 0,057194352; 0,69725114; 0,793653; 0,5737684; PatrolWalk
HIGH; SELF; MARRIED; 0,30000004; 0,30000004; 0,7000003; 0,7534138; 0,52557063; 0,7848531; 0,29635888; PatrolWalk
HIGH; SELF; MARRIED; 0,30000004; 0,30000004; 0,7000003; 0,73705345; 0,32477397; 0,42654878; 0,55973893; PatrolWalk
HIGH; SELF; MARRIED; 1,1175871E-08; 1,1175871E-08; 1; 0,82759255; 0,009065032; 0,81843543; 0,34007514; Idle
HIGH; SELF; MARRIED; 1,1175871E-08; 1,1175871E-08; 1; 0,34211832; 0,7488409; 0,4223876; 0,37592328; Idle
HIGH; SELF; MARRIED; 0,30000004; 0,30000004; 0,7000003; 0,021258831; 0,72805715; 0,26527315; 0,7412885; Aggressive
HIGH; SELF; MARRIED; 1,1175871E-08; 1,1175871E-08; 1; 0,041589558; 0,1386519; 0,044568658; 0,6380872; Aggressive
HIGH; SELF; MARRIED; 1,1175871E-08; 1,1175871E-08; 1; 0,7525053; 0,93455416; 0,07835001; 0,0585773; Aggressive
HIGH; SELF; MARRIED; 0; 0; 1; 0,03431678; 0,35462976; 0,722861; 0,6294122; Idle
HIGH; SELF; MARRIED; 1,1175871E-08; 1,1175871E-08; 1; 0,18253738; 0,23545057; 0,33519763; 0,24692148; Idle
HIGH; SELF; MARRIED; 1,1175871E-08; 1,1175871E-08; 1; 0,19160753; 0,79327303; 0,26918858; 0,5283544; Aggressive
HIGH; SELF; MARRIED; 1,1175871E-08; 1,1175871E-08; 1; 0,28499424; 0,8931338; 0,3792389; 0,024691164; Idle
HIGH; SELF; MARRIED; 1,1175871E-08; 1,1175871E-08; 1; 0,69220614; 0,7963336; 0,7376856; 0,5183439; Idle
HIGH; SELF; MARRIED; 0,30000004; 0,30000004; 0,7000003; 0,9580703; 0,54252326; 0,51192683; 0,09280604; PatrolWalk
HIGH; SELF; MARRIED; 0,30000004; 0,30000004; 0,7000003; 0,9106726; 0,9863222; 0,59700733; 0,52482325; Idle
HIGH; SELF; MARRIED; 1,1175871E-08; 1,1175871E-08; 1; 0,3594901; 0,001755476; 0,64890456; 0,9599535; Idle
HIGH; SELF; MARRIED; 0; 0; 1; 0,09269512; 0,76625866; 0,76556075; 0,10696626; Idle
HIGH; SELF; MARRIED; 0; 0; 1; 0,29713327; 0,32213956; 0,33707; 0,9295988; Idle
HIGH; SELF; MARRIED; 0,30000004; 0,30000004; 0,7000003; 0,129754; 0,48650903; 0,52406514; 0,6785655; PatrolWalk
HIGH; SELF; MARRIED; 0,30000004; 0,30000004; 0,7000003; 0,85529196; 0,6298445; 0,16806519; 0,33117068; Aggressive
HIGH; SELF; MARRIED; 0; 0; 1; 0,86595064; 0,09978145; 0,8711813; 0,6020653; Idle
HIGH; SELF; MARRIED; 0,30000004; 0,30000004; 0,7000003; 0,86335737; 0,92855597; 0,82429975; 0,21042556; PatrolWalk
HIGH; SELF; MARRIED; 0,30000004; 0,30000004; 0,7000003; 0,7109231; 0,017814338; 0,12372786; 0,48949337; Aggressive
HIGH; SELF; MARRIED; 1,1175871E-08; 1,1175871E-08; 1; 0,4321502; 0,5020853; 0,48374826; 0,28131592; Idle
HIGH; SELF; MARRIED; 0,6000001; 0,6000001; 0,4000004; 0,5596155; 0,70870227; 0,6642827; 0,767959; Investigation
HIGH; SELF; MARRIED; 0,30000004; 0,30000004; 0,7000003; 0,02296722; 0,48997808; 0,9176426; 0,4876837; PatrolWalk
HIGH; SELF; MARRIED; 0,30000004; 0,30000004; 0,7000003; 0,47930217; 0,38884413; 0,413135; 0,6168063; PatrolWalk
HIGH; SELF; MARRIED; 0,30000004; 0,30000004; 0,7000003; 0,8921915; 0,94488966; 0,45026517; 0,42526263; Idle
HIGH; SELF; MARRIED; 1,1175871E-08; 1,1175871E-08; 1; 0,30315548; 0,33783466; 0,59393203; 0,1257981; Idle
HIGH; SELF; MARRIED; 1,1175871E-08; 1,1175871E-08; 1; 0,009489894; 0,20696062; 0,5500643; 0,9588741; Idle
HIGH; SELF; MARRIED; 0,30000004; 0,30000004; 0,7000003; 0,07985532; 0,70385706; 0,16808921; 0,37853783; Aggressive
HIGH; SELF; MARRIED; 1,1175871E-08; 1,1175871E-08; 1; 0,030364335; 0,12215501; 0,32611322; 0,5946928; Idle
HIGH; SELF; MARRIED; 1,1175871E-08; 1,1175871E-08; 1; 0,96873; 0,54477656; 0,4198175; 0,6228741; Idle
HIGH; SELF; MARRIED; 0; 0; 1; 0,90503347; 0,62664497; 0,43192023; 0,6290474; Idle
HIGH; SELF; MARRIED; 0,30000004; 0,30000004; 0,7000003; 0,7523313; 0,3537063; 0,5138754; 0,21233612; PatrolWalk
HIGH; SELF; MARRIED; 0,3; 0,3; 0,7000003; 0,2670933; 0,5556211; 0,4396369; 0,18074477; Idle
HIGH; SELF; MARRIED; 1,1175871E-08; 1,1175871E-08; 1; 0,62721974; 0,6522932; 0,21851426; 0,80229574; Aggressive
HIGH; SELF; MARRIED; 1,1175871E-08; 1,1175871E-08; 1; 0,33255464; 0,9429723; 0,966259; 0,72046286; Idle
HIGH; SELF; MARRIED; 0,6000001; 0,6000001; 0,4000004; 0,6609388; 0,44932592; 0,4101212; 0,41067022; Interact
HIGH; SELF; MARRIED; 0,30000004; 0,30000004; 0,7000003; 0,5113355; 0,06976193; 0,89085245; 0,23781365; PatrolWalk
HIGH; SELF; MARRIED; 0,30000004; 0,30000004; 0,7000003; 0,7738237; 0,012165964; 0,8466642; 0,033331633; PatrolWalk
HIGH; SELF; MARRIED; 1,1175871E-08; 1,1175871E-08; 1; 0,91724205; 0,14658499; 0,7045474; 0,59427965; Idle
HIGH; SELF; MARRIED; 0,30000004; 0,30000004; 0,7000003; 0,65503997; 0,7621534; 0,13560736; 0,6537573; Aggressive
HIGH; SELF; MARRIED; 0,30000004; 0,30000004; 0,7000003; 0,4280424; 0,776962; 0,60526884; 0,034957886; PatrolWalk
HIGH; SELF; MARRIED; 1,1175871E-08; 1,1175871E-08; 1; 0,53147256; 0,63982314; 0,35264647; 0,50118226; Idle
HIGH; SELF; MARRIED; 0,6000001; 0,6000001; 0,4000004; 0,324444; 0,6778652; 0,0036339164; 0,29380846; Aggressive
HIGH; SELF; MARRIED; 0; 0; 1; 0,7901588; 0,6372006; 0,76382047; 0,4142455; Idle
HIGH; SELF; MARRIED; 0,30000004; 0,30000004; 0,7000003; 0,29866964; 0,4386282; 0,5373727; 0,30678672; PatrolWalk
HIGH; SELF; MARRIED; 0,3; 0,3; 0,7000003; 0,65023094; 0,87239546; 0,31732595; 0,46919358; PatrolWalk
HIGH; SELF; MARRIED; 1,1175871E-08; 1,1175871E-08; 1; 0,9355584; 0,9198426; 0,5001473; 0,23198396; Idle
HIGH; SELF; MARRIED; 1,1175871E-08; 1,1175871E-08; 1; 0,069042385; 0,5326613; 0,35542083; 0,9010959; Idle
HIGH; SELF; MARRIED; 0,30000004; 0,30000004; 0,7000003; 0,36622387; 0,8235341; 0,6849217; 0,14818174; Idle
HIGH; SELF; MARRIED; 1,1175871E-08; 1,1175871E-08; 1; 0,693758; 0,92613786; 0,44949263; 0,05213082; Idle
HIGH; SELF; MARRIED; 1,1175871E-08; 1,1175871E-08; 1; 0,11790526; 0,017486572; 0,050647736; 0,009928107; Aggressive
HIGH; SELF; MARRIED; 0,30000004; 0,30000004; 0,7000003; 0,5066137; 0,8082825; 0,23805052; 0,7715515; Aggressive
HIGH; SELF; MARRIED; 0,3; 0,3; 0,7000003; 0,8744881; 0,93487334; 0,45588988; 0,5446683; PatrolWalk
HIGH; SELF; MARRIED; 0,30000004; 0,30000004; 0,7000003; 0,57307607; 0,4684608; 0,8206316; 0,99555814; PatrolWalk
HIGH; SELF; MARRIED; 1,1175871E-08; 1,1175871E-08; 1; 0,9365752; 0,4506991; 0,63634235; 0,21527827; Idle
HIGH; SELF; MARRIED; 0; 0; 1; 0,57046217; 0,27141446; 0,6931299; 0,99204165; Idle
HIGH; SELF; MARRIED; 0,30000004; 0,30000004; 0,7000003; 0,5503358; 0,63570136; 0,021627188; 0,06979841; Aggressive
HIGH; SELF; MARRIED; 0,30000004; 0,30000004; 0,7000003; 0,58979875; 0,99357057; 0,040154338; 0,0723989; Aggressive
HIGH; SELF; MARRIED; 0,6000001; 0,6000001; 0,4000004; 0,28502142; 0,6202848; 0,13832343; 0,15303886; Aggressive
HIGH; SELF; MARRIED; 0,30000004; 0,30000004; 0,7000003; 0,019968152; 0,948382; 0,37940764; 0,30828172; PatrolWalk
HIGH; SELF; MARRIED; 0; 0; 1; 0,7402058; 0,9569356; 0,49354953; 0,41498172; Idle
HIGH; SELF; MARRIED; 1,1175871E-08; 1,1175871E-08; 1; 0,5871124; 0,7428499; 0,7973709; 0,2761286; Idle
HIGH; SELF; MARRIED; 0; 0; 1; 0,112893105; 0,79327035; 0,77695763; 0,9325346; Idle
HIGH; SELF; MARRIED; 1,1175871E-08; 1,1175871E-08; 1; 0,7092188; 0,42347038; 0,94397384; 0,41695672; Idle
HIGH; SELF; MARRIED; 0,30000004; 0,30000004; 0,7000003; 0,5001289; 0,03449917; 0,5154925; 0,18311775; PatrolWalk
HIGH; SELF; MARRIED; 0,30000004; 0,30000004; 0,7000003; 0,04266715; 0,46095997; 0,07888031; 0,6300529; Aggressive
HIGH; SELF; MARRIED; 1,1175871E-08; 1,1175871E-08; 1; 0,97245425; 0,7352004; 0,7448434; 0,66255856; Idle
HIGH; SELF; MARRIED; 1,1175871E-08; 1,1175871E-08; 1; 0,9941714; 0,3872251; 0,3052042; 0,9999082; Idle
HIGH; SELF; MARRIED; 0,3; 0,3; 0,7000003; 0,8906437; 0,84465724; 0,7703064; 0,34615105; PatrolWalk
HIGH; SELF; MARRIED; 1,1175871E-08; 1,1175871E-08; 1; 0,38039124; 0,14267832; 0,5567026; 0,12809908; Idle
HIGH; SELF; MARRIED; 0,30000004; 0,30000004; 0,7000003; 0,5958046; 0,5761572; 0,91213995; 0,5515673; PatrolWalk
HIGH; SELF; MARRIED; 0,30000004; 0,30000004; 0,7000003; 0,8874051; 0,4338389; 0,43024647; 0,5303307; PatrolWalk
HIGH; SELF; MARRIED; 0,30000004; 0,30000004; 0,7000003; 0,96628094; 0,91454715; 0,24087387; 0,37010592; Aggressive
HIGH; SELF; MARRIED; 0,30000004; 0,30000004; 0,7000003; 0,12490004; 0,13183379; 0,15594321; 0,5283861; Aggressive
HIGH; SELF; MARRIED; 1,1175871E-08; 1,1175871E-08; 1; 0,7170683; 0,72661936; 0,72714496; 0,16497076; Idle
HIGH; SELF; MARRIED; 1,1175871E-08; 1,1175871E-08; 1; 0,8337924; 0,5070299; 0,42262316; 0,42433667; Idle
HIGH; SELF; MARRIED; 0,30000004; 0,30000004; 0,7000003; 0,36889797; 0,18705678; 0,86437845; 0,5932848; PatrolWalk
HIGH; SELF; MARRIED; 0,30000004; 0,30000004; 0,7000003; 0,15156287; 0,046943486; 0,35956222; 0,59727407; Idle
HIGH; SELF; MARRIED; 0; 0; 1; 0,20585597; 0,52980614; 0,10275537; 0,47362906; Aggressive
HIGH; SELF; MARRIED; 0,30000004; 0,30000004; 0,7000003; 0,10710925; 0,8291458; 0,6629506; 0,20538539; Idle
HIGH; SELF; MARRIED; 1,1175871E-08; 1,1175871E-08; 1; 0,73268944; 0,91872585; 0,23191082; 0,99524176; Aggressive
HIGH; SELF; MARRIED; 0; 0; 1; 0,2797361; 0,5112017; 0,57681626; 0,48221332; Idle
HIGH; SELF; MARRIED; 0; 0; 1; 0,67862815; 0,3168354; 0,06611997; 0,28075284; Aggressive
HIGH; SELF; MARRIED; 0; 0; 1; 0,26854295; 0,33394223; 0,7195916; 0,023526013; Idle
HIGH; SELF; MARRIED; 0,31666672; 0,31666672; 0,68333364; 0,16709316; 0,43011558; 0,34815955; 0,06248039; PatrolWalk
HIGH; SELF; MARRIED; 0,31666672; 0,31666672; 0,68333364; 0,7731844; 0,8508474; 0,6027747; 0,9424945; Interact
HIGH; SELF; MARRIED; 0; 0; 1; 0,46286273; 0,6700105; 0,93160665; 0,55165154; Idle
HIGH; SELF; MARRIED; 0,61666673; 0,61666673; 0,3833337; 0,4746651; 0,13322705; 0,40647084; 0,7795153; Investigation
HIGH; SELF; MARRIED; 0; 0; 1; 0,87458485; 0,6784654; 0,8809836; 0,031606972; Idle
HIGH; SELF; MARRIED; 0,61666673; 0,61666673; 0,3833337; 0,7197187; 0,14658093; 0,4735235; 0,9321797; Investigation
HIGH; SELF; MARRIED; 0; 0; 1; 0,18172008; 0,5015924; 0,49676597; 0,99417627; Idle
HIGH; SELF; MARRIED; 0,28333336; 0,28333336; 0,71666694; 0,79822314; 0,12229866; 0,51185226; 0,47810632; Idle
HIGH; SELF; MARRIED; 0; 0; 1; 0,8195384; 0,6773724; 0,81066704; 0,0063203573; Idle
HIGH; SELF; MARRIED; 0,28333336; 0,28333336; 0,71666694; 0,5236379; 0,29487252; 0,6253943; 0,8808792; PatrolWalk
HIGH; SELF; MARRIED; 0,033333346; 0,033333346; 0,9666667; 0,5502062; 0,8408446; 0,42645127; 0,7186156; Idle
HIGH; SELF; MARRIED; 0,033333346; 0,033333346; 0,9666667; 0,7050695; 0,012668133; 0,4034891; 0,96185005; Idle
HIGH; SELF; MARRIED; 0,28333336; 0,28333336; 0,71666694; 0,27108622; 0,8539828; 0,61845756; 0,5144507; PatrolWalk
HIGH; SELF; MARRIED; 0,33333337; 0,33333337; 0,666667; 0,4978829; 0,92370635; 0,729263; 0,9613736; PatrolWalk
HIGH; SELF; MARRIED; 0,28333336; 0,28333336; 0,71666694; 0,5989108; 0,8185839; 0,43895972; 0,47224188; PatrolWalk
HIGH; SELF; MARRIED; 0,33333337; 0,33333337; 0,666667; 0,26245868; 0,91674304; 0,6500361; 0,12032193; PatrolWalk
HIGH; SELF; MARRIED; 0,28333336; 0,28333336; 0,71666694; 0,3189776; 0,5983976; 0,4640674; 0,6814928; PatrolWalk
HIGH; SELF; MARRIED; 0,58333343; 0,58333343; 0,41666707; 0,66175705; 0,45815402; 0,22402066; 0,07882762; Interact
HIGH; SELF; MARRIED; 0,30000004; 0,30000004; 0,7000003; 0,013856232; 0,7394413; 0,02204901; 0,9232441; Aggressive
HIGH; SELF; MARRIED; 0; 0; 1; 0,07988393; 0,095035255; 0,90900207; 0,81565017; Idle
HIGH; SELF; MARRIED; 0,3333334; 0,3333334; 0,666667; 0,9915055; 0,53915304; 0,19666529; 0,96961576; Interact
HIGH; SELF; MARRIED; 0,3333334; 0,3333334; 0,666667; 0,75276715; 0,93148357; 0,9317856; 0,9548915; Interact
HIGH; SELF; MARRIED; 0; 0; 1; 0,70758015; 0,86305654; 0,2186377; 0,16459346; Aggressive
HIGH; SELF; MARRIED; 0,03333333; 0,03333333; 0,9666667; 0,24185199; 0,8510512; 0,24769092; 0,85404277; Aggressive
HIGH; SELF; MARRIED; 0; 0; 1; 0,34327418; 0,70829177; 0,13159448; 0,6571101; Aggressive
HIGH; SELF; MARRIED; 0,03333333; 0,03333333; 0,9666667; 0,30693954; 0,32165694; 0,30748183; 0,00647676; Idle
HIGH; SELF; MARRIED; 0; 0; 1; 0,31323993; 0,2270357; 0,75755966; 0,20808583; Idle
HIGH; SELF; MARRIED; 0,28333333; 0,28333333; 0,71666694; 0,33181572; 0,39762503; 0,9266814; 0,42570448; PatrolWalk
HIGH; SELF; MARRIED; 1,1175871E-08; 1,1175871E-08; 1; 0,04226786; 0,41849697; 0,2575152; 0,8613194; Aggressive
HIGH; SELF; MARRIED; 0,30000004; 0,30000004; 0,7000003; 0,8289684; 0,6160963; 0,22313446; 0,1342212; Aggressive
HIGH; SELF; MARRIED; 0,033333346; 0,033333346; 0,9666667; 0,50272876; 0,6823442; 0,2281189; 0,33750087; Aggressive
HIGH; SELF; MARRIED; 0,033333346; 0,033333346; 0,9666667; 0,5016351; 0,7943762; 0,85026586; 0,309344; Idle
HIGH; SELF; MARRIED; 0; 0; 1; 0,5474531; 0,38058686; 0,1781699; 0,106161475; Aggressive
HIGH; SELF; MARRIED; 0; 0; 1; 0,23919904; 0,7278042; 0,5241723; 0,09430945; Idle
HIGH; SELF; MARRIED; 0; 0; 1; 0,7368258; 0,59482384; 0,7588794; 0,58888245; Idle
HIGH; SELF; MARRIED; 0,33333337; 0,33333337; 0,666667; 0,09948599; 0,68182987; 0,67071575; 0,7216898; PatrolWalk
HIGH; SELF; MARRIED; 0,30000004; 0,30000004; 0,7000003; 0,20058805; 0,769495; 0,7002087; 0,62365663; PatrolWalk
HIGH; SELF; MARRIED; 0; 0; 1; 0,14224482; 0,6083105; 0,35381967; 0,74136233; Idle
HIGH; SELF; MARRIED; 0; 0; 1; 0,49726653; 0,9341377; 0,3188064; 0,4522944; Idle
HIGH; SELF; MARRIED; 1,1175871E-08; 1,1175871E-08; 1; 0,3305021; 0,20100713; 0,76829505; 0,18378925; Idle
HIGH; SELF; MARRIED; 0; 0; 1; 0,37833232; 0,5956208; 0,057311118; 0,1630826; Aggressive
HIGH; SELF; MARRIED; 0,3333334; 0,3333334; 0,666667; 0,22413135; 0,36034232; 0,8182913; 0,646609; PatrolWalk
HIGH; SELF; MARRIED; 0; 0; 1; 0,43505967; 0,69313365; 0,54263484; 0,1600461; Idle
HIGH; SELF; MARRIED; 0,30000004; 0,30000004; 0,7000003; 0,146537; 0,12901503; 0,55927104; 0,14778304; PatrolWalk
HIGH; SELF; MARRIED; 0,30000004; 0,30000004; 0,7000003; 0,7726598; 0,18320382; 0,8016378; 0,9004626; PatrolWalk
HIGH; SELF; MARRIED; 0,03333333; 0,03333333; 0,9666667; 0,38545245; 0,27442533; 0,34918064; 0,69928694; Idle
HIGH; SELF; MARRIED; 1,1175871E-08; 1,1175871E-08; 1; 0,654062; 0,660117; 0,3718651; 0,03780955; Idle
HIGH; SELF; MARRIED; 1; 1; 0; 0,077154756; 0,63771296; 0,5039676; 0,48544824; PatrolWalk
HIGH; SELF; MARRIED; 0,30000004; 0,30000004; 0,7000003; 0,34699833; 0,95763063; 0,98053765; 0,24099481; Idle
HIGH; SELF; MARRIED; 0,30000004; 0,30000004; 0,7000003; 0,6082614; 0,16418123; 0,7840246; 0,751895; Idle
HIGH; SELF; MARRIED; 0,30000004; 0,30000004; 0,7000003; 0,91073895; 0,40975457; 0,7232954; 0,6020129; PatrolWalk
HIGH; SELF; MARRIED; 0; 0; 1; 0,24584019; 0,32176924; 0,84084064; 0,16164088; Idle
HIGH; SELF; MARRIED; 0,033333346; 0,033333346; 0,9666667; 0,24291068; 0,3925922; 0,22015989; 0,74650747; Aggressive
HIGH; SELF; MARRIED; 0,30000004; 0,30000004; 0,7000003; 0,3483398; 0,98992777; 0,672395; 0,242778; PatrolWalk
HIGH; SELF; MARRIED; 1,1175871E-08; 1,1175871E-08; 1; 0,7878852; 0,9967156; 0,5402445; 0,7531362; Idle
HIGH; SELF; MARRIED; 1,1175871E-08; 1,1175871E-08; 1; 0,04107952; 0,2790385; 0,66733193; 0,97150934; Idle
HIGH; SELF; MARRIED; 0,33333337; 0,33333337; 0,666667; 0,8058852; 0,122270405; 0,2773189; 0,4858747; Interact
HIGH; SELF; MARRIED; 0,30000004; 0,30000004; 0,7000003; 0,48376822; 0,13761598; 0,99194944; 0,5381838; PatrolWalk
HIGH; SELF; MARRIED; 0,61666673; 0,61666673; 0,3833337; 0,7133846; 0,4301861; 0,9900279; 0,56566817; Interact
HIGH; SELF; MARRIED; 0,61666673; 0,61666673; 0,3833337; 0,070672035; 0,96455467; 0,8402302; 0,3463518; PatrolWalk
HIGH; SELF; MARRIED; 0; 0; 1; 0,46484685; 0,04591155; 0,26350486; 0,42689455; Aggressive
HIGH; SELF; MARRIED; 0,31666672; 0,31666672; 0,68333364; 0,27019995; 0,045497477; 0,8252199; 0,53928715; PatrolWalk
HIGH; SELF; MARRIED; 0; 0; 1; 0,8130791; 0,50703984; 0,6231091; 0,6797955; Idle
HIGH; SELF; MARRIED; 0; 0; 1; 0,5064863; 0,98682696; 0,5577021; 0,71319896; Idle
HIGH; SELF; MARRIED; 0,31666672; 0,31666672; 0,68333364; 0,69192123; 0,8588954; 0,58662134; 0,43705493; Interact
HIGH; SELF; MARRIED; 0,31666672; 0,31666672; 0,68333364; 0,1541549; 0,24747115; 0,5567474; 0,9579058; Idle
HIGH; SELF; MARRIED; 0,016666664; 0,016666664; 0,98333335; 0,30627578; 0,7300142; 0,15293616; 0,28103054; Aggressive
HIGH; SELF; MARRIED; 0; 0; 1; 0,31865734; 0,571365; 0,26572257; 0,5613198; Aggressive
HIGH; SELF; MARRIED; 0,3166667; 0,3166667; 0,68333364; 0,38084304; 0,463704; 0,29645061; 0,70462596; Aggressive
HIGH; SELF; MARRIED; 0,3166667; 0,3166667; 0,68333364; 0,30454272; 0,6445912; 0,277749; 0,42200124; Aggressive
HIGH; SELF; MARRIED; 0; 0; 1; 0,021373987; 0,28378803; 0,6878126; 0,94743294; Idle
HIGH; SELF; MARRIED; 0,016666679; 0,016666679; 0,98333335; 0,3530416; 0,57228965; 0,56594235; 0,90569615; Idle
HIGH; SELF; MARRIED; 0,30000004; 0,30000004; 0,7000003; 0,25644737; 0,9412792; 0,57572085; 0,86155707; PatrolWalk
HIGH; SELF; MARRIED; 0,30000004; 0,30000004; 0,7000003; 0,39098895; 0,49397612; 0,51889926; 0,4110185; PatrolWalk
HIGH; SELF; MARRIED; 0,016666679; 0,016666679; 0,98333335; 0,5741851; 0,35818702; 0,7925543; 0,72371775; Idle
HIGH; SELF; MARRIED; 0,61666673; 0,61666673; 0,3833337; 0,9309153; 0,8231921; 0,07529038; 0,67547804; Investigation
HIGH; SELF; MARRIED; 0; 0; 1; 0,77232784; 0,6652478; 0,56242675; 0,293074; Idle
HIGH; SELF; MARRIED; 0; 0; 1; 0,89139855; 0,031903386; 0,054840326; 0,10414219; Aggressive
HIGH; SELF; MARRIED; 0,016666664; 0,016666664; 0,98333335; 0,91389734; 0,4791435; 0,87965375; 0,6851036; Idle
HIGH; SELF; MARRIED; 0,016666664; 0,016666664; 0,98333335; 0,9056394; 0,3947748; 0,19803953; 0,79719484; Aggressive
HIGH; SELF; MARRIED; 0,30000004; 0,30000004; 0,7000003; 0,55972993; 0,59062946; 0,553014; 0,5898698; Idle
HIGH; SELF; MARRIED; 0,31666672; 0,31666672; 0,68333364; 0,6228984; 0,8674281; 0,11519593; 0,3583582; Interact
HIGH; SELF; MARRIED; 1,1175871E-08; 1,1175871E-08; 1; 0,8781106; 0,864738; 0,14431506; 0,541437; Aggressive
HIGH; SELF; MARRIED; 1,1175871E-08; 1,1175871E-08; 1; 0,23865926; 0,25826854; 0,8345006; 0,3822782; Idle
HIGH; SELF; MARRIED; 0,31666672; 0,31666672; 0,68333364; 0,46826088; 0,36446583; 0,80460244; 0,9483216; Idle
HIGH; SELF; MARRIED; 0,3166667; 0,3166667; 0,68333364; 0,062122166; 0,7652187; 0,85198665; 0,6386919; PatrolWalk
HIGH; SELF; MARRIED; 0,30000004; 0,30000004; 0,7000003; 0,724008; 0,7858532; 0,2156198; 0,4996192; Aggressive
HIGH; SELF; MARRIED; 0; 0; 1; 0,62335455; 0,11836302; 0,2801155; 0,8034926; Aggressive
HIGH; SELF; MARRIED; 0,3166667; 0,3166667; 0,68333364; 0,5939919; 0,4734177; 0,6039808; 0,46315145; Interact
HIGH; SELF; MARRIED; 0; 0; 1; 0,18354225; 0,75972104; 0,5815306; 0,59633636; Idle
HIGH; SELF; MARRIED; 0,6000001; 0,6000001; 0,4000004; 0,9946149; 0,8493715; 0,6907235; 0,7779603; Investigation
HIGH; SELF; MARRIED; 0,016666679; 0,016666679; 0,98333335; 0,46275216; 0,42536086; 0,99844474; 0,4860857; Idle
HIGH; SELF; MARRIED; 0; 0; 1; 0,38994426; 0,33089632; 0,7658091; 0,3868565; Idle
HIGH; SELF; MARRIED; 0,30000004; 0,30000004; 0,7000003; 0,9464488; 0,16692817; 0,83650666; 0,8915851; PatrolWalk
HIGH; SELF; MARRIED; 0,61666673; 0,61666673; 0,3833337; 0,07253033; 0,23221016; 0,36622626; 0,10940468; PatrolWalk
HIGH; SELF; MARRIED; 0,016666664; 0,016666664; 0,98333335; 0,041986644; 0,8929661; 0,6359247; 0,622907; Idle
HIGH; SELF; MARRIED; 1,1175871E-08; 1,1175871E-08; 1; 0,35216045; 0,1475789; 0,46324342; 0,9763752; Idle
HIGH; SELF; MARRIED; 0; 0; 1; 0,2153644; 0,1856808; 0,4390006; 0,61263657; Idle
HIGH; SELF; MARRIED; 0,016666664; 0,016666664; 0,98333335; 0,9955643; 0,3572957; 0,69938594; 0,96186924; Idle
HIGH; SELF; MARRIED; 0,30000004; 0,30000004; 0,7000003; 0,5094272; 0,4587946; 0,002751112; 0,12436652; Aggressive
HIGH; SELF; MARRIED; 0,3; 0,3; 0,7000003; 0,8049518; 0,5196022; 0,13524824; 0,87430674; Aggressive
HIGH; SELF; MARRIED; 0,31666672; 0,31666672; 0,68333364; 0,26672757; 0,43978965; 0,0053919554; 0,94814366; Aggressive
HIGH; SELF; MARRIED; 0,30000004; 0,30000004; 0,7000003; 0,7912484; 0,45929545; 0,17519498; 0,57359123; Aggressive
HIGH; SELF; MARRIED; 1,1175871E-08; 1,1175871E-08; 1; 0,94719183; 0,47681272; 0,92372406; 0,96606153; Idle
HIGH; SELF; MARRIED; 0,3166667; 0,3166667; 0,68333364; 0,8713708; 0,6954431; 0,6494001; 0,9872643; Interact
HIGH; SELF; MARRIED; 0,3166667; 0,3166667; 0,68333364; 0,20232308; 0,648273; 0,90198463; 0,6741668; PatrolWalk
HIGH; SELF; MARRIED; 0,30000004; 0,30000004; 0,7000003; 0,80127937; 0,91703606; 0,0034615397; 0,7122149; Aggressive
HIGH; SELF; MARRIED; 0,30000004; 0,30000004; 0,7000003; 0,9060459; 0,9658519; 0,7221582; 0,835219; Idle
HIGH; SELF; MARRIED; 0,3166667; 0,3166667; 0,68333364; 0,17870802; 0,8886234; 0,4496066; 0,488644; PatrolWalk
HIGH; SELF; MARRIED; 1,1175871E-08; 1,1175871E-08; 1; 0,9948255; 0,36307347; 0,2856558; 0,48386443; Aggressive
HIGH; SELF; MARRIED; 0; 0; 1; 0,7879307; 0,34987068; 0,15806252; 0,8832461; Aggressive
HIGH; SELF; MARRIED; 0,016666679; 0,016666679; 0,98333335; 0,7198242; 0,5805403; 0,11019027; 0,70472777; Aggressive
HIGH; SELF; MARRIED; 1,1175871E-08; 1,1175871E-08; 1; 0,67273045; 0,20992607; 0,3888973; 0,21456051; Idle
HIGH; SELF; MARRIED; 0,30000004; 0,30000004; 0,7000003; 0,4102409; 0,2649063; 0,033799767; 0,90031826; Aggressive
HIGH; SELF; MARRIED; 0,016666664; 0,016666664; 0,98333335; 0,31749272; 0,021337032; 0,77798617; 0,21358597; Idle
HIGH; SELF; MARRIED; 0,016666664; 0,016666664; 0,98333335; 0,95445126; 0,36933517; 0,009455919; 0,6133975; Aggressive
HIGH; SELF; MARRIED; 1,1175871E-08; 1,1175871E-08; 1; 0,474586; 0,6084515; 0,965909; 0,070637524; Idle
HIGH; SELF; MARRIED; 0,6000001; 0,6000001; 0,4000004; 0,2786911; 0,8907; 0,010990858; 0,7317256; Investigation
HIGH; SELF; MARRIED; 0,016666664; 0,016666664; 0,98333335; 0,99719584; 0,83154106; 0,1805402; 0,94997865; Aggressive
HIGH; SELF; MARRIED; 0; 0; 1; 0,16049117; 0,4860294; 0,123836935; 0,30100608; Aggressive
HIGH; SELF; MARRIED; 0; 0; 1; 0,84332645; 0,45622182; 0,925281; 0,52201974; Idle
HIGH; SELF; MARRIED; 0; 0; 1; 0,27688444; 0,10430956; 0,8385339; 0,93883544; Idle
HIGH; SELF; MARRIED; 0,30000004; 0,30000004; 0,7000003; 0,47603667; 0,12730426; 0,7289513; 0,566658; PatrolWalk
HIGH; SELF; MARRIED; 1,1175871E-08; 1,1175871E-08; 1; 0,71214986; 0,012381673; 0,5104126; 0,7710348; Idle
HIGH; SELF; MARRIED; 0,3166667; 0,3166667; 0,68333364; 0,53545153; 0,36917812; 0,3477955; 0,12148112; Interact
HIGH; SELF; MARRIED; 0; 0; 1; 0,2898535; 0,11702502; 0,9646771; 0,5031599; Idle
HIGH; SELF; MARRIED; 0,30000004; 0,30000004; 0,7000003; 0,4912778; 0,86382884; 0,62543297; 0,32238322; Idle
HIGH; SELF; MARRIED; 0,3; 0,3; 0,7000003; 0,3176946; 0,31993622; 0,08456713; 0,2837773; Aggressive
HIGH; SELF; MARRIED; 0; 0; 1; 0,3958817; 0,362239; 0,85334855; 0,6475; Idle
HIGH; SELF; MARRIED; 0; 0; 1; 0,29343933; 0,904283; 0,88726324; 0,053952932; Idle
HIGH; SELF; MARRIED; 0,30000004; 0,30000004; 0,7000003; 0,20078468; 0,91694176; 0,3969075; 0,35334444; PatrolWalk
HIGH; SELF; MARRIED; 0,30000004; 0,30000004; 0,7000003; 0,7589472; 0,8467936; 0,570734; 0,21322185; PatrolWalk
HIGH; SELF; MARRIED; 1,1175871E-08; 1,1175871E-08; 1; 0,3736092; 0,595151; 0,43836612; 0,14671451; Idle
HIGH; SELF; MARRIED; 0,30000004; 0,30000004; 0,7000003; 0,35783994; 0,13738781; 0,15635127; 0,7749247; Aggressive
HIGH; SELF; MARRIED; 0,016666664; 0,016666664; 0,98333335; 0,46930373; 0,18084621; 0,20680058; 0,9241641; Aggressive
HIGH; SELF; MARRIED; 0,30000004; 0,30000004; 0,7000003; 0,55343705; 0,27770108; 0,25724387; 0,71013564; Aggressive
HIGH; SELF; MARRIED; 0,6000001; 0,6000001; 0,4000004; 0,044723153; 0,83039635; 0,1952467; 0,7231835; Investigation
HIGH; SELF; MARRIED; 0; 0; 1; 0,14241993; 0,83579737; 0,9327236; 0,49255484; Idle
HIGH; SELF; MARRIED; 0,30000004; 0,30000004; 0,7000003; 0,1740979; 0,8986507; 0,3856346; 0,6612923; PatrolWalk
HIGH; SELF; MARRIED; 0,30000004; 0,30000004; 0,7000003; 0,4787795; 0,31762755; 0,58552736; 0,9261195; PatrolWalk
HIGH; SELF; MARRIED; 1,1175871E-08; 1,1175871E-08; 1; 0,4707191; 0,8004695; 0,9043446; 0,48084313; Idle
HIGH; SELF; MARRIED; 1,1175871E-08; 1,1175871E-08; 1; 0,50361973; 0,16541588; 0,10681337; 0,43040013; Aggressive
HIGH; SELF; MARRIED; 0,30000004; 0,30000004; 0,7000003; 0,2895192; 0,7482505; 0,1326083; 0,121516645; Aggressive
HIGH; SELF; MARRIED; 1,1175871E-08; 1,1175871E-08; 1; 0,4731741; 0,14275771; 0,06020856; 0,66680205; Aggressive
HIGH; SELF; MARRIED; 0; 0; 1; 0,6673355; 0,40208113; 0,93743557; 0,12674409; Idle
HIGH; SELF; MARRIED; 1,1175871E-08; 1,1175871E-08; 1; 0,2720682; 0,15685606; 0,08983159; 0,4460066; Aggressive
HIGH; SELF; MARRIED; 0,3; 0,3; 0,7000003; 0,67513496; 0,53098583; 0,502888; 0,35339713; Idle
HIGH; SELF; MARRIED; 0,30000004; 0,30000004; 0,7000003; 0,7431439; 0,71224254; 0,62665755; 0,19206071; PatrolWalk
HIGH; SELF; MARRIED; 0; 0; 1; 0,98104084; 0,41496038; 0,21053308; 0,3614518; Aggressive
HIGH; SELF; MARRIED; 1,1175871E-08; 1,1175871E-08; 1; 0,024748623; 0,37536645; 0,1754781; 0,6746255; Aggressive
HIGH; SELF; MARRIED; 1,1175871E-08; 1,1175871E-08; 1; 0,13938987; 0,066425204; 0,5762883; 0,44528747; Idle
HIGH; SELF; MARRIED; 0,30000004; 0,30000004; 0,7000003; 0,07667613; 0,6385813; 0,22790521; 0,06958896; Aggressive
HIGH; SELF; MARRIED; 0; 0; 1; 0,67572725; 0,06975204; 0,16975093; 0,92292494; Aggressive
HIGH; SELF; MARRIED; 1,1175871E-08; 1,1175871E-08; 1; 0,0465461; 0,9417138; 0,16316897; 0,09214175; Aggressive
HIGH; SELF; MARRIED; 0; 0; 1; 0,9277742; 0,9869022; 0,049334288; 0,3320995; Aggressive
HIGH; SELF; MARRIED; 0,30000004; 0,30000004; 0,7000003; 0,8909825; 0,8640467; 0,99438024; 0,07333958; Idle
HIGH; SELF; MARRIED; 0; 0; 1; 0,97077245; 0,53173983; 0,47311032; 0,95168173; Idle
HIGH; SELF; MARRIED; 0,6000001; 0,6000001; 0,4000004; 0,071032524; 0,7418582; 0,37804824; 0,6986823; Investigation
HIGH; SELF; MARRIED; 1,1175871E-08; 1,1175871E-08; 1; 0,89457357; 0,6270519; 0,9086584; 0,019083083; Idle
HIGH; SELF; MARRIED; 0; 0; 1; 0,13685727; 0,9356376; 0,41627437; 0,5963668; Idle
HIGH; SELF; MARRIED; 0,31666672; 0,31666672; 0,68333364; 0,94117606; 0,31814706; 0,99577266; 0,81363845; Interact
HIGH; SELF; MARRIED; 0; 0; 1; 0,09111351; 0,27268702; 0,41275752; 0,3344745; Idle
HIGH; SELF; MARRIED; 0; 0; 1; 0,17433375; 0,47853965; 0,2095114; 0,36682415; Aggressive
HIGH; SELF; MARRIED; 0; 0; 1; 0,68719923; 0,16591048; 0,044009924; 0,19664705; Aggressive
HIGH; SELF; MARRIED; 0; 0; 1; 0,83474034; 0,372068; 0,5071785; 0,90681577; Idle
HIGH; SELF; MARRIED; 0,61666673; 0,61666673; 0,3833337; 0,16342622; 0,06252229; 0,053814232; 0,7554639; Investigation
HIGH; SELF; MARRIED; 0,31666672; 0,31666672; 0,68333364; 0,8934549; 0,56695026; 0,4099617; 0,18526047; Interact
HIGH; SELF; MARRIED; 0,28333333; 0,28333333; 0,71666694; 0,08182168; 0,9243; 0,12750351; 0,6534263; Aggressive
HIGH; SELF; MARRIED; 0,31666672; 0,31666672; 0,68333364; 0,96981287; 0,40866846; 0,20767802; 0,5339323; Interact
HIGH; SELF; MARRIED; 0,30000004; 0,30000004; 0,7000003; 0,7136898; 0,22618139; 0,65809625; 0,64007694; PatrolWalk
HIGH; SELF; MARRIED; 0,016666679; 0,016666679; 0,98333335; 0,38482523; 0,38366956; 0,18457603; 0,42046887; Aggressive
HIGH; SELF; MARRIED; 0,30000004; 0,30000004; 0,7000003; 0,56086636; 0,34071636; 0,18004626; 0,46746808; Aggressive
HIGH; SELF; MARRIED; 0; 0; 1; 0,7129272; 0,024364889; 0,24803764; 0,8483167; Aggressive
HIGH; SELF; MARRIED; 0; 0; 1; 0,8180062; 0,9922164; 0,91752046; 0,15736455; Idle
HIGH; SELF; MARRIED; 0,30000004; 0,30000004; 0,7000003; 0,637217; 0,5270087; 0,9772402; 0,13875866; PatrolWalk
HIGH; SELF; MARRIED; 0,3166667; 0,3166667; 0,68333364; 0,034765363; 0,6711308; 0,6454832; 0,28073466; Idle
HIGH; SELF; MARRIED; 0,016666679; 0,016666679; 0,98333335; 0,3427143; 0,98021585; 0,28755277; 0,9403063; Aggressive
HIGH; SELF; MARRIED; 0; 0; 1; 0,39613086; 0,010659754; 0,09158075; 0,034927845; Aggressive
HIGH; SELF; MARRIED; 0,016666679; 0,016666679; 0,98333335; 0,27701366; 0,2789294; 0,49384475; 0,93655306; Idle
HIGH; SELF; MARRIED; 1,1175871E-08; 1,1175871E-08; 1; 0,29126507; 0,25132763; 0,67332786; 0,14257258; Idle
HIGH; SELF; MARRIED; 0; 0; 1; 0,42402655; 0,6184137; 0,4357397; 0,30439466; Idle
HIGH; SELF; MARRIED; 1,1175871E-08; 1,1175871E-08; 1; 0,22751725; 0,38303787; 0,46895868; 0,015188217; Idle
HIGH; SELF; MARRIED; 0; 0; 1; 0,7526905; 0,9843954; 0,2164349; 0,6027485; Aggressive
HIGH; SELF; MARRIED; 0,30000004; 0,30000004; 0,7000003; 0,33655792; 0,46659005; 0,9290769; 0,74505126; PatrolWalk
HIGH; SELF; MARRIED; 1,1175871E-08; 1,1175871E-08; 1; 0,18501395; 0,9189095; 0,12719208; 0,5095631; Aggressive
HIGH; SELF; MARRIED; 0,61666673; 0,61666673; 0,3833337; 0,40441918; 0,68126357; 0,6240688; 0,31830782; PatrolWalk
HIGH; SELF; MARRIED; 0; 0; 1; 0,85279924; 0,099220574; 0,3419757; 0,96626174; Idle
HIGH; SELF; MARRIED; 0; 0; 1; 0,48019737; 0,7357314; 0,21492422; 0,84628814; Aggressive
HIGH; SELF; MARRIED; 0,31666672; 0,31666672; 0,68333364; 0,26436836; 0,47468847; 0,032838404; 0,4885819; Aggressive
HIGH; SELF; MARRIED; 0,30000004; 0,30000004; 0,7000003; 0,81102335; 0,73151743; 0,93301654; 0,08003253; PatrolWalk
HIGH; SELF; MARRIED; 0,30000004; 0,30000004; 0,7000003; 0,53559834; 0,31206495; 0,136864; 0,37055534; Aggressive
HIGH; SELF; MARRIED; 0,30000004; 0,30000004; 0,7000003; 0,8361286; 0,9502049; 0,8093165; 0,082249105; PatrolWalk
HIGH; SELF; MARRIED; 0; 0; 1; 0,94426405; 0,5793353; 0,47542506; 0,7248372; Idle
HIGH; SELF; MARRIED; 1,1175871E-08; 1,1175871E-08; 1; 0,005698383; 0,90969384; 0,13137156; 0,038418412; Aggressive
HIGH; SELF; MARRIED; 0; 0; 1; 0,4964018; 0,94542146; 0,21346432; 0,79515576; Aggressive
HIGH; SELF; MARRIED; 0,3166667; 0,3166667; 0,68333364; 0,051695943; 0,117375135; 0,46307778; 0,2433793; Idle
HIGH; SELF; MARRIED; 0,30000004; 0,30000004; 0,7000003; 0,99168223; 0,7004779; 0,33765483; 0,43752706; PatrolWalk
HIGH; SELF; MARRIED; 0; 0; 1; 0,4810577; 0,55639684; 0,46233302; 0,7785238; Idle
HIGH; SELF; MARRIED; 0,016666679; 0,016666679; 0,98333335; 0,28115284; 0,3331669; 0,34268367; 0,6535312; Idle
HIGH; SELF; MARRIED; 1,1175871E-08; 1,1175871E-08; 1; 0,17406398; 0,95212585; 0,51645225; 0,2913698; Idle
HIGH; SELF; MARRIED; 1,1175871E-08; 1,1175871E-08; 1; 0,99317133; 0,7237947; 0,36389148; 0,97684616; Idle
HIGH; SELF; MARRIED; 1,1175871E-08; 1,1175871E-08; 1; 0,596977; 0,058032632; 0,9626132; 0,5378685; Idle
HIGH; SELF; MARRIED; 0,30000004; 0,30000004; 0,7000003; 0,14737558; 0,34657365; 0,28656185; 0,52189577; Aggressive
HIGH; SELF; MARRIED; 0; 0; 1; 0,9086695; 0,78965056; 0,76516145; 0,92094904; Idle
HIGH; SELF; MARRIED; 0; 0; 1; 0,6524304; 0,4028067; 0,6137312; 0,54398346; Idle
HIGH; SELF; MARRIED; 0,61666673; 0,61666673; 0,3833337; 0,14546412; 0,39395887; 0,9592959; 0,46924704; PatrolWalk
HIGH; SELF; MARRIED; 1,1175871E-08; 1,1175871E-08; 1; 0,4799661; 0,20928675; 0,17508721; 0,14936906; Aggressive
HIGH; SELF; MARRIED; 0,30000004; 0,30000004; 0,7000003; 0,15549791; 0,4652629; 0,17627293; 0,5627998; Aggressive
HIGH; SELF; MARRIED; 0,31666672; 0,31666672; 0,68333364; 0,46693265; 0,95722735; 0,64377904; 0,11552441; PatrolWalk
HIGH; SELF; MARRIED; 0,30000004; 0,30000004; 0,7000003; 0,9920825; 0,9740046; 0,7677358; 0,8986558; PatrolWalk
HIGH; SELF; MARRIED; 0,30000004; 0,30000004; 0,7000003; 0,38357598; 0,65209186; 0,49058032; 0,9348986; PatrolWalk
HIGH; SELF; MARRIED; 0,30000004; 0,30000004; 0,7000003; 0,065092444; 0,31730717; 0,45879596; 0,6655751; Idle
HIGH; SELF; MARRIED; 1,1175871E-08; 1,1175871E-08; 1; 0,07754117; 0,94164515; 0,29366636; 0,005698502; Aggressive
HIGH; SELF; MARRIED; 0,30000004; 0,30000004; 0,7000003; 0,22935599; 0,9373113; 0,6642283; 0,107266665; Idle
HIGH; SELF; MARRIED; 0,30000004; 0,30000004; 0,7000003; 0,10034078; 0,05779487; 0,086725116; 0,18353844; Aggressive
HIGH; SELF; MARRIED; 0,3166667; 0,3166667; 0,68333364; 0,08062148; 0,14014363; 0,5391448; 0,9852169; Idle
HIGH; SELF; MARRIED; 0; 0; 1; 0,2473219; 0,025532067; 0,05939561; 0,4951682; Aggressive
HIGH; SELF; MARRIED; 1,1175871E-08; 1,1175871E-08; 1; 0,07133508; 0,9757784; 0,46274102; 0,32329702; Idle
HIGH; SELF; MARRIED; 0,016666679; 0,016666679; 0,98333335; 0,48258996; 0,7793146; 0,9994192; 0,77722085; Idle
HIGH; SELF; MARRIED; 1,1175871E-08; 1,1175871E-08; 1; 0,013301969; 0,5200556; 0,39612246; 0,9355797; Idle
HIGH; SELF; MARRIED; 1,1175871E-08; 1,1175871E-08; 1; 0,19658768; 0,007486999; 0,75578624; 0,64128923; Idle
HIGH; SELF; MARRIED; 0,6000001; 0,6000001; 0,4000004; 0,8077275; 0,4181143; 0,5718755; 0,938147; Investigation
HIGH; SELF; MARRIED; 0; 0; 1; 0,5466188; 0,56498456; 0,46890587; 0,016793847; Idle
HIGH; SELF; MARRIED; 0,6000001; 0,6000001; 0,4000004; 0,43581027; 0,027123392; 0,7381399; 0,08644253; Idle
HIGH; SELF; MARRIED; 1,1175871E-08; 1,1175871E-08; 1; 0,30998224; 0,21738851; 0,41224182; 0,9947444; Idle
HIGH; SELF; MARRIED; 0,61666673; 0,61666673; 0,3833337; 0,06690496; 0,2989397; 0,09522641; 0,7318178; Investigation
HIGH; SELF; MARRIED; 0; 0; 1; 0,24002439; 0,32632095; 0,6752944; 0,47989225; Idle
HIGH; SELF; MARRIED; 0,30000004; 0,30000004; 0,7000003; 0,2187289; 0,16123581; 0,44440597; 0,3941077; Idle
HIGH; SELF; MARRIED; 0,31666672; 0,31666672; 0,68333364; 0,1547051; 0,2186727; 0,9050063; 0,62305754; PatrolWalk
HIGH; SELF; MARRIED; 0,30000004; 0,30000004; 0,7000003; 0,19023508; 0,28286147; 0,2652132; 0,16800928; Aggressive
HIGH; SELF; MARRIED; 0,30000004; 0,30000004; 0,7000003; 0,11065966; 0,85592115; 0,13145679; 0,73071235; Aggressive
HIGH; SELF; MARRIED; 0,3; 0,3; 0,7000003; 0,7768983; 0,36780965; 0,84770495; 0,2063021; Idle
HIGH; SELF; MARRIED; 0,30000004; 0,30000004; 0,7000003; 0,30246592; 0,5509622; 0,8117689; 0,06851274; PatrolWalk
HIGH; SELF; MARRIED; 0,8999998; 0,8999998; 0,10000028; 0,0067361593; 0,40543848; 0,5112915; 0,84128255; Investigation
HIGH; SELF; MARRIED; 0,30000004; 0,30000004; 0,7000003; 0,23826987; 0,92977214; 0,8879135; 0,811968; PatrolWalk
HIGH; SELF; MARRIED; 0,3166667; 0,3166667; 0,68333364; 0,743035; 0,31415856; 0,39601147; 0,007051468; Interact
HIGH; SELF; MARRIED; 0,30000004; 0,30000004; 0,7000003; 0,33932889; 0,14986038; 0,30670685; 0,4291281; Idle
HIGH; SELF; MARRIED; 0,6000001; 0,6000001; 0,4000004; 0,62476903; 0,32589078; 0,4752909; 0,68696785; Investigation
HIGH; SELF; MARRIED; 0,016666679; 0,016666679; 0,98333335; 0,31558877; 0,78594655; 0,62730265; 0,5139231; Idle
HIGH; SELF; MARRIED; 1,1175871E-08; 1,1175871E-08; 1; 0,031395435; 0,26532012; 0,19929612; 0,5544897; Aggressive
HIGH; SELF; MARRIED; 1,1175871E-08; 1,1175871E-08; 1; 0,35034728; 0,6023772; 0,5461351; 0,110385895; Idle
HIGH; SELF; MARRIED; 0,6000001; 0,6000001; 0,4000004; 0,08811545; 0,9033123; 0,11709392; 0,09722316; Aggressive
HIGH; SELF; MARRIED; 1,1175871E-08; 1,1175871E-08; 1; 0,31880188; 0,18011737; 0,5684267; 0,1053046; Idle
HIGH; SELF; MARRIED; 0,6000001; 0,6000001; 0,4000004; 0,92767817; 0,4415272; 0,23162782; 0,92233723; Investigation
HIGH; SELF; MARRIED; 1,1175871E-08; 1,1175871E-08; 1; 0,822133; 0,120286286; 0,71621674; 0,68735456; Idle
HIGH; SELF; MARRIED; 0,016666664; 0,016666664; 0,98333335; 0,62307733; 0,665674; 0,58866984; 0,97322696; Idle
HIGH; SELF; MARRIED; 0,6000001; 0,6000001; 0,4000004; 0,36791122; 0,30783302; 0,87451553; 0,46560007; Idle
HIGH; SELF; MARRIED; 0,3; 0,3; 0,7000003; 0,87986594; 0,789745; 0,22197813; 0,28054416; Aggressive
HIGH; SELF; MARRIED; 0,31666672; 0,31666672; 0,68333364; 0,7969571; 0,051282108; 0,7647199; 0,09046662; Interact
HIGH; SELF; MARRIED; 0; 0; 1; 0,031275928; 0,7718351; 0,9545717; 0,34978515; Idle
HIGH; SELF; MARRIED; 0; 0; 1; 0,70885646; 0,056658328; 0,41570878; 0,9344503; Idle
HIGH; SELF; MARRIED; 0,30000004; 0,30000004; 0,7000003; 0,9008357; 0,55414313; 0,54946303; 0,6969898; PatrolWalk
HIGH; SELF; MARRIED; 0,3; 0,3; 0,7000003; 0,09605825; 0,10000217; 0,19554001; 0,17869729; Aggressive
HIGH; SELF; MARRIED; 0,30000004; 0,30000004; 0,7000003; 0,78513616; 0,5646917; 0,57133627; 0,36085588; PatrolWalk
HIGH; SELF; MARRIED; 0,3; 0,3; 0,7000003; 0,45844293; 0,84735453; 0,92920625; 0,32862628; PatrolWalk
HIGH; SELF; MARRIED; 0,30000004; 0,30000004; 0,7000003; 0,18881178; 0,96884745; 0,07127893; 0,33440536; Aggressive
HIGH; SELF; MARRIED; 0,3166667; 0,3166667; 0,68333364; 0,45798522; 0,39353544; 0,74504775; 0,59891033; PatrolWalk
HIGH; SELF; MARRIED; 0,8999998; 0,8999998; 0,10000028; 0,63897175; 0,9045335; 0,26317632; 0,031832397; Interact
HIGH; SELF; MARRIED; 0; 0; 1; 0,010078847; 0,044421077; 0,7101484; 0,78997165; Idle
HIGH; SELF; MARRIED; 0,016666679; 0,016666679; 0,98333335; 0,88162166; 0,24222189; 0,8310017; 0,25579762; Idle
HIGH; SELF; MARRIED; 0,31666672; 0,31666672; 0,68333364; 0,40929592; 0,15663385; 0,9343671; 0,62860405; PatrolWalk
HIGH; SELF; MARRIED; 0; 0; 1; 0,91453254; 0,8900471; 0,037159562; 0,43014973; Aggressive
HIGH; SELF; MARRIED; 0; 0; 1; 0,79001224; 0,6714006; 0,021666467; 0,5825925; Aggressive
HIGH; SELF; MARRIED; 0; 0; 1; 0,23584515; 0,5212835; 0,8610772; 0,2081142; Idle
HIGH; SELF; MARRIED; 0; 0; 1; 0,8737525; 0,88670546; 0,3224641; 0,87711376; Idle
HIGH; SELF; MARRIED; 0; 0; 1; 0,11005616; 0,9098223; 0,16319567; 0,56982934; Aggressive
HIGH; SELF; MARRIED; 0; 0; 1; 0,7585864; 0,24444675; 0,09688687; 0,9668979; Aggressive
HIGH; SELF; MARRIED; 0,58333343; 0,58333343; 0,41666707; 0,8736639; 0,956003; 0,15235949; 0,23209065; Interact
HIGH; SELF; MARRIED; 0,31666672; 0,31666672; 0,68333364; 0,0045766234; 0,9664859; 0,21735942; 0,5360724; Aggressive
HIGH; SELF; MARRIED; 0,3333334; 0,3333334; 0,666667; 0,8967286; 0,24619818; 0,97899586; 0,67313534; Interact
HIGH; SELF; MARRIED; 0,016666679; 0,016666679; 0,98333335; 0,8946394; 0,91097915; 0,014162302; 0,8881635; Aggressive
HIGH; SELF; MARRIED; 0; 0; 1; 0,3920713; 0,26104957; 0,7131163; 0,2808271; Idle
HIGH; SELF; MARRIED; 0; 0; 1; 0,625379; 0,34800237; 0,13082659; 0,8278893; Aggressive
HIGH; SELF; MARRIED; 0,30000004; 0,30000004; 0,7000003; 0,14548701; 0,058885872; 0,47678924; 0,8033091; Idle
HIGH; SELF; MARRIED; 0,30000004; 0,30000004; 0,7000003; 0,52913785; 0,7412001; 0,79591817; 0,83956; PatrolWalk
HIGH; SELF; MARRIED; 0; 0; 1; 0,17595202; 0,9293401; 0,12048918; 0,5236771; Aggressive
HIGH; SELF; MARRIED; 0; 0; 1; 0,81222975; 0,71898866; 0,06939125; 0,46444243; Aggressive
HIGH; SELF; MARRIED; 0,28333333; 0,28333333; 0,71666694; 0,533606; 0,80527157; 0,16072327; 0,5787006; Aggressive
HIGH; SELF; MARRIED; 0,016666679; 0,016666679; 0,98333335; 0,1625182; 0,2996899; 0,566094; 0,055035353; Idle
HIGH; SELF; MARRIED; 0,033333346; 0,033333346; 0,9666667; 0,6950355; 0,67580897; 0,8803832; 0,108946025; Idle
HIGH; SELF; MARRIED; 0; 0; 1; 0,19195181; 0,9357612; 0,8485025; 0,46118385; Idle
HIGH; SELF; MARRIED; 0,30000004; 0,30000004; 0,7000003; 0,112691104; 0,6875765; 0,7164921; 0,51016396; Idle
HIGH; SELF; MARRIED; 0; 0; 1; 0,9216642; 0,7641063; 0,37942773; 0,18830472; Idle
HIGH; SELF; MARRIED; 0,6000001; 0,6000001; 0,4000004; 0,8488085; 0,096655905; 0,19611424; 0,59677655; Interact
HIGH; SELF; MARRIED; 1,1175871E-08; 1,1175871E-08; 1; 0,04541278; 0,6043339; 0,6383269; 0,22453237; Idle
HIGH; SELF; MARRIED; 0; 0; 1; 0,73761916; 0,96747226; 0,90690017; 0,10609114; Idle
HIGH; SELF; MARRIED; 0; 0; 1; 0,04443872; 0,27974546; 0,42343402; 0,79296637; Idle
HIGH; SELF; MARRIED; 0; 0; 1; 0,08056986; 0,033289015; 0,38943774; 0,69700545; Idle
HIGH; SELF; MARRIED; 0,31666672; 0,31666672; 0,68333364; 0,56602174; 0,14761525; 0,039690018; 0,077072024; Interact
HIGH; SELF; MARRIED; 0,3333334; 0,3333334; 0,666667; 0,3813557; 0,07749838; 0,4453506; 0,40706372; PatrolWalk
HIGH; SELF; MARRIED; 0,30000004; 0,30000004; 0,7000003; 0,6795782; 0,56994736; 0,25198483; 0,5191116; Aggressive
HIGH; SELF; MARRIED; 0,6000001; 0,6000001; 0,4000004; 0,66769993; 0,49822235; 0,12735868; 0,9084868; Investigation
HIGH; SELF; MARRIED; 0,30000004; 0,30000004; 0,7000003; 0,0669567; 0,64949644; 0,49625236; 0,105991185; Idle
HIGH; SELF; MARRIED; 0,3; 0,3; 0,7000003; 0,27769095; 0,38299853; 0,75579983; 0,5212464; Idle
HIGH; SELF; MARRIED; 0,30000004; 0,30000004; 0,7000003; 0,407457; 0,2981726; 0,6615621; 0,21033132; Idle
HIGH; SELF; MARRIED; 0,30000004; 0,30000004; 0,7000003; 0,45740587; 0,1591509; 0,03848499; 0,8739024; Aggressive
HIGH; SELF; MARRIED; 0,30000004; 0,30000004; 0,7000003; 0,5811272; 0,7064046; 0,740808; 0,34080088; PatrolWalk
HIGH; SELF; MARRIED; 0,30000004; 0,30000004; 0,7000003; 0,77260005; 0,6777023; 0,90574324; 0,463189; PatrolWalk
HIGH; SELF; MARRIED; 0,016666679; 0,016666679; 0,98333335; 0,46749175; 0,6922831; 0,85314554; 0,8964672; Idle
HIGH; SELF; MARRIED; 0,033333346; 0,033333346; 0,9666667; 0,81289667; 0,14721155; 0,01494503; 0,98633873; Aggressive
HIGH; SELF; MARRIED; 1,1175871E-08; 1,1175871E-08; 1; 0,67200035; 0,08106595; 0,257573; 0,9027924; Aggressive
HIGH; SELF; MARRIED; 0,3; 0,3; 0,7000003; 0,5657969; 0,7418731; 0,3434446; 0,88541055; PatrolWalk
HIGH; SELF; MARRIED; 0,6000001; 0,6000001; 0,4000004; 0,26465434; 0,5729319; 0,46828735; 0,52927583; PatrolWalk
HIGH; SELF; MARRIED; 0,6000001; 0,6000001; 0,4000004; 0,7874986; 0,22944885; 0,32614386; 0,8599615; Investigation
HIGH; SELF; MARRIED; 0,6000001; 0,6000001; 0,4000004; 0,73141384; 0,5582838; 0,7037828; 0,465267; Interact
HIGH; SELF; MARRIED; 1,1175871E-08; 1,1175871E-08; 1; 0,27579343; 0,46113944; 0,5657937; 0,09568918; Idle
HIGH; SELF; MARRIED; 1,1175871E-08; 1,1175871E-08; 1; 0,9947997; 0,7689495; 0,96329534; 0,9087569; Idle
HIGH; SELF; MARRIED; 1,1175871E-08; 1,1175871E-08; 1; 0,7124861; 0,8647506; 0,62397945; 0,7622774; Idle
HIGH; SELF; MARRIED; 0,31666672; 0,31666672; 0,68333364; 0,19783562; 0,28521812; 0,30569345; 0,7249063; PatrolWalk
HIGH; SELF; MARRIED; 0; 0; 1; 0,6741174; 0,25748175; 0,008261859; 0,23820937; Aggressive
HIGH; SELF; MARRIED; 0; 0; 1; 0,11137521; 0,4900676; 0,9711864; 0,91234666; Idle
HIGH; SELF; MARRIED; 0; 0; 1; 0,3734578; 0,098947406; 0,10527235; 0,62421435; Aggressive
HIGH; SELF; MARRIED; 0,3; 0,3; 0,7000003; 0,9965616; 0,10919523; 0,46356052; 0,5344336; PatrolWalk
HIGH; SELF; MARRIED; 0,3; 0,3; 0,7000003; 0,1146633; 0,1283651; 0,14439422; 0,102933824; Aggressive
HIGH; SELF; MARRIED; 0,3; 0,3; 0,7000003; 0,8201939; 0,24725366; 0,02965802; 0,03689134; Aggressive
HIGH; SELF; MARRIED; 0,30000004; 0,30000004; 0,7000003; 0,52230895; 0,30771422; 0,2708466; 0,6546284; Aggressive
HIGH; SELF; MARRIED; 0,30000004; 0,30000004; 0,7000003; 0,7141801; 0,23795718; 0,7199386; 0,7727967; PatrolWalk
HIGH; SELF; MARRIED; 0,30000004; 0,30000004; 0,7000003; 0,71525455; 0,16188729; 0,23101938; 0,8058423; Aggressive
HIGH; SELF; MARRIED; 0,016666679; 0,016666679; 0,98333335; 0,8582682; 0,8512111; 0,46666396; 0,433406; Idle
HIGH; SELF; MARRIED; 0; 0; 1; 0,70076346; 0,91712004; 0,27498168; 0,52335674; Aggressive
HIGH; SELF; MARRIED; 0,30000004; 0,30000004; 0,7000003; 0,055698693; 0,22046286; 0,56239665; 0,9841826; PatrolWalk
HIGH; SELF; MARRIED; 0; 0; 1; 0,8848617; 0,80470794; 0,83663565; 0,89247537; Idle
HIGH; SELF; MARRIED; 0; 0; 1; 0,86169106; 0,2144494; 0,8967346; 0,9341456; Idle
HIGH; SELF; MARRIED; 0; 0; 1; 0,8935938; 0,56985676; 0,7981711; 0,78284115; Idle
HIGH; SELF; MARRIED; 0; 0; 1; 0,8961596; 0,5613869; 0,5936022; 0,044092298; Idle
HIGH; SELF; MARRIED; 1,1175871E-08; 1,1175871E-08; 1; 0,178954; 0,59888417; 0,12119657; 0,095734656; Aggressive
HIGH; SELF; MARRIED; 1,1175871E-08; 1,1175871E-08; 1; 0,78956044; 0,47329235; 0,37197793; 0,06215954; Idle
HIGH; SELF; MARRIED; 1,1175871E-08; 1,1175871E-08; 1; 0,93185914; 0,5726248; 0,037973642; 0,698116; Aggressive
HIGH; SELF; MARRIED; 0,31666672; 0,31666672; 0,68333364; 0,8044086; 0,08836508; 0,68132937; 0,39306676; Interact
HIGH; SELF; MARRIED; 0; 0; 1; 0,35856324; 0,8577948; 0,25296962; 0,8279125; Aggressive
HIGH; SELF; MARRIED; 1,1175871E-08; 1,1175871E-08; 1; 0,3234505; 0,23053694; 0,77720946; 0,22210336; Idle
HIGH; SELF; MARRIED; 0,30000004; 0,30000004; 0,7000003; 0,3449397; 0,08689171; 0,513741; 0,25611085; PatrolWalk
HIGH; SELF; MARRIED; 0,30000004; 0,30000004; 0,7000003; 0,47978508; 0,98434985; 0,27915972; 0,9551025; Aggressive
HIGH; SELF; MARRIED; 0,30000004; 0,30000004; 0,7000003; 0,70060647; 0,27861428; 0,37555838; 0,36178303; PatrolWalk
HIGH; SELF; MARRIED; 0,30000004; 0,30000004; 0,7000003; 0,6035556; 0,026909947; 0,8853386; 0,6665281; Idle
HIGH; SELF; MARRIED; 0; 0; 1; 0,6899514; 0,65719444; 0,027598381; 0,78303367; Aggressive
HIGH; SELF; MARRIED; 0,30000004; 0,30000004; 0,7000003; 0,8649197; 0,8219018; 0,15897; 0,7676606; Aggressive
HIGH; SELF; MARRIED; 0; 0; 1; 0,16497076; 0,7907994; 0,67170316; 0,38320994; Idle
HIGH; SELF; MARRIED; 0,016666679; 0,016666679; 0,98333335; 0,5269723; 0,43009883; 0,8399079; 0,25958025; Idle
HIGH; SELF; MARRIED; 0; 0; 1; 0,25473332; 0,30301607; 0,10839623; 0,017235398; Aggressive
HIGH; SELF; MARRIED; 0,30000004; 0,30000004; 0,7000003; 0,7144829; 0,6686126; 0,6480489; 0,56381166; PatrolWalk
HIGH; SELF; MARRIED; 1,1175871E-08; 1,1175871E-08; 1; 0,21392334; 0,67623806; 0,5750153; 0,6880997; Idle
HIGH; SELF; MARRIED; 1,1175871E-08; 1,1175871E-08; 1; 0,27220577; 0,85868126; 0,9800109; 0,03957969; Idle
HIGH; SELF; MARRIED; 1,1175871E-08; 1,1175871E-08; 1; 0,70774215; 0,79880095; 0,8128377; 0,1355055; Idle
HIGH; SELF; MARRIED; 0,6000001; 0,6000001; 0,4000004; 0,17329633; 0,13799387; 0,6230889; 0,49154568; PatrolWalk
HIGH; SELF; MARRIED; 0; 0; 1; 0,41174155; 0,112838805; 0,7620489; 0,36406046; Idle
HIGH; SELF; MARRIED; 1,1175871E-08; 1,1175871E-08; 1; 0,27190977; 0,3924814; 0,015418589; 0,20972067; Aggressive
HIGH; SELF; MARRIED; 0,30000004; 0,30000004; 0,7000003; 0,95493674; 0,68707234; 0,6551175; 0,7618213; Idle
HIGH; SELF; MARRIED; 0,31666672; 0,31666672; 0,68333364; 0,019017935; 0,15011442; 0,48892903; 0,68444467; Idle
HIGH; SELF; MARRIED; 0; 0; 1; 0,5057921; 0,9661321; 0,7017586; 0,13836932; Idle
HIGH; SELF; MARRIED; 1; 1; 0; 0,73900414; 0,5833743; 0,61592066; 0,80387235; Investigation
HIGH; SELF; MARRIED; 1,1175871E-08; 1,1175871E-08; 1; 0,26025212; 0,06963873; 0,91305536; 0,9966857; Idle
HIGH; SELF; MARRIED; 0,30000004; 0,30000004; 0,7000003; 0,6517957; 0,70631236; 0,20315498; 0,9558823; Aggressive
HIGH; SELF; MARRIED; 0,30000004; 0,30000004; 0,7000003; 0,72534317; 0,3671075; 0,5396804; 0,44317585; Idle
HIGH; SELF; MARRIED; 0,30000004; 0,30000004; 0,7000003; 0,9605516; 0,1459561; 0,90730983; 0,1549474; PatrolWalk
HIGH; SELF; MARRIED; 0,3; 0,3; 0,7000003; 0,17847538; 0,53408843; 0,30613482; 0,9270041; PatrolWalk
HIGH; SELF; MARRIED; 0,30000004; 0,30000004; 0,7000003; 0,35539258; 0,08382118; 0,21057278; 0,080215454; Aggressive
HIGH; SELF; MARRIED; 0; 0; 1; 0,6258316; 0,8030783; 0,19784832; 0,054887056; Aggressive
HIGH; SELF; MARRIED; 0,6000001; 0,6000001; 0,4000004; 0,7207104; 0,22668052; 0,26637155; 0,6667133; Investigation
HIGH; SELF; MARRIED; 0,61666673; 0,61666673; 0,3833337; 0,30386126; 0,7050694; 0,16923577; 0,7261121; Investigation
HIGH; SELF; MARRIED; 0,30000004; 0,30000004; 0,7000003; 0,30221367; 0,5353359; 0,14897919; 0,3889159; Aggressive
HIGH; SELF; MARRIED; 0,31666672; 0,31666672; 0,68333364; 0,5170639; 0,68152994; 0,61894387; 0,114759386; Interact
HIGH; SELF; MARRIED; 0; 0; 1; 0,51225865; 0,08320165; 0,41911304; 0,09173596; Idle
HIGH; SELF; MARRIED; 0,61666673; 0,61666673; 0,3833337; 0,4846025; 0,3588093; 0,30832374; 0,41963625; Idle
HIGH; SELF; MARRIED; 0; 0; 1; 0,49456406; 0,18205512; 0,87562364; 0,2500351; Idle
HIGH; SELF; MARRIED; 0; 0; 1; 0,7583992; 0,88112444; 0,6091843; 0,7769119; Idle
HIGH; SELF; MARRIED; 0; 0; 1; 0,15524888; 0,29365247; 0,03259462; 0,9772973; Aggressive
HIGH; SELF; MARRIED; 0; 0; 1; 0,7449332; 0,05276227; 0,6336813; 0,835042; Idle
HIGH; SELF; MARRIED; 0,28333333; 0,28333333; 0,71666694; 0,7373299; 0,51329947; 0,54673696; 0,30794; Idle
HIGH; SELF; MARRIED; 0,3; 0,3; 0,7000003; 0,84410745; 0,51217574; 0,9199208; 0,2719552; PatrolWalk
HIGH; SELF; MARRIED; 0; 0; 1; 0,6358824; 0,59919363; 0,56412; 0,43249124; Idle
HIGH; SELF; MARRIED; 0,016666679; 0,016666679; 0,98333335; 0,2667737; 0,54002964; 0,78131765; 0,16854495; Idle
HIGH; SELF; MARRIED; 0,30000004; 0,30000004; 0,7000003; 0,5391281; 0,8054884; 0,2870943; 0,18145734; Aggressive
HIGH; SELF; MARRIED; 0,91666645; 0,91666645; 0,08333361; 0,5244863; 0,06725252; 0,03182882; 0,073886156; Interact
HIGH; SELF; MARRIED; 0,30000004; 0,30000004; 0,7000003; 0,18631482; 0,987711; 0,56739366; 0,0011816621; PatrolWalk
HIGH; SELF; MARRIED; 0,30000004; 0,30000004; 0,7000003; 0,3704155; 0,16906786; 0,5997716; 0,7504339; PatrolWalk
HIGH; SELF; MARRIED; 0; 0; 1; 0,5028745; 0,4168619; 0,3578173; 0,61115366; Idle
HIGH; SELF; MARRIED; 0,30000004; 0,30000004; 0,7000003; 0,91696054; 0,057670593; 0,5173724; 0,63235104; PatrolWalk
HIGH; SELF; MARRIED; 0,58333343; 0,58333343; 0,41666707; 0,69811136; 0,321607; 0,32396716; 0,14489108; Interact
HIGH; SELF; MARRIED; 0; 0; 1; 0,81240994; 0,3768137; 0,82710826; 0,5473197; Idle
HIGH; SELF; MARRIED; 0,30000004; 0,30000004; 0,7000003; 0,49041688; 0,3587538; 0,393385; 0,6050047; Idle
HIGH; SELF; MARRIED; 0,31666672; 0,31666672; 0,68333364; 0,69123775; 0,9153578; 0,06661832; 0,18334162; Interact
HIGH; SELF; MARRIED; 1,1175871E-08; 1,1175871E-08; 1; 0,16727453; 0,76736265; 0,5129612; 0,53124654; Idle
HIGH; SELF; MARRIED; 0,61666673; 0,61666673; 0,3833337; 0,80262697; 0,4223978; 0,25831515; 0,41189104; Interact
HIGH; SELF; MARRIED; 1,1175871E-08; 1,1175871E-08; 1; 0,3612882; 0,99232554; 0,38466704; 0,46355385; Idle
HIGH; SELF; MARRIED; 1,1175871E-08; 1,1175871E-08; 1; 0,6516236; 0,5463994; 0,7218968; 0,1357289; Idle
HIGH; SELF; MARRIED; 0,30000004; 0,30000004; 0,7000003; 0,933716; 0,83245486; 0,42598683; 0,8401149; Idle
HIGH; SELF; MARRIED; 1,1175871E-08; 1,1175871E-08; 1; 0,7992832; 0,31212115; 0,53724986; 0,88842916; Idle
HIGH; SELF; MARRIED; 0,28333333; 0,28333333; 0,71666694; 0,7650599; 0,33285236; 0,64186436; 0,24401915; PatrolWalk
HIGH; SELF; MARRIED; 0,30000004; 0,30000004; 0,7000003; 0,6350183; 0,47381383; 0,102169454; 0,7091541; Aggressive
HIGH; SELF; MARRIED; 0,6000001; 0,6000001; 0,4000004; 0,039950967; 0,6761412; 0,65433663; 0,7243618; Investigation
HIGH; SELF; MARRIED; 0,016666679; 0,016666679; 0,98333335; 0,6349683; 0,014520884; 0,11606389; 0,20281094; Aggressive
HIGH; SELF; MARRIED; 0,30000004; 0,30000004; 0,7000003; 0,19261229; 0,9154045; 0,7999126; 0,09464991; PatrolWalk
HIGH; SELF; MARRIED; 0,3166667; 0,3166667; 0,68333364; 0,13769478; 0,47135812; 0,17218506; 0,062704206; Aggressive
HIGH; SELF; MARRIED; 0,30000004; 0,30000004; 0,7000003; 0,7197765; 0,88400275; 0,8178107; 0,935179; PatrolWalk
HIGH; SELF; MARRIED; 0,30000004; 0,30000004; 0,7000003; 0,039179087; 0,0030437708; 0,632411; 0,9648118; PatrolWalk
HIGH; SELF; MARRIED; 0,6000001; 0,6000001; 0,4000004; 0,2201699; 0,404267; 0,6918431; 0,077950776; Idle
HIGH; SELF; MARRIED; 0,30000004; 0,30000004; 0,7000003; 0,89174116; 0,6529984; 0,13049501; 0,14172536; Aggressive
HIGH; SELF; MARRIED; 0; 0; 1; 0,43876737; 0,96915567; 0,45131654; 0,700423; Idle
HIGH; SELF; MARRIED; 1,1175871E-08; 1,1175871E-08; 1; 0,69940144; 0,74799025; 0,3071127; 0,87784964; Idle
HIGH; SELF; MARRIED; 0,3; 0,3; 0,7000003; 0,8947511; 0,35397452; 0,5216882; 0,70664924; PatrolWalk
HIGH; SELF; MARRIED; 0; 0; 1; 0,16580695; 0,19814056; 0,5064173; 0,35201538; Idle
HIGH; SELF; MARRIED; 1,1175871E-08; 1,1175871E-08; 1; 0,3659361; 0,74383813; 0,2816599; 0,6931427; Aggressive
HIGH; SELF; MARRIED; 0,016666664; 0,016666664; 0,98333335; 0,13962501; 0,89982486; 0,9494184; 0,43679053; Idle
HIGH; SELF; MARRIED; 1,1175871E-08; 1,1175871E-08; 1; 0,09315008; 0,31452543; 0,8148865; 0,21467906; Idle
HIGH; SELF; MARRIED; 1,1175871E-08; 1,1175871E-08; 1; 0,36849076; 0,1295898; 0,8301628; 0,33980417; Idle
HIGH; SELF; MARRIED; 0,8999998; 0,8999998; 0,10000028; 0,9639749; 0,33832955; 0,46961033; 0,06370705; Interact
HIGH; SELF; MARRIED; 1,1175871E-08; 1,1175871E-08; 1; 0,4142806; 0,8312925; 0,27786988; 0,050990343; Aggressive
HIGH; SELF; MARRIED; 0,30000004; 0,30000004; 0,7000003; 0,17573994; 0,5329115; 0,95827794; 0,43438065; PatrolWalk
HIGH; SELF; MARRIED; 0,30000004; 0,30000004; 0,7000003; 0,91290504; 0,96416646; 0,17956871; 0,08478892; Aggressive
HIGH; SELF; MARRIED; 0; 0; 1; 0,07590675; 0,28338134; 0,36400294; 0,9556393; Idle
HIGH; SELF; MARRIED; 0,30000004; 0,30000004; 0,7000003; 0,39738023; 0,8578854; 0,6963333; 0,9995271; Idle
HIGH; SELF; MARRIED; 0; 0; 1; 0,620647; 0,7739268; 0,25480032; 0,08438629; Aggressive
HIGH; SELF; MARRIED; 0,3166667; 0,3166667; 0,68333364; 0,84565467; 0,1085273; 0,5204702; 0,34770018; Interact
HIGH; SELF; MARRIED; 0,30000004; 0,30000004; 0,7000003; 0,5337682; 0,13643879; 0,1416102; 0,9103964; Aggressive
HIGH; SELF; MARRIED; 0,30000004; 0,30000004; 0,7000003; 0,29792565; 0,35367143; 0,24534148; 0,9634438; Aggressive
HIGH; SELF; MARRIED; 0,6000001; 0,6000001; 0,4000004; 0,27894127; 0,36842287; 0,8882093; 0,45475775; PatrolWalk
HIGH; SELF; MARRIED; 0; 0; 1; 0,09469944; 0,4307912; 0,2672379; 0,48450464; Aggressive
HIGH; SELF; MARRIED; 1,1175871E-08; 1,1175871E-08; 1; 0,31202292; 0,72161525; 0,61013967; 0,8625798; Idle
HIGH; SELF; MARRIED; 1,1175871E-08; 1,1175871E-08; 1; 0,37628615; 0,63868964; 0,21596164; 0,7154074; Aggressive
HIGH; SELF; MARRIED; 0,30000004; 0,30000004; 0,7000003; 0,69385695; 0,44486994; 0,5539237; 0,60948414; Idle
HIGH; SELF; MARRIED; 0,6000001; 0,6000001; 0,4000004; 0,861611; 0,5372272; 0,6682216; 0,32720184; Interact
HIGH; SELF; MARRIED; 0; 0; 1; 0,42151546; 0,43447566; 0,9846129; 0,5595304; Idle
HIGH; SELF; MARRIED; 0,016666664; 0,016666664; 0,98333335; 0,34204292; 0,30446154; 0,25640893; 0,4268502; Aggressive
HIGH; SELF; MARRIED; 1,1175871E-08; 1,1175871E-08; 1; 0,65558755; 0,8198012; 0,718919; 0,47757912; Idle
HIGH; SELF; MARRIED; 1,1175871E-08; 1,1175871E-08; 1; 0,31641608; 0,28708655; 0,29186153; 0,038452446; Aggressive
HIGH; SELF; MARRIED; 0,3; 0,3; 0,7000003; 0,2747267; 0,8274251; 0,38072294; 0,14274162; Idle
HIGH; SELF; MARRIED; 0; 0; 1; 0,9737462; 0,97957796; 0,98822397; 0,23160619; Idle
HIGH; SELF; MARRIED; 0,30000004; 0,30000004; 0,7000003; 0,69100016; 0,41117918; 0,6680747; 0,21402788; PatrolWalk
HIGH; SELF; MARRIED; 0; 0; 1; 0,6919654; 0,6578153; 0,32682735; 0,3480186; Idle
HIGH; SELF; MARRIED; 0,6000001; 0,6000001; 0,4000004; 0,08835411; 0,96015036; 0,19073802; 0,52712244; Aggressive
HIGH; SELF; MARRIED; 0,3; 0,3; 0,7000003; 0,98394334; 0,13346404; 0,9087564; 0,9754093; PatrolWalk
HIGH; SELF; MARRIED; 0,30000004; 0,30000004; 0,7000003; 0,6793291; 0,14272326; 0,4618674; 0,85506755; Idle
HIGH; SELF; MARRIED; 0; 0; 1; 0,6222273; 0,21588707; 0,27853662; 0,21092767; Aggressive
HIGH; SELF; MARRIED; 0,30000004; 0,30000004; 0,7000003; 0,43975335; 0,8306035; 0,13767076; 0,13942474; Aggressive
HIGH; SELF; MARRIED; 0; 0; 1; 0,18766874; 0,44047564; 0,098254144; 0,26148593; Aggressive
HIGH; SELF; MARRIED; 0,6000001; 0,6000001; 0,4000004; 0,97464794; 0,8591658; 0,31578934; 0,36083728; Interact
HIGH; SELF; MARRIED; 0,30000004; 0,30000004; 0,7000003; 0,12806404; 0,501595; 0,59940934; 0,74936503; PatrolWalk
HIGH; SELF; MARRIED; 1,1175871E-08; 1,1175871E-08; 1; 0,38200146; 0,63985455; 0,9705294; 0,00017380714; Idle
HIGH; SELF; MARRIED; 0,30000004; 0,30000004; 0,7000003; 0,18043905; 0,5034029; 0,8103577; 0,86354846; PatrolWalk
HIGH; SELF; MARRIED; 0,3; 0,3; 0,7000003; 0,23012906; 0,7282106; 0,1927107; 0,3258006; Aggressive
HIGH; SELF; MARRIED; 0; 0; 1; 0,32595783; 0,35617214; 0,22573256; 0,95632595; Aggressive
HIGH; SELF; MARRIED; 0,6000001; 0,6000001; 0,4000004; 0,97085387; 0,7902395; 0,029123783; 0,3596502; Interact
HIGH; SELF; MARRIED; 0; 0; 1; 0,68560386; 0,78292906; 0,025360167; 0,4654606; Aggressive
HIGH; SELF; MARRIED; 1,1175871E-08; 1,1175871E-08; 1; 0,6924145; 0,23453993; 0,5092086; 0,17713594; Idle
HIGH; SELF; MARRIED; 0; 0; 1; 0,23639274; 0,820703; 0,8650049; 0,10095769; Idle
HIGH; SELF; MARRIED; 0,3; 0,3; 0,7000003; 0,6691761; 0,6873935; 0,17282468; 0,322106; Aggressive
HIGH; SELF; MARRIED; 1,1175871E-08; 1,1175871E-08; 1; 0,28981853; 0,011483431; 0,36686593; 0,1493054; Idle
HIGH; SELF; MARRIED; 0,30000004; 0,30000004; 0,7000003; 0,703551; 0,78843385; 0,5827458; 0,42186892; PatrolWalk
HIGH; SELF; MARRIED; 1,1175871E-08; 1,1175871E-08; 1; 0,19630075; 0,34463894; 0,41990083; 0,6831608; Idle
HIGH; SELF; MARRIED; 0; 0; 1; 0,9328185; 0,8860077; 0,23680979; 0,36896718; Aggressive
HIGH; SELF; MARRIED; 0; 0; 1; 0,71372485; 0,73315847; 0,8771389; 0,5334011; Idle
HIGH; SELF; MARRIED; 0; 0; 1; 0,8333492; 0,40338457; 0,8206401; 0,74446946; Idle
HIGH; SELF; MARRIED; 0,3; 0,3; 0,7000003; 0,7465087; 0,52153456; 0,45123875; 0,8031302; Idle
HIGH; SELF; MARRIED; 0; 0; 1; 0,486762; 0,012838364; 0,95665646; 0,87161976; Idle
HIGH; SELF; MARRIED; 0,30000004; 0,30000004; 0,7000003; 0,7350886; 0,71080685; 0,44134992; 0,90482056; PatrolWalk
HIGH; SELF; MARRIED; 0,30000004; 0,30000004; 0,7000003; 0,15156347; 0,25301784; 0,7807215; 0,4317068; Idle
HIGH; SELF; MARRIED; 0; 0; 1; 0,68750125; 0,34658116; 0,58635885; 0,8697908; Idle
HIGH; SELF; MARRIED; 0,30000004; 0,30000004; 0,7000003; 0,10013503; 0,8215926; 0,8889735; 0,9553034; PatrolWalk
HIGH; SELF; MARRIED; 1,1175871E-08; 1,1175871E-08; 1; 0,877427; 0,6801867; 0,7883069; 0,40522617; Idle
HIGH; SELF; MARRIED; 0,30000004; 0,30000004; 0,7000003; 0,6089475; 0,6420082; 0,40633053; 0,4992349; PatrolWalk
HIGH; SELF; MARRIED; 0; 0; 1; 0,67627484; 0,8360665; 0,9440271; 0,6971636; Idle
HIGH; SELF; MARRIED; 0,31666672; 0,31666672; 0,68333364; 0,9925654; 0,17075557; 0,16476619; 0,7738187; Interact
HIGH; SELF; MARRIED; 0,61666673; 0,61666673; 0,3833337; 0,33240002; 0,8932264; 0,9379375; 0,48936772; Idle
HIGH; SELF; MARRIED; 0,31666672; 0,31666672; 0,68333364; 0,3579483; 0,623776; 0,2152263; 0,04919809; Aggressive
HIGH; SELF; MARRIED; 0; 0; 1; 0,4077372; 0,15690869; 0,042926252; 0,50312805; Aggressive
HIGH; SELF; MARRIED; 0,61666673; 0,61666673; 0,3833337; 0,6437485; 0,38106167; 0,17465347; 0,14681172; Interact
HIGH; SELF; MARRIED; 0,31666672; 0,31666672; 0,68333364; 0,5825498; 0,42655468; 0,29066026; 0,2758348; Interact
HIGH; SELF; MARRIED; 0; 0; 1; 0,8803171; 0,66265184; 0,73266745; 0,35734516; Idle
HIGH; SELF; MARRIED; 0,31666672; 0,31666672; 0,68333364; 0,96170586; 0,39948952; 0,043919206; 0,4043129; Interact
HIGH; SELF; MARRIED; 0; 0; 1; 0,64260066; 0,37978256; 0,98990524; 0,9449211; Idle
HIGH; SELF; MARRIED; 0,31666672; 0,31666672; 0,68333364; 0,6760768; 0,60704184; 0,72176224; 0,7892043; Interact
HIGH; SELF; MARRIED; 0,016666679; 0,016666679; 0,98333335; 0,3813234; 0,36491752; 0,69750464; 0,6599353; Idle
HIGH; SELF; MARRIED; 0,91666645; 0,91666645; 0,08333361; 0,87926495; 0,7706813; 0,24586952; 0,09301227; Interact
HIGH; SELF; MARRIED; 0,016666679; 0,016666679; 0,98333335; 0,8418601; 0,16257632; 0,16409278; 0,43737096; Aggressive
HIGH; SELF; MARRIED; 0; 0; 1; 0,99008983; 0,34618562; 0,32248962; 0,75030667; Idle
HIGH; SELF; MARRIED; 0,3166667; 0,3166667; 0,68333364; 0,099518776; 0,83291876; 0,32765305; 0,28963923; PatrolWalk
HIGH; SELF; MARRIED; 0,016666679; 0,016666679; 0,98333335; 0,9400951; 0,007791877; 0,7433274; 0,22251332; Idle
HIGH; SELF; MARRIED; 0,30000004; 0,30000004; 0,7000003; 0,38594925; 0,040641606; 0,18355626; 0,005801916; Aggressive
HIGH; SELF; MARRIED; 0,016666679; 0,016666679; 0,98333335; 0,71850336; 0,66560364; 0,6299227; 0,3922466; Idle
HIGH; SELF; MARRIED; 0,30000004; 0,30000004; 0,7000003; 0,15391791; 0,24112666; 0,7482802; 0,4743232; PatrolWalk
HIGH; SELF; MARRIED; 0,016666679; 0,016666679; 0,98333335; 0,177688; 0,07041693; 0,13855147; 0,80316824; Aggressive
HIGH; SELF; MARRIED; 0,31666672; 0,31666672; 0,68333364; 0,6826565; 0,4709884; 0,6564801; 0,86893594; Interact
HIGH; SELF; MARRIED; 0,61666673; 0,61666673; 0,3833337; 0,74121773; 0,059931517; 0,09158474; 0,11483812; Interact
HIGH; SELF; MARRIED; 0; 0; 1; 0,6971062; 0,39033574; 0,69000113; 0,36744773; Idle
HIGH; SELF; MARRIED; 0,30000004; 0,30000004; 0,7000003; 0,5000578; 0,15109968; 0,8156714; 0,5672989; PatrolWalk
HIGH; SELF; MARRIED; 0,016666664; 0,016666664; 0,98333335; 0,3382448; 0,9102966; 0,6813767; 0,96744484; Idle
HIGH; SELF; MARRIED; 0,31666672; 0,31666672; 0,68333364; 0,6738434; 0,656627; 0,8054633; 0,16516048; Interact
HIGH; SELF; MARRIED; 1,1175871E-08; 1,1175871E-08; 1; 0,6581644; 0,37369704; 0,9987371; 0,3265019; Idle
HIGH; SELF; MARRIED; 0,31666672; 0,31666672; 0,68333364; 0,98177487; 0,4695139; 0,719005; 0,6684367; Interact
HIGH; SELF; MARRIED; 1,1175871E-08; 1,1175871E-08; 1; 0,40557694; 0,7608694; 0,57005364; 0,6937988; Idle
HIGH; SELF; MARRIED; 0; 0; 1; 0,858894; 0,59722656; 0,4297502; 0,1888498; Idle
HIGH; SELF; MARRIED; 0,016666679; 0,016666679; 0,98333335; 0,40238827; 0,3934911; 0,21194917; 0,40665364; Aggressive
HIGH; SELF; MARRIED; 0,3166667; 0,3166667; 0,68333364; 0,38492626; 0,9742715; 0,19351006; 0,29640704; Aggressive
HIGH; SELF; MARRIED; 0,30000004; 0,30000004; 0,7000003; 0,16502905; 0,8594675; 0,15751255; 0,57202053; Aggressive
HIGH; SELF; MARRIED; 1,1175871E-08; 1,1175871E-08; 1; 0,14830583; 0,1813404; 0,83449155; 0,78866816; Idle
HIGH; SELF; MARRIED; 0,3166667; 0,3166667; 0,68333364; 0,810055; 0,35283524; 0,95948553; 0,8267889; Interact
HIGH; SELF; MARRIED; 0,016666679; 0,016666679; 0,98333335; 0,27001935; 0,16271818; 0,07792157; 0,4615022; Aggressive
HIGH; SELF; MARRIED; 0,30000004; 0,30000004; 0,7000003; 0,94114923; 0,79744524; 0,19391173; 0,7740322; Aggressive
HIGH; SELF; MARRIED; 0,016666679; 0,016666679; 0,98333335; 0,6924879; 0,9617616; 0,35107583; 0,34839332; Idle
HIGH; SELF; MARRIED; 0,30000004; 0,30000004; 0,7000003; 0,53335714; 0,46168327; 0,22715127; 0,89747465; Aggressive
HIGH; SELF; MARRIED; 0,30000004; 0,30000004; 0,7000003; 0,06664938; 0,79889077; 0,71786284; 0,69426674; PatrolWalk
HIGH; SELF; MARRIED; 0; 0; 1; 0,5026548; 0,7200141; 0,546822; 0,29365093; Idle
HIGH; SELF; MARRIED; 0,016666664; 0,016666664; 0,98333335; 0,4770823; 0,032028615; 0,34692413; 0,097080946; Idle
HIGH; SELF; MARRIED; 1,1175871E-08; 1,1175871E-08; 1; 0,8519844; 0,77872163; 0,8448293; 0,17511338; Idle
HIGH; SELF; MARRIED; 0,30000004; 0,30000004; 0,7000003; 0,79386425; 0,24253851; 0,019734442; 0,5088758; Aggressive
HIGH; SELF; MARRIED; 0,016666664; 0,016666664; 0,98333335; 0,8710203; 0,32160783; 0,97095007; 0,6558258; Idle
HIGH; SELF; MARRIED; 0; 0; 1; 0,71351016; 0,73957294; 0,78189206; 0,8665585; Idle
HIGH; SELF; MARRIED; 1,1175871E-08; 1,1175871E-08; 1; 0,47249824; 0,46140045; 0,82438993; 0,8058038; Idle
HIGH; SELF; MARRIED; 0,31666672; 0,31666672; 0,68333364; 0,35961533; 0,948614; 0,09086484; 0,39186; Aggressive
HIGH; SELF; MARRIED; 1,1175871E-08; 1,1175871E-08; 1; 0,8550382; 0,70153993; 0,4599725; 0,44323587; Idle
HIGH; SELF; MARRIED; 1,1175871E-08; 1,1175871E-08; 1; 0,07351673; 0,023334265; 0,07152492; 0,94471055; Aggressive
HIGH; SELF; MARRIED; 0,30000004; 0,30000004; 0,7000003; 0,38021374; 0,092233; 0,111602545; 0,33541936; Aggressive
HIGH; SELF; MARRIED; 0,3166667; 0,3166667; 0,68333364; 0,019165337; 0,84589773; 0,36815095; 0,7190891; PatrolWalk
HIGH; SELF; MARRIED; 0,30000004; 0,30000004; 0,7000003; 0,87824935; 0,64429265; 0,6432766; 0,4621185; Idle
HIGH; SELF; MARRIED; 1,1175871E-08; 1,1175871E-08; 1; 0,31470078; 0,39689177; 0,21316183; 0,830726; Aggressive
HIGH; SELF; MARRIED; 0,3166667; 0,3166667; 0,68333364; 0,57495564; 0,16090095; 0,3356791; 0,7839337; Interact
HIGH; SELF; MARRIED; 0,30000004; 0,30000004; 0,7000003; 0,24380678; 0,824129; 0,32052064; 0,62912345; Idle
HIGH; SELF; MARRIED; 0,30000004; 0,30000004; 0,7000003; 0,18519622; 0,54042864; 0,19852114; 0,08777261; Aggressive
HIGH; SELF; MARRIED; 0,016666679; 0,016666679; 0,98333335; 0,14916015; 0,6396594; 0,76006097; 0,29536068; Idle
HIGH; SELF; MARRIED; 0,30000004; 0,30000004; 0,7000003; 0,46790183; 0,97219294; 0,5528106; 0,90138847; PatrolWalk
HIGH; SELF; MARRIED; 0; 0; 1; 0,36834556; 0,020340264; 0,29663527; 0,21132374; Aggressive
HIGH; SELF; MARRIED; 1,1175871E-08; 1,1175871E-08; 1; 0,44211006; 0,07956529; 0,15342593; 0,6815017; Aggressive
HIGH; SELF; MARRIED; 0,016666664; 0,016666664; 0,98333335; 0,85439086; 0,37575305; 0,18589759; 0,53232783; Aggressive
HIGH; SELF; MARRIED; 0,6000001; 0,6000001; 0,4000004; 0,033580482; 0,12103605; 0,5127762; 0,18797463; PatrolWalk
HIGH; SELF; MARRIED; 0; 0; 1; 0,28716964; 0,67591375; 0,7038004; 0,4076745; Idle
HIGH; SELF; MARRIED; 0,016666664; 0,016666664; 0,98333335; 0,032187283; 0,016116917; 0,47768205; 0,19061714; Idle
HIGH; SELF; MARRIED; 0,6000001; 0,6000001; 0,4000004; 0,9104026; 0,9103218; 0,028229654; 0,16697478; Interact
HIGH; SELF; MARRIED; 1,1175871E-08; 1,1175871E-08; 1; 0,0033208132; 0,1935119; 0,34075892; 0,16130245; Idle
HIGH; SELF; MARRIED; 0,31666672; 0,31666672; 0,68333364; 0,45899987; 0,16000575; 0,38584077; 0,60009444; PatrolWalk
HIGH; SELF; MARRIED; 1,1175871E-08; 1,1175871E-08; 1; 0,7974642; 0,92922425; 0,13349116; 0,5265605; Aggressive
HIGH; SELF; MARRIED; 0; 0; 1; 0,18853742; 0,58939475; 0,6274853; 0,65002656; Idle
HIGH; SELF; MARRIED; 0; 0; 1; 0,033675015; 0,14779884; 0,81918114; 0,2474367; Idle
HIGH; SELF; MARRIED; 0; 0; 1; 0,99155986; 0,5808043; 0,6228114; 0,001250267; Idle
HIGH; SELF; MARRIED; 0,3; 0,3; 0,7000003; 0,50760347; 0,9075519; 0,24724835; 0,053775847; Aggressive
HIGH; SELF; MARRIED; 0,30000004; 0,30000004; 0,7000003; 0,67915976; 0,11605513; 0,5880735; 0,8021087; PatrolWalk
HIGH; SELF; MARRIED; 0,3166667; 0,3166667; 0,68333364; 0,67626774; 0,6722413; 0,033278525; 0,05012393; Interact
HIGH; SELF; MARRIED; 0,3; 0,3; 0,7000003; 0,8262856; 0,61302185; 0,8179334; 0,9936735; PatrolWalk
HIGH; SELF; MARRIED; 0,30000004; 0,30000004; 0,7000003; 0,5755276; 0,4706924; 0,44399434; 0,26567042; Idle
HIGH; SELF; MARRIED; 0,016666679; 0,016666679; 0,98333335; 0,04367149; 0,8119254; 0,26680648; 0,18042028; Aggressive
HIGH; SELF; MARRIED; 0; 0; 1; 0,9290234; 0,2676896; 0,84631115; 0,21515983; Idle
HIGH; SELF; MARRIED; 0,30000004; 0,30000004; 0,7000003; 0,49729246; 0,84627706; 0,14294559; 0,6354972; Aggressive
HIGH; SELF; MARRIED; 0,30000004; 0,30000004; 0,7000003; 0,93125194; 0,15080887; 0,81082934; 0,7465237; PatrolWalk
HIGH; SELF; MARRIED; 0,30000004; 0,30000004; 0,7000003; 0,120630324; 0,073452234; 0,29838896; 0,5882846; Aggressive
HIGH; SELF; MARRIED; 0; 0; 1; 0,23402911; 0,82619625; 0,8203355; 0,92198974; Idle
HIGH; SELF; MARRIED; 1,1175871E-08; 1,1175871E-08; 1; 0,03416419; 0,9058144; 0,38431078; 0,70740896; Idle
HIGH; SELF; MARRIED; 0,016666664; 0,016666664; 0,98333335; 0,6994639; 0,761509; 0,72806257; 0,9731987; Idle
HIGH; SELF; MARRIED; 0; 0; 1; 0,56974536; 0,78811836; 0,18406618; 0,85092133; Aggressive
HIGH; SELF; MARRIED; 0,6000001; 0,6000001; 0,4000004; 0,083167136; 0,6233491; 0,2775457; 0,46076941; Aggressive
HIGH; SELF; MARRIED; 0; 0; 1; 0,043728948; 0,8831671; 0,7448593; 0,11827481; Idle
HIGH; SELF; MARRIED; 0,30000004; 0,30000004; 0,7000003; 0,5234216; 0,30903703; 0,064174056; 0,5202799; Aggressive
HIGH; SELF; MARRIED; 1,1175871E-08; 1,1175871E-08; 1; 0,9129099; 0,92001677; 0,45089793; 0,0401237; Idle
HIGH; SELF; MARRIED; 1; 1; 0; 0,23142791; 0,64349765; 0,15252578; 0,44989735; PatrolWalk
HIGH; SELF; MARRIED; 1,1175871E-08; 1,1175871E-08; 1; 0,18684393; 0,79262114; 0,64366585; 0,62329423; Idle
HIGH; SELF; MARRIED; 1,1175871E-08; 1,1175871E-08; 1; 0,6286291; 0,1241166; 0,2575335; 0,18118554; Aggressive
HIGH; SELF; MARRIED; 0,30000004; 0,30000004; 0,7000003; 0,878986; 0,23698533; 0,97271836; 0,82545197; Idle
HIGH; SELF; MARRIED; 0,30000004; 0,30000004; 0,7000003; 0,65342593; 0,6750733; 0,5940468; 0,9507924; PatrolWalk
HIGH; SELF; MARRIED; 0,3166667; 0,3166667; 0,68333364; 0,65318835; 0,43376672; 0,04849547; 0,008202851; Interact
HIGH; SELF; MARRIED; 0; 0; 1; 0,12700218; 0,8837952; 0,8793096; 0,42904854; Idle
HIGH; SELF; MARRIED; 0,3; 0,3; 0,7000003; 0,8067282; 0,48878515; 0,5123842; 0,77336323; Idle
HIGH; SELF; MARRIED; 0,30000004; 0,30000004; 0,7000003; 0,88115394; 0,09096134; 0,6963512; 0,93962425; PatrolWalk
HIGH; SELF; MARRIED; 1,1175871E-08; 1,1175871E-08; 1; 0,17332518; 0,37222087; 0,322317; 0,298778; Idle
HIGH; SELF; MARRIED; 0,30000004; 0,30000004; 0,7000003; 0,48223656; 0,61574817; 0,057434678; 0,6571871; Aggressive
HIGH; SELF; MARRIED; 0,31666672; 0,31666672; 0,68333364; 0,70976925; 0,49008483; 0,65458256; 0,24221045; Interact
HIGH; SELF; MARRIED; 0; 0; 1; 0,26355803; 0,4444986; 0,96457833; 0,6506615; Idle
HIGH; SELF; MARRIED; 0,61666673; 0,61666673; 0,3833337; 0,37167102; 0,10575795; 0,34885925; 0,25635022; PatrolWalk
HIGH; SELF; MARRIED; 0; 0; 1; 0,61665523; 0,38050824; 0,42325902; 0,59932935; Idle
HIGH; SELF; MARRIED; 0; 0; 1; 0,036352158; 0,2801544; 0,025525272; 0,756438; Aggressive
HIGH; SELF; MARRIED; 0,31666672; 0,31666672; 0,68333364; 0,90927565; 0,81380796; 0,6424901; 0,43626535; Interact
HIGH; SELF; MARRIED; 0,61666673; 0,61666673; 0,3833337; 0,5957571; 0,6305248; 0,74762636; 0,8649381; Investigation
HIGH; SELF; MARRIED; 0; 0; 1; 0,4730488; 0,9210304; 0,63799435; 0,8619903; Idle
HIGH; SELF; MARRIED; 0,31666672; 0,31666672; 0,68333364; 0,49791104; 0,8365813; 0,94167364; 0,5244594; PatrolWalk
HIGH; SELF; MARRIED; 0; 0; 1; 0,17488891; 0,55585665; 0,81275886; 0,31576163; Idle
HIGH; SELF; MARRIED; 0,016666679; 0,016666679; 0,98333335; 0,0046865344; 0,8625653; 0,15056443; 0,6250446; Aggressive
HIGH; SELF; MARRIED; 0,30000004; 0,30000004; 0,7000003; 0,35205293; 0,74726045; 0,7481475; 0,29596913; Idle
HIGH; SELF; MARRIED; 0,3166667; 0,3166667; 0,68333364; 0,78776056; 0,0056902766; 0,85388976; 0,1131596; Interact
HIGH; SELF; MARRIED; 0,30000004; 0,30000004; 0,7000003; 0,3339637; 0,60185; 0,61147356; 0,3503067; Idle
HIGH; SELF; MARRIED; 0; 0; 1; 0,6553841; 0,7119556; 0,37337863; 0,5522412; Idle
HIGH; SELF; MARRIED; 0,016666679; 0,016666679; 0,98333335; 0,0048592687; 0,828468; 0,6656266; 0,19345146; Idle
HIGH; SELF; MARRIED; 0,3166667; 0,3166667; 0,68333364; 0,13821316; 0,6209872; 0,95275027; 0,3082391; PatrolWalk
HIGH; SELF; MARRIED; 0,30000004; 0,30000004; 0,7000003; 0,003581345; 0,5891603; 0,7062969; 0,8471107; PatrolWalk
HIGH; SELF; MARRIED; 0,016666679; 0,016666679; 0,98333335; 0,0015838742; 0,20014733; 0,21333522; 0,17522603; Aggressive
HIGH; SELF; MARRIED; 0,30000004; 0,30000004; 0,7000003; 0,86719495; 0,0069646835; 0,9594655; 0,54162645; PatrolWalk
HIGH; SELF; MARRIED; 0; 0; 1; 0,81441236; 0,98864985; 0,072166085; 0,6388001; Aggressive
HIGH; SELF; MARRIED; 0,6000001; 0,6000001; 0,4000004; 0,5119197; 0,4190535; 0,49595362; 0,63066906; Investigation
HIGH; SELF; MARRIED; 0,016666664; 0,016666664; 0,98333335; 0,27306855; 0,91001934; 0,87537664; 0,5851992; Idle
HIGH; SELF; MARRIED; 0,6000001; 0,6000001; 0,4000004; 0,39911544; 0,1626029; 0,8379088; 0,58511716; Idle
HIGH; SELF; MARRIED; 0,30000004; 0,30000004; 0,7000003; 0,83250594; 0,57961655; 0,94684786; 0,41775835; PatrolWalk
HIGH; SELF; MARRIED; 0,31666672; 0,31666672; 0,68333364; 0,78829813; 0,6949931; 0,66563624; 0,8800377; Interact
HIGH; SELF; MARRIED; 0,016666664; 0,016666664; 0,98333335; 0,6874312; 0,4970606; 0,4540156; 0,072043836; Idle
HIGH; SELF; MARRIED; 1,1175871E-08; 1,1175871E-08; 1; 0,21787357; 0,7610311; 0,22123474; 0,20070565; Aggressive
HIGH; SELF; MARRIED; 0; 0; 1; 0,1112324; 0,15950137; 0,49403214; 0,28817624; Idle
HIGH; SELF; MARRIED; 1,1175871E-08; 1,1175871E-08; 1; 0,7641884; 0,012247622; 0,30541593; 0,6127769; Idle
HIGH; SELF; MARRIED; 0; 0; 1; 0,59044784; 0,26384276; 0,5023512; 0,29788417; Idle
HIGH; SELF; MARRIED; 0,3; 0,3; 0,7000003; 0,39551044; 0,3496294; 0,53150433; 0,028368771; PatrolWalk
HIGH; SELF; MARRIED; 0,3166667; 0,3166667; 0,68333364; 0,18534249; 0,0029300451; 0,50293595; 0,59631634; Idle
HIGH; SELF; MARRIED; 0,8999998; 0,8999998; 0,10000028; 0,5605086; 0,7255869; 0,8215798; 0,11827308; Interact
HIGH; SELF; MARRIED; 1,1175871E-08; 1,1175871E-08; 1; 0,39094287; 0,010536194; 0,13394618; 0,012643516; Aggressive
HIGH; SELF; MARRIED; 0,016666679; 0,016666679; 0,98333335; 0,61222374; 0,6508105; 0,6523957; 0,71053153; Idle
HIGH; SELF; MARRIED; 0,3166667; 0,3166667; 0,68333364; 0,08521271; 0,15416503; 0,72416943; 0,29713577; Idle
HIGH; SELF; MARRIED; 0; 0; 1; 0,09022564; 0,16918403; 0,61417586; 0,10524976; Idle
HIGH; SELF; MARRIED; 0,30000004; 0,30000004; 0,7000003; 0,281861; 0,3757469; 0,65748304; 0,98787117; PatrolWalk
HIGH; SELF; MARRIED; 0,30000004; 0,30000004; 0,7000003; 0,370892; 0,9653785; 0,8059938; 0,7548116; PatrolWalk
HIGH; SELF; MARRIED; 0,30000004; 0,30000004; 0,7000003; 0,8128365; 0,9369749; 0,3076862; 0,5290749; PatrolWalk
HIGH; SELF; MARRIED; 0; 0; 1; 0,4708342; 0,9163268; 0,1617955; 0,9567372; Aggressive
HIGH; SELF; MARRIED; 0,61666673; 0,61666673; 0,3833337; 0,63282573; 0,3210094; 0,41641122; 0,7243458; Investigation
HIGH; SELF; MARRIED; 0,6000001; 0,6000001; 0,4000004; 0,5430952; 0,48344457; 0,3551092; 0,2231583; Interact
HIGH; SELF; MARRIED; 0; 0; 1; 0,58857936; 0,47205824; 0,71254677; 0,23728508; Idle
HIGH; SELF; MARRIED; 0,31666672; 0,31666672; 0,68333364; 0,80183816; 0,9320965; 0,24571687; 0,25190032; Interact
HIGH; SELF; MARRIED; 0,61666673; 0,61666673; 0,3833337; 0,74841464; 0,119448364; 0,8653155; 0,32681304; Interact
HIGH; SELF; MARRIED; 0,30000004; 0,30000004; 0,7000003; 0,77653694; 0,18396902; 0,83894616; 0,35125422; PatrolWalk
HIGH; SELF; MARRIED; 1,1175871E-08; 1,1175871E-08; 1; 0,9508016; 0,7662835; 0,8655926; 0,65389305; Idle
HIGH; SELF; MARRIED; 1,1175871E-08; 1,1175871E-08; 1; 0,12447107; 0,25844014; 0,009881079; 0,98498285; Aggressive
HIGH; SELF; MARRIED; 1,1175871E-08; 1,1175871E-08; 1; 0,45542878; 0,057291627; 0,38536876; 0,10772121; Idle
HIGH; SELF; MARRIED; 0; 0; 1; 0,94887424; 0,069045246; 0,9134322; 0,0352965; Idle
HIGH; SELF; MARRIED; 0,3166667; 0,3166667; 0,68333364; 0,57249653; 0,060177445; 0,6927294; 0,7365523; Interact
HIGH; SELF; MARRIED; 0,3; 0,3; 0,7000003; 0,054891348; 0,82277006; 0,03780538; 0,37595862; Aggressive
HIGH; SELF; MARRIED; 0,30000004; 0,30000004; 0,7000003; 0,102045715; 0,9033507; 0,023952782; 0,111801565; Aggressive
HIGH; SELF; MARRIED; 0,016666679; 0,016666679; 0,98333335; 0,63782716; 0,8557278; 0,6088882; 0,92936856; Idle
HIGH; SELF; MARRIED; 0,3166667; 0,3166667; 0,68333364; 0,9741605; 0,65654755; 0,020644486; 0,86167413; Interact
HIGH; SELF; MARRIED; 1,1175871E-08; 1,1175871E-08; 1; 0,1283955; 0,75179446; 0,98323995; 0,6383908; Idle
HIGH; SELF; MARRIED; 0,30000004; 0,30000004; 0,7000003; 0,017775536; 0,889213; 0,07936853; 0,20529199; Aggressive
HIGH; SELF; MARRIED; 0; 0; 1; 0,16508323; 0,51457894; 0,6423569; 0,89980876; Idle
HIGH; SELF; MARRIED; 0,30000004; 0,30000004; 0,7000003; 0,997189; 0,45875466; 0,5567191; 0,63448566; Idle
HIGH; SELF; MARRIED; 0,30000004; 0,30000004; 0,7000003; 0,18050647; 0,5509854; 0,9888518; 0,550962; PatrolWalk
HIGH; SELF; MARRIED; 0,016666664; 0,016666664; 0,98333335; 0,47540015; 0,40897626; 0,19416124; 0,372177; Aggressive
HIGH; SELF; MARRIED; 0; 0; 1; 0,60199904; 0,052501917; 0,62197435; 0,1608572; Idle
HIGH; SELF; MARRIED; 1,1175871E-08; 1,1175871E-08; 1; 0,30348265; 0,87430775; 0,06120467; 0,8646489; Aggressive
HIGH; SELF; MARRIED; 0,31666672; 0,31666672; 0,68333364; 0,74242276; 0,17038274; 0,9854669; 0,61014134; Interact
HIGH; SELF; MARRIED; 0,016666664; 0,016666664; 0,98333335; 0,5220328; 0,5265425; 0,5810808; 0,7593314; Idle
HIGH; SELF; MARRIED; 0,30000004; 0,30000004; 0,7000003; 0,548182; 0,85801363; 0,6265445; 0,4896158; PatrolWalk
HIGH; SELF; MARRIED; 1,1175871E-08; 1,1175871E-08; 1; 0,25773716; 0,5870206; 0,44863802; 0,372405; Idle
HIGH; SELF; MARRIED; 0,30000004; 0,30000004; 0,7000003; 0,9456239; 0,21068084; 0,46455175; 0,24222964; Idle
HIGH; SELF; MARRIED; 0,6000001; 0,6000001; 0,4000004; 0,47916406; 0,5252992; 0,33608997; 0,9157642; Investigation
HIGH; SELF; MARRIED; 1,1175871E-08; 1,1175871E-08; 1; 0,7670622; 0,2392909; 0,676672; 0,08060962; Idle
HIGH; SELF; MARRIED; 0; 0; 1; 0,7277456; 0,5702151; 0,66414243; 0,7632884; Idle
HIGH; SELF; MARRIED; 0,30000004; 0,30000004; 0,7000003; 0,2963798; 0,4761135; 0,27212572; 0,20331275; Aggressive
HIGH; SELF; MARRIED; 0; 0; 1; 0,09057897; 0,2537284; 0,37931764; 0,22684133; Idle
HIGH; SELF; MARRIED; 0,016666679; 0,016666679; 0,98333335; 0,893783; 0,24876672; 0,57229775; 0,65256107; Idle
HIGH; SELF; MARRIED; 0,3166667; 0,3166667; 0,68333364; 0,22419512; 0,89899206; 0,9744259; 0,30229217; PatrolWalk
HIGH; SELF; MARRIED; 1,1175871E-08; 1,1175871E-08; 1; 0,83910656; 0,21540534; 0,29098648; 0,12304455; Aggressive
HIGH; SELF; MARRIED; 0,30000004; 0,30000004; 0,7000003; 0,7354507; 0,20274884; 0,39531457; 0,750538; Idle
HIGH; SELF; MARRIED; 0,6000001; 0,6000001; 0,4000004; 0,04201448; 0,7961565; 0,44667923; 0,9325778; Investigation
HIGH; SELF; MARRIED; 0,3; 0,3; 0,7000003; 0,8320386; 0,73912656; 0,8067165; 0,13431692; Idle
HIGH; SELF; MARRIED; 0,30000004; 0,30000004; 0,7000003; 0,99234354; 0,56442755; 0,9941434; 0,21784937; PatrolWalk
HIGH; SELF; MARRIED; 0,30000004; 0,30000004; 0,7000003; 0,4495386; 0,22522247; 0,22692007; 0,3038106; Aggressive
HIGH; SELF; MARRIED; 1,1175871E-08; 1,1175871E-08; 1; 0,1254316; 0,10833025; 0,5681731; 0,78959155; Idle
HIGH; SELF; MARRIED; 0,30000004; 0,30000004; 0,7000003; 0,78680575; 0,9953272; 0,30632633; 0,18726635; Idle
HIGH; SELF; MARRIED; 0,31666672; 0,31666672; 0,68333364; 0,26132905; 0,59339213; 0,33409637; 0,7529307; PatrolWalk
HIGH; SELF; MARRIED; 0,016666664; 0,016666664; 0,98333335; 0,37506133; 0,8680197; 0,5958963; 0,31878787; Idle
HIGH; SELF; MARRIED; 0; 0; 1; 0,9544534; 0,6155384; 0,44916612; 0,19460237; Idle
HIGH; SELF; MARRIED; 0,6000001; 0,6000001; 0,4000004; 0,54387665; 0,6065371; 0,42008418; 0,78788924; Investigation
HIGH; SELF; MARRIED; 0,3; 0,3; 0,7000003; 0,21425056; 0,16485196; 0,36450863; 0,7382408; Idle
HIGH; SELF; MARRIED; 0; 0; 1; 0,08683747; 0,7443196; 0,86683995; 0,35122305; Idle
HIGH; SELF; MARRIED; 0,6000001; 0,6000001; 0,4000004; 0,32664216; 0,14661682; 0,4891631; 0,6838656; Investigation
HIGH; SELF; MARRIED; 1,1175871E-08; 1,1175871E-08; 1; 0,1268121; 0,6324943; 0,52903897; 0,6206236; Idle
HIGH; SELF; MARRIED; 1,1175871E-08; 1,1175871E-08; 1; 0,8537492; 0,28054255; 0,39643645; 0,09699404; Idle
HIGH; SELF; MARRIED; 0,30000004; 0,30000004; 0,7000003; 0,1433621; 0,13551313; 0,086692214; 0,63353145; Aggressive
HIGH; SELF; MARRIED; 0,6000001; 0,6000001; 0,4000004; 0,07040167; 0,95513797; 0,10525715; 0,0834921; Aggressive
HIGH; SELF; MARRIED; 0,016666679; 0,016666679; 0,98333335; 0,69775164; 0,07673538; 0,024717331; 0,41656142; Aggressive
HIGH; SELF; MARRIED; 0,3166667; 0,3166667; 0,68333364; 0,020782411; 0,8070371; 0,33803463; 0,017570734; Idle
HIGH; SELF; MARRIED; 0,30000004; 0,30000004; 0,7000003; 0,41637492; 0,8568311; 0,98340577; 0,79693043; PatrolWalk
HIGH; SELF; MARRIED; 0,3; 0,3; 0,7000003; 0,05794531; 0,2939731; 0,2649964; 0,6636037; Aggressive
HIGH; SELF; MARRIED; 0,6000001; 0,6000001; 0,4000004; 0,767032; 0,57753867; 0,17761183; 0,23967743; Interact
HIGH; SELF; MARRIED; 0,28333333; 0,28333333; 0,71666694; 0,94266087; 0,38395178; 0,52741957; 0,10109395; Idle
HIGH; SELF; MARRIED; 0,31666672; 0,31666672; 0,68333364; 0,79324746; 0,17932594; 0,26595628; 0,44108045; Interact
HIGH; SELF; MARRIED; 0,31666672; 0,31666672; 0,68333364; 0,75797886; 0,20719725; 0,30955034; 0,5139125; Interact
HIGH; SELF; MARRIED; 0; 0; 1; 0,48179853; 0,67176706; 0,78418225; 0,16842324; Idle
HIGH; SELF; MARRIED; 0,28333333; 0,28333333; 0,71666694; 0,98912317; 0,34970844; 0,47258747; 0,33255547; Idle
HIGH; SELF; MARRIED; 0; 0; 1; 0,73428124; 0,83290976; 0,27054626; 0,89390284; Aggressive
HIGH; SELF; MARRIED; 0,6333334; 0,6333334; 0,36666703; 0,55522597; 0,3046615; 0,12021333; 0,28176963; Interact
HIGH; SELF; MARRIED; 0; 0; 1; 0,6201922; 0,32685214; 0,95846546; 0,043435454; Idle
HIGH; SELF; MARRIED; 0; 0; 1; 0,27521235; 0,15634996; 0,47396743; 0,6473575; Idle
HIGH; SELF; MARRIED; 0,28333333; 0,28333333; 0,71666694; 0,55606055; 0,049659133; 0,8517206; 0,82867295; PatrolWalk
HIGH; SELF; MARRIED; 0,58333343; 0,58333343; 0,41666707; 0,4952758; 0,258205; 0,6947687; 0,0072975755; Idle
HIGH; SELF; MARRIED; 0,016666679; 0,016666679; 0,98333335; 0,14086902; 0,84875846; 0,9267842; 0,7243988; Idle
HIGH; SELF; MARRIED; 0,016666679; 0,016666679; 0,98333335; 0,9665446; 0,7458206; 0,7483781; 0,7438553; Idle
HIGH; SELF; MARRIED; 0,30000004; 0,30000004; 0,7000003; 0,87466484; 0,10948092; 0,495283; 0,21836787; PatrolWalk
HIGH; SELF; MARRIED; 0,58333343; 0,58333343; 0,41666707; 0,98654944; 0,77420247; 0,20811862; 0,5568521; Interact
HIGH; SELF; MARRIED; 0; 0; 1; 0,2722665; 0,8344182; 0,60304874; 0,41862917; Idle
HIGH; SELF; MARRIED; 0,33333337; 0,33333337; 0,666667; 0,59641856; 0,9925954; 0,32563883; 0,41582543; Interact
HIGH; SELF; MARRIED; 0,30000004; 0,30000004; 0,7000003; 0,6651489; 0,3763432; 0,5834308; 0,22398067; Idle
HIGH; SELF; MARRIED; 0,30000004; 0,30000004; 0,7000003; 0,086761475; 0,029117167; 0,917874; 0,6513901; PatrolWalk
HIGH; SELF; MARRIED; 0; 0; 1; 0,3733589; 0,19857085; 0,8853685; 0,187495; Idle
HIGH; SELF; MARRIED; 0,88333315; 0,88333315; 0,11666694; 0,5255451; 0,6166548; 0,7095066; 0,9185392; Investigation
HIGH; SELF; MARRIED; 0,31666672; 0,31666672; 0,68333364; 0,29869908; 0,75987846; 0,62119645; 0,6360712; Idle
HIGH; SELF; MARRIED; 0,31666672; 0,31666672; 0,68333364; 0,76879627; 0,32721674; 0,8581488; 0,29068595; Interact
HIGH; SELF; MARRIED; 1,1175871E-08; 1,1175871E-08; 1; 0,18032366; 0,05754608; 0,8356657; 0,97628015; Idle
HIGH; SELF; MARRIED; 0,28333333; 0,28333333; 0,71666694; 0,17194772; 0,3597715; 0,6586831; 0,7947375; PatrolWalk
HIGH; SELF; MARRIED; 0,30000004; 0,30000004; 0,7000003; 0,87987584; 0,8069666; 0,589668; 0,0017204285; PatrolWalk
HIGH; SELF; MARRIED; 0,03333333; 0,03333333; 0,9666667; 0,74893147; 0,16169822; 0,9935665; 0,97969306; Idle
HIGH; SELF; MARRIED; 0,6000001; 0,6000001; 0,4000004; 0,42001057; 0,34144157; 0,027100742; 0,0092996955; Aggressive
HIGH; SELF; MARRIED; 1,1175871E-08; 1,1175871E-08; 1; 0,13971806; 0,6775117; 0,42239803; 0,6785853; Idle
HIGH; SELF; MARRIED; 0,30000004; 0,30000004; 0,7000003; 0,79811674; 0,33873123; 0,6329939; 0,45495528; PatrolWalk
HIGH; SELF; MARRIED; 0,58333343; 0,58333343; 0,41666707; 0,3056708; 0,7801659; 0,507904; 0,6925656; Investigation
HIGH; SELF; MARRIED; 0,61666673; 0,61666673; 0,3833337; 0,71980447; 0,5864739; 0,19833916; 0,13060933; Interact
HIGH; SELF; MARRIED; 0,016666679; 0,016666679; 0,98333335; 0,6659372; 0,47168994; 0,59120345; 0,19988453; Idle
HIGH; SELF; MARRIED; 0,30000004; 0,30000004; 0,7000003; 0,7447055; 0,99671376; 0,85001665; 0,7032084; PatrolWalk
HIGH; SELF; MARRIED; 0; 0; 1; 0,90602803; 0,9364562; 0,087170005; 0,1127395; Aggressive
HIGH; SELF; MARRIED; 1,1175871E-08; 1,1175871E-08; 1; 0,8963543; 0,6257139; 0,6469094; 0,72328603; Idle
HIGH; SELF; MARRIED; 0,33333337; 0,33333337; 0,666667; 0,22542304; 0,62771434; 0,95226425; 0,69375324; PatrolWalk
HIGH; SELF; MARRIED; 0,3; 0,3; 0,7000003; 0,9679815; 0,7995894; 0,9140059; 0,8429813; PatrolWalk
HIGH; SELF; MARRIED; 0,30000004; 0,30000004; 0,7000003; 0,9768792; 0,6338012; 0,32747376; 0,10210812; Idle
HIGH; SELF; MARRIED; 1,1175871E-08; 1,1175871E-08; 1; 0,94041324; 0,9014231; 0,27251506; 0,24140704; Aggressive
HIGH; SELF; MARRIED; 0,28333333; 0,28333333; 0,71666694; 0,85772634; 0,11324227; 0,48685187; 0,8256563; Idle
HIGH; SELF; MARRIED; 0,3166667; 0,3166667; 0,68333364; 0,46160424; 0,30600262; 0,8670538; 0,64873266; PatrolWalk
HIGH; SELF; MARRIED; 0,31666672; 0,31666672; 0,68333364; 0,74044067; 0,6805447; 0,12680125; 0,3813089; Interact
HIGH; SELF; MARRIED; 1,1175871E-08; 1,1175871E-08; 1; 0,15292233; 0,75653374; 0,65621185; 0,52931917; Idle
HIGH; SELF; MARRIED; 0; 0; 1; 0,22776663; 0,6130967; 0,00091582537; 0,15933806; Aggressive
HIGH; SELF; MARRIED; 0,30000004; 0,30000004; 0,7000003; 0,3781019; 0,44351614; 0,16426831; 0,37350988; Aggressive
HIGH; SELF; MARRIED; 0,03333333; 0,03333333; 0,9666667; 0,9948563; 0,8630389; 0,32395214; 0,26977396; Idle
HIGH; SELF; MARRIED; 0; 0; 1; 0,08076835; 0,82486665; 0,27115232; 0,70947033; Aggressive
HIGH; SELF; MARRIED; 0,6000001; 0,6000001; 0,4000004; 0,48004997; 0,47339433; 0,90485156; 0,061905503; Idle
HIGH; SELF; MARRIED; 0; 0; 1; 0,4910261; 0,407897; 0,59796566; 0,81940186; Idle
HIGH; SELF; MARRIED; 0,58333343; 0,58333343; 0,41666707; 0,2685302; 0,9572763; 0,5167106; 0,18098015; Idle
HIGH; SELF; MARRIED; 0,016666664; 0,016666664; 0,98333335; 0,7081952; 0,7347958; 0,38815695; 0,056037962; Idle
HIGH; SELF; MARRIED; 0,016666679; 0,016666679; 0,98333335; 0,7852552; 0,9786277; 0,31260645; 0,03852254; Idle
HIGH; SELF; MARRIED; 0,30000004; 0,30000004; 0,7000003; 0,7520061; 0,5145971; 0,28041238; 0,6870793; Aggressive
HIGH; SELF; MARRIED; 0; 0; 1; 0,30452567; 0,43899536; 0,49938852; 0,6979958; Idle
HIGH; SELF; MARRIED; 1,1175871E-08; 1,1175871E-08; 1; 0,049559653; 0,43745124; 0,21330708; 0,50477433; Aggressive
HIGH; SELF; MARRIED; 0,33333337; 0,33333337; 0,666667; 0,81089437; 0,5998622; 0,3363093; 0,40471953; Interact
HIGH; SELF; MARRIED; 0; 0; 1; 0,12783009; 0,968401; 0,033641398; 0,30800033; Aggressive
HIGH; SELF; MARRIED; 0,8999998; 0,8999998; 0,10000028; 0,8726637; 0,7825295; 0,13478822; 0,3793977; Interact
HIGH; SELF; MARRIED; 0,30000004; 0,30000004; 0,7000003; 0,08149803; 0,12352568; 0,5373678; 0,25202835; Idle
HIGH; SELF; MARRIED; 0,88333315; 0,88333315; 0,11666694; 0,8033609; 0,835881; 0,15277606; 0,15307504; Interact
HIGH; SELF; MARRIED; 0,3166667; 0,3166667; 0,68333364; 0,77574193; 0,007693112; 0,8403295; 0,35999435; Interact
HIGH; SELF; MARRIED; 0,31666672; 0,31666672; 0,68333364; 0,6501607; 0,057391346; 0,38473088; 0,6362913; Interact
HIGH; SELF; MARRIED; 1,1175871E-08; 1,1175871E-08; 1; 0,03646618; 0,040477157; 0,50970334; 0,3293845; Idle
HIGH; SELF; MARRIED; 0,30000004; 0,30000004; 0,7000003; 0,48966223; 0,74456847; 0,6420957; 0,41592908; PatrolWalk
HIGH; SELF; MARRIED; 0; 0; 1; 0,56868625; 0,53859955; 0,47913998; 0,18142587; Idle
HIGH; SELF; MARRIED; 0,03333333; 0,03333333; 0,9666667; 0,40226787; 0,4384809; 0,7729784; 0,68869007; Idle
HIGH; SELF; MARRIED; 0; 0; 1; 0,55586535; 0,17113775; 0,8595114; 0,8893053; Idle
HIGH; SELF; MARRIED; 0,6000001; 0,6000001; 0,4000004; 0,48483038; 0,015103161; 0,21223366; 0,14065117; Aggressive
HIGH; SELF; MARRIED; 0,6000001; 0,6000001; 0,4000004; 0,17302173; 0,020181954; 0,007656157; 0,6822621; Investigation
HIGH; SELF; MARRIED; 0,58333343; 0,58333343; 0,41666707; 0,13415188; 0,25263256; 0,8023104; 0,73384404; Investigation
HIGH; SELF; MARRIED; 0,016666664; 0,016666664; 0,98333335; 0,433093; 0,7571127; 0,20886749; 0,08870983; Aggressive
HIGH; SELF; MARRIED; 0,016666679; 0,016666679; 0,98333335; 0,9232123; 0,63962126; 0,44342077; 0,21537173; Idle
HIGH; SELF; MARRIED; 0,30000004; 0,30000004; 0,7000003; 0,55606276; 0,24415511; 0,05080992; 0,65062964; Aggressive
HIGH; SELF; MARRIED; 1,1175871E-08; 1,1175871E-08; 1; 0,6631406; 0,45715857; 0,057611108; 0,83286345; Aggressive
HIGH; SELF; MARRIED; 0,30000004; 0,30000004; 0,7000003; 0,31150073; 0,8958877; 0,4225837; 0,39662373; Idle
HIGH; SELF; MARRIED; 0,33333337; 0,33333337; 0,666667; 0,26416087; 0,012563944; 0,8524823; 0,45410764; Idle
HIGH; SELF; MARRIED; 0,30000004; 0,30000004; 0,7000003; 0,8507382; 0,59240794; 0,45997417; 0,21883851; Idle
HIGH; SELF; MARRIED; 0,3; 0,3; 0,7000003; 0,8369272; 0,6559343; 0,32566345; 0,025864065; PatrolWalk
HIGH; SELF; MARRIED; 0,3; 0,3; 0,7000003; 0,13391471; 0,18604785; 0,37099904; 0,6818179; Idle
HIGH; SELF; MARRIED; 0,28333333; 0,28333333; 0,71666694; 0,6694879; 0,933912; 0,6860889; 0,36651736; PatrolWalk
HIGH; SELF; MARRIED; 0; 0; 1; 0,16528422; 0,8052811; 0,38247007; 0,29074377; Idle
HIGH; SELF; MARRIED; 0,31666672; 0,31666672; 0,68333364; 0,8318072; 0,97535807; 0,39149916; 0,5356473; Interact
HIGH; SELF; MARRIED; 1,1175871E-08; 1,1175871E-08; 1; 0,90584666; 0,29107612; 0,090013325; 0,82813674; Aggressive
HIGH; SELF; MARRIED; 0; 0; 1; 0,37148482; 0,9749058; 0,11885226; 0,50536674; Aggressive
HIGH; SELF; MARRIED; 0,6000001; 0,6000001; 0,4000004; 0,27235198; 0,42000073; 0,90176266; 0,57195985; PatrolWalk
HIGH; SELF; MARRIED; 0,6333334; 0,6333334; 0,36666703; 0,7374603; 0,9274294; 0,45877683; 0,76052666; Investigation
HIGH; SELF; MARRIED; 0,6000001; 0,6000001; 0,4000004; 0,47914815; 0,18703598; 0,53933924; 0,3453248; PatrolWalk
HIGH; SELF; MARRIED; 0; 0; 1; 0,9432881; 0,96513486; 0,600598; 0,12221742; Idle
HIGH; SELF; MARRIED; 0,6000001; 0,6000001; 0,4000004; 0,16955519; 0,052876413; 0,1125533; 0,9635427; Investigation
HIGH; SELF; MARRIED; 1; 1; 0; 0,65488607; 0,0698778; 0,57876724; 0,7700042; Investigation
HIGH; SELF; MARRIED; 0; 0; 1; 0,77598906; 0,48189503; 0,98748857; 0,27602935; Idle
HIGH; SELF; MARRIED; 0,30000004; 0,30000004; 0,7000003; 0,55630785; 0,7407339; 0,8704121; 0,6347934; PatrolWalk
HIGH; SELF; MARRIED; 0,016666679; 0,016666679; 0,98333335; 0,8924241; 0,879908; 0,1666503; 0,5910527; Aggressive
HIGH; SELF; MARRIED; 0; 0; 1; 0,987875; 0,8822853; 0,13346624; 0,28614247; Aggressive
HIGH; SELF; MARRIED; 0; 0; 1; 0,3037287; 0,47800887; 0,2931292; 0,20622945; Aggressive
HIGH; SELF; MARRIED; 0,3; 0,3; 0,7000003; 0,81683326; 0,66106564; 0,40618795; 0,24403715; PatrolWalk
HIGH; SELF; MARRIED; 0,33333337; 0,33333337; 0,666667; 0,13242698; 0,83577925; 0,7943388; 0,3099146; Idle
HIGH; SELF; MARRIED; 0,3; 0,3; 0,7000003; 0,5327306; 0,41621; 0,14838636; 0,016786456; Aggressive
HIGH; SELF; MARRIED; 0,30000004; 0,30000004; 0,7000003; 0,7894844; 0,76497614; 0,17354542; 0,064540625; Aggressive
HIGH; SELF; MARRIED; 0,3; 0,3; 0,7000003; 0,12204844; 0,09694296; 0,52849716; 0,4375391; Idle
HIGH; SELF; MARRIED; 0,31666672; 0,31666672; 0,68333364; 0,20591861; 0,29227442; 0,031650543; 0,74008113; Aggressive
HIGH; SELF; MARRIED; 0; 0; 1; 0,6193346; 0,64453983; 0,1978364; 0,6363369; Aggressive
HIGH; SELF; MARRIED; 0; 0; 1; 0,27630246; 0,23240507; 0,767311; 0,16615528; Idle
HIGH; SELF; MARRIED; 0; 0; 1; 0,7384724; 0,39842993; 0,6639284; 0,48364925; Idle
HIGH; SELF; MARRIED; 0; 0; 1; 0,47743553; 0,4007467; 0,9444878; 0,071945965; Idle
HIGH; SELF; MARRIED; 0; 0; 1; 0,6495468; 0,92998165; 0,8091087; 0,81450903; Idle
HIGH; SELF; MARRIED; 0,65000004; 0,65000004; 0,35000035; 0,16268826; 0,5474823; 0,17292929; 0,9030068; Investigation
HIGH; SELF; MARRIED; 0; 0; 1; 0,82776225; 0,39339828; 0,73820573; 0,8371252; Idle
HIGH; SELF; MARRIED; 0; 0; 1; 0,4718343; 0,48217916; 0,961728; 0,49101764; Idle
HIGH; SELF; MARRIED; 0,61666673; 0,61666673; 0,3833337; 0,52162886; 0,71845454; 0,96202934; 0,1659655; Interact
HIGH; SELF; MARRIED; 0,016666679; 0,016666679; 0,98333335; 0,343318; 0,05878973; 0,81986785; 0,8975218; Idle
HIGH; SELF; MARRIED; 0; 0; 1; 0,37260628; 0,5574461; 0,18173718; 0,49926513; Aggressive
HIGH; SELF; MARRIED; 0,30000004; 0,30000004; 0,7000003; 0,73243743; 0,33483517; 0,30327958; 0,85049385; PatrolWalk
HIGH; SELF; MARRIED; 0,30000004; 0,30000004; 0,7000003; 0,63070464; 0,20329791; 0,8336832; 0,41688555; PatrolWalk
HIGH; SELF; MARRIED; 0,30000004; 0,30000004; 0,7000003; 0,049395323; 0,93106884; 0,7104937; 0,26599944; PatrolWalk
HIGH; SELF; MARRIED; 0,30000004; 0,30000004; 0,7000003; 0,2380336; 0,3025452; 0,32109135; 0,3596791; Idle
HIGH; SELF; MARRIED; 0,35000005; 0,35000005; 0,65000033; 0,34541434; 0,6651609; 0,56851155; 0,1656971; PatrolWalk
HIGH; SELF; MARRIED; 0,30000004; 0,30000004; 0,7000003; 0,5540368; 0,9001435; 0,49702668; 0,051889002; PatrolWalk
HIGH; SELF; MARRIED; 0,30000004; 0,30000004; 0,7000003; 0,6287483; 0,91290367; 0,7638027; 0,3019778; PatrolWalk
HIGH; SELF; MARRIED; 0,3166667; 0,3166667; 0,68333364; 0,9388887; 0,064374804; 0,88998973; 0,9142296; Interact
HIGH; SELF; MARRIED; 0,31666672; 0,31666672; 0,68333364; 0,113544285; 0,85765016; 0,21019441; 0,2900347; Aggressive
HIGH; SELF; MARRIED; 0; 0; 1; 0,90423673; 0,26708657; 0,33771884; 0,78042084; Idle
HIGH; SELF; MARRIED; 1,1175871E-08; 1,1175871E-08; 1; 0,7860847; 0,78463304; 0,75872105; 0,85432565; Idle
HIGH; SELF; MARRIED; 1,1175871E-08; 1,1175871E-08; 1; 0,2758878; 0,8590051; 0,39552027; 0,24471623; Idle
HIGH; SELF; MARRIED; 1,1175871E-08; 1,1175871E-08; 1; 0,76386523; 0,14292252; 0,11914241; 0,97126776; Aggressive
HIGH; SELF; MARRIED; 0,6000001; 0,6000001; 0,4000004; 0,2681139; 0,6210324; 0,71166575; 0,2648577; Idle
HIGH; SELF; MARRIED; 0,049999997; 0,049999997; 0,95000005; 0,1081689; 0,13463694; 0,9417533; 0,6726886; Idle
HIGH; SELF; MARRIED; 1,1175871E-08; 1,1175871E-08; 1; 0,5307146; 0,4439509; 0,99883753; 0,56911993; Idle
HIGH; SELF; MARRIED; 1,1175871E-08; 1,1175871E-08; 1; 0,9014319; 0,037621617; 0,41324812; 0,22028708; Idle
HIGH; SELF; MARRIED; 0,016666664; 0,016666664; 0,98333335; 0,76812464; 0,5654018; 0,5319188; 0,1565566; Idle
HIGH; SELF; MARRIED; 0,016666679; 0,016666679; 0,98333335; 0,24468327; 0,5876768; 0,7547922; 0,9349361; Idle
HIGH; SELF; MARRIED; 0,30000004; 0,30000004; 0,7000003; 0,0040156245; 0,9250018; 0,112455666; 0,26562744; Aggressive
HIGH; SELF; MARRIED; 0,30000004; 0,30000004; 0,7000003; 0,10486716; 0,6388485; 0,5852609; 0,018794656; Idle
HIGH; SELF; MARRIED; 0,30000004; 0,30000004; 0,7000003; 0,67024374; 0,55289537; 0,020310521; 0,6496146; Aggressive
HIGH; SELF; MARRIED; 0; 0; 1; 0,1268385; 0,5844635; 0,53127587; 0,32498604; Idle
HIGH; SELF; MARRIED; 0,8999998; 0,8999998; 0,10000028; 0,56792253; 0,5622778; 0,56256944; 0,3001246; Interact
HIGH; SELF; MARRIED; 0,35000005; 0,35000005; 0,65000033; 0,6726201; 0,086505055; 0,20903611; 0,7977968; Interact
HIGH; SELF; MARRIED; 0,30000004; 0,30000004; 0,7000003; 0,9893301; 0,10041726; 0,96086144; 0,42399198; Idle
HIGH; SELF; MARRIED; 0,30000004; 0,30000004; 0,7000003; 0,63077027; 0,971133; 0,2614649; 0,4132341; Aggressive
HIGH; SELF; MARRIED; 0,3166667; 0,3166667; 0,68333364; 0,7586602; 0,4701491; 0,19737214; 0,85298544; Interact
HIGH; SELF; MARRIED; 0,31666672; 0,31666672; 0,68333364; 0,3557474; 0,34389806; 0,15592957; 0,66470265; Aggressive
HIGH; SELF; MARRIED; 1,1175871E-08; 1,1175871E-08; 1; 0,7355168; 0,6013902; 0,9682907; 0,22533852; Idle
HIGH; SELF; MARRIED; 0,6000001; 0,6000001; 0,4000004; 0,39439178; 0,013233006; 0,8891715; 0,76407486; Investigation
HIGH; SELF; MARRIED; 1,1175871E-08; 1,1175871E-08; 1; 0,27505136; 0,2214697; 0,90698946; 0,6666684; Idle
HIGH; SELF; MARRIED; 0,30000004; 0,30000004; 0,7000003; 0,76752377; 0,7765196; 0,1873771; 0,992462; Aggressive
HIGH; SELF; MARRIED; 0,6000001; 0,6000001; 0,4000004; 0,30899316; 0,41608357; 0,7249498; 0,39713347; PatrolWalk
HIGH; SELF; MARRIED; 0,049999997; 0,049999997; 0,95000005; 0,8038641; 0,078142524; 0,8771828; 0,54470176; Idle
HIGH; SELF; MARRIED; 0,6000001; 0,6000001; 0,4000004; 0,58733445; 0,39710587; 0,21890569; 0,600961; Investigation
HIGH; SELF; MARRIED; 1,1175871E-08; 1,1175871E-08; 1; 0,547811; 0,63491225; 0,44301903; 0,65775454; Idle
HIGH; SELF; MARRIED; 0,016666664; 0,016666664; 0,98333335; 0,027879417; 0,6686079; 0,84045726; 0,9232337; Idle
HIGH; SELF; MARRIED; 0,016666679; 0,016666679; 0,98333335; 0,419779; 0,31794327; 0,6588657; 0,49328005; Idle
HIGH; SELF; MARRIED; 0,30000004; 0,30000004; 0,7000003; 0,22717303; 0,3002758; 0,7152921; 0,8187113; PatrolWalk
HIGH; SELF; MARRIED; 0,3; 0,3; 0,7000003; 0,7000155; 0,2434628; 0,41872096; 0,33304393; Idle
HIGH; SELF; MARRIED; 0,30000004; 0,30000004; 0,7000003; 0,75149536; 0,693052; 0,68087083; 0,06416255; PatrolWalk
HIGH; SELF; MARRIED; 1,1175871E-08; 1,1175871E-08; 1; 0,07862276; 0,6234779; 0,3883468; 0,2775393; Idle
HIGH; SELF; MARRIED; 0,3; 0,3; 0,7000003; 0,21516877; 0,8796596; 0,87035644; 0,68737453; PatrolWalk
HIGH; SELF; MARRIED; 0,35000005; 0,35000005; 0,65000033; 0,18098009; 0,008726776; 0,14834207; 0,34929037; Aggressive
HIGH; SELF; MARRIED; 0,3; 0,3; 0,7000003; 0,8024589; 0,6902269; 0,1975556; 0,012240648; Aggressive
HIGH; SELF; MARRIED; 0,30000004; 0,30000004; 0,7000003; 0,48415864; 0,7736485; 0,28077412; 0,73408127; Aggressive
HIGH; SELF; MARRIED; 0,3166667; 0,3166667; 0,68333364; 0,3911649; 0,79504675; 0,60128975; 0,08023542; PatrolWalk
HIGH; SELF; MARRIED; 0,31666672; 0,31666672; 0,68333364; 0,1879744; 0,99390143; 0,8943673; 0,4344998; Idle
HIGH; SELF; MARRIED; 1,1175871E-08; 1,1175871E-08; 1; 0,9268252; 0,07447672; 0,5247802; 0,48630494; Idle
HIGH; SELF; MARRIED; 0,6000001; 0,6000001; 0,4000004; 0,12016958; 0,5669876; 0,68731505; 0,5984325; PatrolWalk
HIGH; SELF; MARRIED; 1,1175871E-08; 1,1175871E-08; 1; 0,046029866; 0,039332032; 0,6451052; 0,015152931; Idle
HIGH; SELF; MARRIED; 0,30000004; 0,30000004; 0,7000003; 0,28984463; 0,36067027; 0,9269579; 0,9230157; Idle
HIGH; SELF; MARRIED; 0; 0; 1; 0,9967813; 0,005961776; 0,42346627; 0,7925103; Idle
HIGH; SELF; MARRIED; 0,049999997; 0,049999997; 0,95000005; 0,4183609; 0,34335417; 0,52352893; 0,70959026; Idle
HIGH; SELF; MARRIED; 0; 0; 1; 0,6290607; 0,8587068; 0,6546458; 0,70802194; Idle
HIGH; SELF; MARRIED; 1,1175871E-08; 1,1175871E-08; 1; 0,47119892; 0,1584431; 0,16100985; 0,2936321; Aggressive
HIGH; SELF; MARRIED; 0,016666664; 0,016666664; 0,98333335; 0,11748612; 0,65117216; 0,70581573; 0,87457347; Idle
HIGH; SELF; MARRIED; 0,61666673; 0,61666673; 0,3833337; 0,7473197; 0,6786682; 0,31360227; 0,9034666; Investigation
HIGH; SELF; MARRIED; 0,30000004; 0,30000004; 0,7000003; 0,3086592; 0,56147707; 0,5639773; 0,7078826; PatrolWalk
HIGH; SELF; MARRIED; 0,3; 0,3; 0,7000003; 0,34119886; 0,32172775; 0,7917452; 0,40160108; PatrolWalk
HIGH; SELF; MARRIED; 0,30000004; 0,30000004; 0,7000003; 0,88533926; 0,37064904; 0,082644045; 0,93185556; Aggressive
HIGH; SELF; MARRIED; 0,6000001; 0,6000001; 0,4000004; 0,79260147; 0,70699465; 0,54084265; 0,00078976154; Interact
HIGH; SELF; MARRIED; 0,30000004; 0,30000004; 0,7000003; 0,36761624; 0,24823791; 0,44029677; 0,83014137; PatrolWalk
HIGH; SELF; MARRIED; 0,35000005; 0,35000005; 0,65000033; 0,82379043; 0,95441073; 0,45822418; 0,79086196; Interact
HIGH; SELF; MARRIED; 0,30000004; 0,30000004; 0,7000003; 0,60558945; 0,91009206; 0,5949197; 0,27217603; PatrolWalk
HIGH; SELF; MARRIED; 0; 0; 1; 0,2809357; 0,7806766; 0,9162317; 0,13994843; Idle
HIGH; SELF; MARRIED; 0,3166667; 0,3166667; 0,68333364; 0,5266242; 0,6570004; 0,86228234; 0,7635654; Interact
HIGH; SELF; MARRIED; 0,3166667; 0,3166667; 0,68333364; 0,048377335; 0,30816472; 0,6062458; 0,99519974; Idle
HIGH; SELF; MARRIED; 1,1175871E-08; 1,1175871E-08; 1; 0,9726304; 0,45333058; 0,96867317; 0,59845096; Idle
HIGH; SELF; MARRIED; 0; 0; 1; 0,57911223; 0,29941428; 0,4125576; 0,14135092; Idle
HIGH; SELF; MARRIED; 1,1175871E-08; 1,1175871E-08; 1; 0,91742855; 0,741524; 0,67803466; 0,14159715; Idle
HIGH; SELF; MARRIED; 0,3; 0,3; 0,7000003; 0,076547384; 0,1526975; 0,66141605; 0,59747714; Idle
HIGH; SELF; MARRIED; 1,1175871E-08; 1,1175871E-08; 1; 0,30945557; 0,78545487; 0,786443; 0,5581342; Idle
HIGH; SELF; MARRIED; 0,049999997; 0,049999997; 0,95000005; 0,16072464; 0,7811024; 0,5679106; 0,11816943; Idle
HIGH; SELF; MARRIED; 1,1175871E-08; 1,1175871E-08; 1; 0,7825446; 0,3518988; 0,27810985; 0,24954724; Aggressive
HIGH; SELF; MARRIED; 0,30000004; 0,30000004; 0,7000003; 0,4112336; 0,062330246; 0,8930667; 0,40240824; Idle
HIGH; SELF; MARRIED; 0,016666664; 0,016666664; 0,98333335; 0,66536885; 0,91434956; 0,35933632; 0,31565523; Idle
HIGH; SELF; MARRIED; 0; 0; 1; 0,5524245; 0,7433217; 0,9579063; 0,07804763; Idle
HIGH; SELF; MARRIED; 0,61666673; 0,61666673; 0,3833337; 0,9460298; 0,4935853; 0,9480118; 0,77618647; Investigation
HIGH; SELF; MARRIED; 0,30000004; 0,30000004; 0,7000003; 0,2324019; 0,7864441; 0,75113416; 0,28075498; PatrolWalk
HIGH; SELF; MARRIED; 0,30000004; 0,30000004; 0,7000003; 0,95013386; 0,99213135; 0,9894535; 0,3111027; PatrolWalk
HIGH; SELF; MARRIED; 0,30000004; 0,30000004; 0,7000003; 0,33691114; 0,7100591; 0,37775582; 0,20445436; PatrolWalk
HIGH; SELF; MARRIED; 0,6000001; 0,6000001; 0,4000004; 0,15845925; 0,57912445; 0,34387314; 0,8979859; Investigation
HIGH; SELF; MARRIED; 0,30000004; 0,30000004; 0,7000003; 0,6684325; 0,64689606; 0,97250617; 0,262317; PatrolWalk
HIGH; SELF; MARRIED; 0,35000005; 0,35000005; 0,65000033; 0,28280205; 0,71604955; 0,8012955; 0,09227997; PatrolWalk
HIGH; SELF; MARRIED; 0; 0; 1; 0,767962; 0,5856851; 0,24656194; 0,06719309; Aggressive
HIGH; SELF; MARRIED; 0,6000001; 0,6000001; 0,4000004; 0,73877805; 0,37335467; 0,85423136; 0,92053485; Investigation
HIGH; SELF; MARRIED; 0,3166667; 0,3166667; 0,68333364; 0,18615997; 0,28900898; 0,700092; 0,8415735; PatrolWalk
HIGH; SELF; MARRIED; 0,3; 0,3; 0,7000003; 0,37681836; 0,951948; 0,15419263; 0,46580452; Aggressive
HIGH; SELF; MARRIED; 0; 0; 1; 0,49954104; 0,61323315; 0,94296134; 0,45012426; Idle
HIGH; SELF; MARRIED; 0; 0; 1; 0,13631791; 0,76487684; 0,44882584; 0,5469593; Idle
HIGH; SELF; MARRIED; 0; 0; 1; 0,5555089; 0,06514901; 0,928279; 0,74101007; Idle
HIGH; SELF; MARRIED; 0,28333333; 0,28333333; 0,71666694; 0,6021263; 0,26891732; 0,1601091; 0,59005195; Aggressive
HIGH; SELF; MARRIED; 0; 0; 1; 0,046427965; 0,62953675; 0,7784151; 0,85678566; Idle
HIGH; SELF; MARRIED; 0,03333333; 0,03333333; 0,9666667; 0,11306918; 0,56926733; 0,65169835; 0,3054577; Idle
HIGH; SELF; MARRIED; 0; 0; 1; 0,121522725; 0,91147226; 0,98648286; 0,9583662; Idle
HIGH; SELF; MARRIED; 0,28333333; 0,28333333; 0,71666694; 0,5066941; 0,028830707; 0,7210528; 0,67485446; PatrolWalk
HIGH; SELF; MARRIED; 0; 0; 1; 0,8225438; 0,6783516; 0,37001818; 0,7035095; Idle
HIGH; SELF; MARRIED; 0; 0; 1; 0,26934642; 0,6236945; 0,7704627; 0,62392443; Idle
HIGH; SELF; MARRIED; 0,30000004; 0,30000004; 0,7000003; 0,3139056; 0,50057024; 0,9586795; 0,46291435; Idle
HIGH; SELF; MARRIED; 0,30000004; 0,30000004; 0,7000003; 0,5383584; 0,0098692775; 0,11116415; 0,822454; Aggressive
HIGH; SELF; MARRIED; 0,30000004; 0,30000004; 0,7000003; 0,7781071; 0,82935375; 0,42276746; 0,16607165; PatrolWalk
HIGH; SELF; MARRIED; 0; 0; 1; 0,62823045; 0,07376742; 0,24222875; 0,30919617; Aggressive
HIGH; SELF; MARRIED; 0,30000004; 0,30000004; 0,7000003; 0,39267904; 0,9736133; 0,10745698; 0,735861; Aggressive
HIGH; SELF; MARRIED; 0,33333337; 0,33333337; 0,666667; 0,96104515; 0,5605644; 0,82336694; 0,346254; Interact
HIGH; SELF; MARRIED; 0,30000004; 0,30000004; 0,7000003; 0,41970974; 0,23883826; 0,6492834; 0,30930638; PatrolWalk
HIGH; SELF; MARRIED; 0; 0; 1; 0,7188028; 0,86137134; 0,9274725; 0,8091566; Idle
HIGH; SELF; MARRIED; 0,30000004; 0,30000004; 0,7000003; 0,699512; 0,3048647; 0,1959849; 0,579975; Aggressive
HIGH; SELF; MARRIED; 0,30000004; 0,30000004; 0,7000003; 0,49203992; 0,35538852; 0,73096186; 0,23941302; Idle
HIGH; SELF; MARRIED; 0,6000001; 0,6000001; 0,4000004; 0,19466507; 0,7169093; 0,68138087; 0,7289851; Investigation
HIGH; SELF; MARRIED; 1,1175871E-08; 1,1175871E-08; 1; 0,28855807; 0,5267088; 0,34892488; 0,020005524; Idle
HIGH; SELF; MARRIED; 1,1175871E-08; 1,1175871E-08; 1; 0,5291231; 0,09051716; 0,27438766; 0,57724327; Aggressive
HIGH; SELF; MARRIED; 0; 0; 1; 0,28040004; 0,68133664; 0,46767265; 0,36443198; Idle
HIGH; SELF; MARRIED; 1,1175871E-08; 1,1175871E-08; 1; 0,8981655; 0,56577355; 0,57182187; 0,8159983; Idle
HIGH; SELF; MARRIED; 0,03333333; 0,03333333; 0,9666667; 0,4163928; 0,6392412; 0,9834156; 0,827452; Idle
HIGH; SELF; MARRIED; 1,1175871E-08; 1,1175871E-08; 1; 0,5442378; 0,93376684; 0,6881844; 0,8532441; Idle
HIGH; SELF; MARRIED; 0,30000004; 0,30000004; 0,7000003; 0,15423071; 0,2577079; 0,92912966; 0,13999891; Idle
HIGH; SELF; MARRIED; 1,1175871E-08; 1,1175871E-08; 1; 0,8221301; 0,69706416; 0,90159935; 0,9969679; Idle
HIGH; SELF; MARRIED; 0,6000001; 0,6000001; 0,4000004; 0,82750165; 0,02284491; 0,046155393; 0,7870259; Investigation
HIGH; SELF; MARRIED; 0,3; 0,3; 0,7000003; 0,89408827; 0,63516843; 0,020038843; 0,9196406; Aggressive
HIGH; SELF; MARRIED; 0,30000004; 0,30000004; 0,7000003; 0,83216876; 0,85825086; 0,18685758; 0,47933203; Aggressive
HIGH; SELF; MARRIED; 0; 0; 1; 0,9259926; 0,05566162; 0,20281875; 0,2589174; Aggressive
HIGH; SELF; MARRIED; 0,30000004; 0,30000004; 0,7000003; 0,62784636; 0,16302478; 0,99132526; 0,8267529; Idle
HIGH; SELF; MARRIED; 0,30000004; 0,30000004; 0,7000003; 0,9445708; 0,44803166; 0,6256325; 0,715251; PatrolWalk
HIGH; SELF; MARRIED; 0,33333337; 0,33333337; 0,666667; 0,12950516; 0,4052217; 0,28491527; 0,97717327; Aggressive
HIGH; SELF; MARRIED; 0,30000004; 0,30000004; 0,7000003; 0,6339104; 0,1520006; 0,83682185; 0,8748504; Idle
HIGH; SELF; MARRIED; 0,6000001; 0,6000001; 0,4000004; 0,42854124; 0,022155583; 0,18471384; 0,1568467; Aggressive
HIGH; SELF; MARRIED; 0,30000004; 0,30000004; 0,7000003; 0,0060127974; 0,03742075; 0,80280906; 0,116891444; PatrolWalk
HIGH; SELF; MARRIED; 0,3; 0,3; 0,7000003; 0,16810125; 0,91168433; 0,995984; 0,3705241; Idle
HIGH; SELF; MARRIED; 0; 0; 1; 0,550678; 0,55999696; 0,76364577; 0,24356145; Idle
HIGH; SELF; MARRIED; 1,1175871E-08; 1,1175871E-08; 1; 0,3507731; 0,7227667; 0,9530387; 0,9625489; Idle
HIGH; SELF; MARRIED; 0; 0; 1; 0,037429035; 0,9268424; 0,15117484; 0,34112442; Aggressive
HIGH; SELF; MARRIED; 0,6000001; 0,6000001; 0,4000004; 0,8041276; 0,40982395; 0,07904762; 0,4058079; Interact
HIGH; SELF; MARRIED; 1,1175871E-08; 1,1175871E-08; 1; 0,5801347; 0,36805242; 0,6008007; 0,9056809; Idle
HIGH; SELF; MARRIED; 0,03333333; 0,03333333; 0,9666667; 0,101918936; 0,4775222; 0,97967744; 0,86259574; Idle
HIGH; SELF; MARRIED; 0,6000001; 0,6000001; 0,4000004; 0,22011375; 0,20574576; 0,6540543; 0,29258347; PatrolWalk
HIGH; SELF; MARRIED; 0,3; 0,3; 0,7000003; 0,5996886; 0,19963753; 0,54751825; 0,2870466; PatrolWalk
HIGH; SELF; MARRIED; 1,1175871E-08; 1,1175871E-08; 1; 0,40639538; 0,09843618; 0,41493112; 0,5788612; Idle
HIGH; SELF; MARRIED; 0,6000001; 0,6000001; 0,4000004; 0,011875093; 0,052188694; 0,3910414; 0,45664197; Idle
HIGH; SELF; MARRIED; 0,30000004; 0,30000004; 0,7000003; 0,5522506; 0,29345697; 0,49900866; 0,56055784; PatrolWalk
HIGH; SELF; MARRIED; 0,30000004; 0,30000004; 0,7000003; 0,5388751; 0,30960602; 0,71239865; 0,9393509; PatrolWalk
HIGH; SELF; MARRIED; 0; 0; 1; 0,7570644; 0,67974603; 0,93878764; 0,018672109; Idle
HIGH; SELF; MARRIED; 0,3; 0,3; 0,7000003; 0,26115447; 0,69812316; 0,18868977; 0,96815926; Aggressive
HIGH; SELF; MARRIED; 0,30000004; 0,30000004; 0,7000003; 0,8239775; 0,1807319; 0,96752626; 0,490601; PatrolWalk
HIGH; SELF; MARRIED; 0,33333337; 0,33333337; 0,666667; 0,2489785; 0,91544294; 0,8397501; 0,6466575; PatrolWalk
HIGH; SELF; MARRIED; 0,3; 0,3; 0,7000003; 0,9405989; 0,4709711; 0,06851411; 0,8163826; Aggressive
HIGH; SELF; MARRIED; 0; 0; 1; 0,6613338; 0,46139342; 0,81390536; 0,6896207; Idle
HIGH; SELF; MARRIED; 0,30000004; 0,30000004; 0,7000003; 0,011764646; 0,4562677; 0,12166703; 0,63931465; Aggressive
HIGH; SELF; MARRIED; 0,8999998; 0,8999998; 0,10000028; 0,7279883; 0,48092657; 0,8188264; 0,94540495; Investigation
HIGH; SELF; MARRIED; 1,1175871E-08; 1,1175871E-08; 1; 0,5587694; 0,80355483; 0,88855195; 0,011081994; Idle
HIGH; SELF; MARRIED; 1,1175871E-08; 1,1175871E-08; 1; 0,9420628; 0,21167463; 0,012375116; 0,42338812; Aggressive
HIGH; SELF; MARRIED; 0,30000004; 0,30000004; 0,7000003; 0,1318773; 0,0718407; 0,37186712; 0,6212868; PatrolWalk
HIGH; SELF; MARRIED; 0; 0; 1; 0,6036895; 0,24120742; 0,5554865; 0,28450322; Idle
HIGH; SELF; MARRIED; 1,1175871E-08; 1,1175871E-08; 1; 0,6592903; 0,66600406; 0,5638994; 0,8951105; Idle
HIGH; SELF; MARRIED; 0,03333333; 0,03333333; 0,9666667; 0,30969512; 0,3272308; 0,3967378; 0,7781683; Idle
HIGH; SELF; MARRIED; 0; 0; 1; 0,43368328; 0,042372525; 0,39549595; 0,84707505; Idle
HIGH; SELF; MARRIED; 0,30000004; 0,30000004; 0,7000003; 0,08651608; 0,8271322; 0,7204964; 0,74733126; PatrolWalk
HIGH; SELF; MARRIED; 1,1175871E-08; 1,1175871E-08; 1; 0,48313415; 0,9633031; 0,547431; 0,12340695; Idle
HIGH; SELF; MARRIED; 0,6000001; 0,6000001; 0,4000004; 0,98314613; 0,8255479; 0,82589704; 0,4772359; Interact
HIGH; SELF; MARRIED; 0,30000004; 0,30000004; 0,7000003; 0,9407269; 0,6286161; 0,51810193; 0,6949708; PatrolWalk
HIGH; SELF; MARRIED; 0; 0; 1; 0,08519471; 0,73271173; 0,77415836; 0,19624221; Idle
HIGH; SELF; MARRIED; 1,1175871E-08; 1,1175871E-08; 1; 0,7724984; 0,5897228; 0,23171347; 0,13070995; Aggressive
HIGH; SELF; MARRIED; 0,30000004; 0,30000004; 0,7000003; 0,97210604; 0,80182266; 0,37086177; 0,5688115; PatrolWalk
HIGH; SELF; MARRIED; 0,30000004; 0,30000004; 0,7000003; 0,2730958; 0,54051244; 0,19507378; 0,040906906; Aggressive
HIGH; SELF; MARRIED; 0,33333337; 0,33333337; 0,666667; 0,8038785; 0,73655576; 0,5258523; 0,8399468; Interact
HIGH; SELF; MARRIED; 0,30000004; 0,30000004; 0,7000003; 0,3444755; 0,99896556; 0,57724154; 0,870652; Idle
HIGH; SELF; MARRIED; 1,1175871E-08; 1,1175871E-08; 1; 0,7228574; 0,70597285; 0,070664525; 0,30446202; Aggressive
HIGH; SELF; MARRIED; 0,30000004; 0,30000004; 0,7000003; 0,9162385; 0,6472795; 0,09724033; 0,7923217; Aggressive
HIGH; SELF; MARRIED; 0,3; 0,3; 0,7000003; 0,3943048; 0,4759825; 0,37511462; 0,66103584; PatrolWalk
HIGH; SELF; MARRIED; 1,1175871E-08; 1,1175871E-08; 1; 0,81291616; 0,44768876; 0,5346517; 0,007231593; Idle
HIGH; SELF; MARRIED; 0,30000004; 0,30000004; 0,7000003; 0,58072084; 0,89875835; 0,3565294; 0,6951522; Idle
HIGH; SELF; MARRIED; 0; 0; 1; 0,5303742; 0,5101836; 0,8887692; 0,36614603; Idle
HIGH; SELF; MARRIED; 1,1175871E-08; 1,1175871E-08; 1; 0,20974803; 0,88587016; 0,71742517; 0,037540734; Idle
HIGH; SELF; MARRIED; 1,1175871E-08; 1,1175871E-08; 1; 0,5238127; 0,5605224; 0,5672872; 0,24897003; Idle
HIGH; SELF; MARRIED; 0,03333333; 0,03333333; 0,9666667; 0,032985985; 0,9606259; 0,77294886; 0,79589784; Idle
HIGH; SELF; MARRIED; 0,6000001; 0,6000001; 0,4000004; 0,3669606; 0,12313193; 0,46541852; 0,5426842; PatrolWalk
HIGH; SELF; MARRIED; 0; 0; 1; 0,12429494; 0,068792045; 0,43101263; 0,79809415; Idle
HIGH; SELF; MARRIED; 1,1175871E-08; 1,1175871E-08; 1; 0,17758948; 0,22089899; 0,04704249; 0,993898; Aggressive
HIGH; SELF; MARRIED; 1; 1; 0; 0,016117454; 0,45008737; 0,5638085; 0,78206587; Investigation
HIGH; SELF; MARRIED; 0; 0; 1; 0,15821576; 0,9607323; 0,6851894; 0,4679582; Idle
HIGH; SELF; MARRIED; 0,30000004; 0,30000004; 0,7000003; 0,3210076; 0,26479822; 0,2112878; 0,19856387; Aggressive
HIGH; SELF; MARRIED; 0,6000001; 0,6000001; 0,4000004; 0,71867096; 0,108159244; 0,78654116; 0,4543606; Interact
HIGH; SELF; MARRIED; 0,30000004; 0,30000004; 0,7000003; 0,6169444; 0,6483308; 0,659752; 0,55365866; PatrolWalk
HIGH; SELF; MARRIED; 0,30000004; 0,30000004; 0,7000003; 0,29996872; 0,34840208; 0,6229025; 0,6522214; PatrolWalk
HIGH; SELF; MARRIED; 0,30000004; 0,30000004; 0,7000003; 0,81143016; 0,3180139; 0,97129995; 0,9320843; PatrolWalk
HIGH; SELF; MARRIED; 0,33333337; 0,33333337; 0,666667; 0,47460568; 0,62709963; 0,3915608; 0,8028816; Idle
HIGH; SELF; MARRIED; 0,3; 0,3; 0,7000003; 0,22991586; 0,82739; 0,3226846; 0,7504248; Idle
HIGH; SELF; MARRIED; 0,30000004; 0,30000004; 0,7000003; 0,46067917; 0,88713664; 0,9478034; 0,6738586; PatrolWalk
HIGH; SELF; MARRIED; 0; 0; 1; 0,7336909; 0,2556001; 0,10223085; 0,16007584; Aggressive
HIGH; SELF; MARRIED; 0,31666672; 0,31666672; 0,68333364; 0,51753163; 0,72128063; 0,48594058; 0,27796012; Interact
HIGH; SELF; MARRIED; 0; 0; 1; 0,7691444; 0,36522055; 0,9310932; 0,008812845; Idle
HIGH; SELF; MARRIED; 0,28333333; 0,28333333; 0,71666694; 0,7651283; 0,041776955; 0,34911817; 0,67893535; Idle
HIGH; SELF; MARRIED; 0; 0; 1; 0,29851365; 0,894573; 0,32103586; 0,03974384; Idle
HIGH; SELF; MARRIED; 0; 0; 1; 0,3337528; 0,9035804; 0,6763102; 0,5851264; Idle
HIGH; SELF; MARRIED; 0; 0; 1; 0,20976931; 0,7464006; 0,2565174; 0,1615287; Aggressive
HIGH; SELF; MARRIED; 0,65000004; 0,65000004; 0,35000035; 0,5501966; 0,19718212; 0,8247578; 0,39493006; Interact
HIGH; SELF; MARRIED; 0,61666673; 0,61666673; 0,3833337; 0,7204948; 0,49469656; 0,36755002; 0,48656213; Interact
HIGH; SELF; MARRIED; 0; 0; 1; 0,9278721; 0,8300083; 0,46756595; 0,10183662; Idle
HIGH; SELF; MARRIED; 0; 0; 1; 0,74500793; 0,15316904; 0,5705156; 0,31995958; Idle
HIGH; SELF; MARRIED; 0,016666679; 0,016666679; 0,98333335; 0,6599066; 0,3308094; 0,9314671; 0,22047561; Idle
HIGH; SELF; MARRIED; 0,30000004; 0,30000004; 0,7000003; 0,013610244; 0,91479605; 0,9149067; 0,9502984; Idle
HIGH; SELF; MARRIED; 0,58333343; 0,58333343; 0,41666707; 0,97743934; 0,5921467; 0,7626651; 0,75534755; Investigation
HIGH; SELF; MARRIED; 0,30000004; 0,30000004; 0,7000003; 0,6810857; 0,59241974; 0,7876616; 0,93782926; PatrolWalk
HIGH; SELF; MARRIED; 0,30000004; 0,30000004; 0,7000003; 0,15919596; 0,21081322; 0,6590203; 0,30881494; Idle
HIGH; SELF; MARRIED; 0; 0; 1; 0,25034142; 0,8342382; 0,47085893; 0,39416724; Idle
HIGH; SELF; MARRIED; 0,35000005; 0,35000005; 0,65000033; 0,33237934; 0,49428296; 0,5115499; 0,6660479; Idle
HIGH; SELF; MARRIED; 0,3166667; 0,3166667; 0,68333364; 0,8831834; 0,4997552; 0,019322932; 0,16674209; Interact
HIGH; SELF; MARRIED; 0,30000004; 0,30000004; 0,7000003; 0,7885037; 0,5677374; 0,56248885; 0,44988012; PatrolWalk
HIGH; SELF; MARRIED; 0,30000004; 0,30000004; 0,7000003; 0,75795764; 0,22564; 0,47193944; 0,96951807; PatrolWalk
HIGH; SELF; MARRIED; 0,31666672; 0,31666672; 0,68333364; 0,67721224; 0,6789302; 0,51371944; 0,5586565; Interact
HIGH; SELF; MARRIED; 0,6000001; 0,6000001; 0,4000004; 0,6254083; 0,60227364; 0,09672016; 0,60862577; Investigation
HIGH; SELF; MARRIED; 0,28333333; 0,28333333; 0,71666694; 0,6086436; 0,1831212; 0,29306334; 0,4055143; Aggressive
HIGH; SELF; MARRIED; 1,1175871E-08; 1,1175871E-08; 1; 0,70179665; 0,09550077; 0,338459; 0,6359583; Idle
HIGH; SELF; MARRIED; 0,6000001; 0,6000001; 0,4000004; 0,016158521; 0,8475045; 0,96089876; 0,41170233; Idle
HIGH; SELF; MARRIED; 0,30000004; 0,30000004; 0,7000003; 0,047224343; 0,8629055; 0,93152094; 0,5376101; Idle
HIGH; SELF; MARRIED; 0,65000004; 0,65000004; 0,35000035; 0,17340362; 0,33547294; 0,26497525; 0,35107338; Aggressive
HIGH; SELF; MARRIED; 0,016666664; 0,016666664; 0,98333335; 0,37794632; 0,0060839653; 0,2560503; 0,6805618; Aggressive
HIGH; SELF; MARRIED; 1,1175871E-08; 1,1175871E-08; 1; 0,22872001; 0,9411087; 0,10963631; 0,0040186644; Aggressive
HIGH; SELF; MARRIED; 1,1175871E-08; 1,1175871E-08; 1; 0,13590813; 0,204804; 0,1327858; 0,0028414726; Aggressive
HIGH; SELF; MARRIED; 0,016666679; 0,016666679; 0,98333335; 0,3764091; 0,8241232; 0,078238726; 0,027620614; Aggressive
HIGH; SELF; MARRIED; 0,3; 0,3; 0,7000003; 0,16631895; 0,08995092; 0,6361797; 0,7477461; PatrolWalk
HIGH; SELF; MARRIED; 0; 0; 1; 0,65963453; 0,71692556; 0,57311684; 0,9617153; Idle
HIGH; SELF; MARRIED; 0,30000004; 0,30000004; 0,7000003; 0,84451973; 0,20685089; 0,625717; 0,16683239; PatrolWalk
HIGH; SELF; MARRIED; 0,8999998; 0,8999998; 0,10000028; 0,20155811; 0,85485107; 0,8049899; 0,58981633; PatrolWalk
HIGH; SELF; MARRIED; 0,6000001; 0,6000001; 0,4000004; 0,23957974; 0,48388934; 0,8033137; 0,20706505; PatrolWalk
HIGH; SELF; MARRIED; 0,35000005; 0,35000005; 0,65000033; 0,71503353; 0,38325286; 0,2509771; 0,5495355; Interact
HIGH; SELF; MARRIED; 0; 0; 1; 0,7861157; 0,44381058; 0,12554592; 0,5595573; Aggressive
HIGH; SELF; MARRIED; 0; 0; 1; 0,42463148; 0,26864254; 0,84394765; 0,68832344; Idle
HIGH; SELF; MARRIED; 0; 0; 1; 0,48844105; 0,99404407; 0,5970918; 0,55203736; Idle
HIGH; SELF; MARRIED; 0; 0; 1; 0,6484168; 0,27366388; 0,4484496; 0,45072007; Idle
HIGH; SELF; MARRIED; 0; 0; 1; 0,0032594204; 0,21873194; 0,46373683; 0,430372; Idle
HIGH; SELF; MARRIED; 0,30000004; 0,30000004; 0,7000003; 0,2621563; 0,5445501; 0,24251491; 0,3678466; Aggressive
HIGH; SELF; MARRIED; 1,1175871E-08; 1,1175871E-08; 1; 0,9494691; 0,5226154; 0,9918061; 0,70212823; Idle
HIGH; SELF; MARRIED; 0,6000001; 0,6000001; 0,4000004; 0,50396127; 0,5530147; 0,82456535; 0,3352505; Interact
HIGH; SELF; MARRIED; 0,3; 0,3; 0,7000003; 0,4060737; 0,96672845; 0,7578111; 0,13871568; PatrolWalk
HIGH; SELF; MARRIED; 0,049999997; 0,049999997; 0,95000005; 0,17406762; 0,09885496; 0,9025998; 0,99411076; Idle
HIGH; SELF; MARRIED; 0; 0; 1; 0,6522154; 0,9071787; 0,5719617; 0,22006762; Idle
HIGH; SELF; MARRIED; 0,30000004; 0,30000004; 0,7000003; 0,07699305; 0,95146465; 0,33948714; 0,5240637; Idle
HIGH; SELF; MARRIED; 0,30000004; 0,30000004; 0,7000003; 0,047876; 0,25287068; 0,3347001; 0,8945887; PatrolWalk
HIGH; SELF; MARRIED; 0,30000004; 0,30000004; 0,7000003; 0,5576118; 0,01884991; 0,059292436; 0,021809995; Aggressive
HIGH; SELF; MARRIED; 0,30000004; 0,30000004; 0,7000003; 0,70370454; 0,0067700148; 0,053681433; 0,80745834; Aggressive
HIGH; SELF; MARRIED; 1,1175871E-08; 1,1175871E-08; 1; 0,90856975; 0,43231022; 0,9961283; 0,25806832; Idle
HIGH; SELF; MARRIED; 0,30000004; 0,30000004; 0,7000003; 0,5045223; 0,20225257; 0,28548992; 0,41239262; Aggressive
HIGH; SELF; MARRIED; 0,3; 0,3; 0,7000003; 0,83331203; 0,1433174; 0,7720082; 0,24842489; Idle
HIGH; SELF; MARRIED; 0; 0; 1; 0,9812718; 0,81429416; 0,40937018; 0,24555439; Idle
HIGH; SELF; MARRIED; 0,35000005; 0,35000005; 0,65000033; 0,07439351; 0,9466126; 0,8804488; 0,061701894; PatrolWalk
HIGH; SELF; MARRIED; 0,30000004; 0,30000004; 0,7000003; 0,502298; 0,51288176; 0,5669714; 0,74244535; Idle
HIGH; SELF; MARRIED; 0,6000001; 0,6000001; 0,4000004; 0,3323027; 0,64608413; 0,11709744; 0,1930657; Aggressive
HIGH; SELF; MARRIED; 1,1175871E-08; 1,1175871E-08; 1; 0,082426846; 0,07628685; 0,5060709; 0,68752265; Idle
HIGH; SELF; MARRIED; 1,1175871E-08; 1,1175871E-08; 1; 0,038111985; 0,83734; 0,4153198; 0,7934479; Idle
HIGH; SELF; MARRIED; 1,1175871E-08; 1,1175871E-08; 1; 0,06835383; 0,19070739; 0,9892103; 0,81032777; Idle
HIGH; SELF; MARRIED; 0,30000004; 0,30000004; 0,7000003; 0,7224326; 0,90571105; 0,6394346; 0,009995043; PatrolWalk
HIGH; SELF; MARRIED; 1,1175871E-08; 1,1175871E-08; 1; 0,7432424; 0,57901675; 0,0571782; 0,21370035; Aggressive
HIGH; SELF; MARRIED; 0,6000001; 0,6000001; 0,4000004; 0,17445195; 0,7990916; 0,432159; 0,10432929; PatrolWalk
HIGH; SELF; MARRIED; 0,30000004; 0,30000004; 0,7000003; 0,37538648; 0,88484937; 0,45257956; 0,441437; Idle
HIGH; SELF; MARRIED; 0,049999997; 0,049999997; 0,95000005; 0,9061456; 0,0035803914; 0,33162135; 0,71350545; Idle
HIGH; SELF; MARRIED; 0,6000001; 0,6000001; 0,4000004; 0,8482129; 0,57186884; 0,35204583; 0,7855693; Investigation
HIGH; SELF; MARRIED; 0,3; 0,3; 0,7000003; 0,89494085; 0,9073785; 0,77251256; 0,92287487; Idle
HIGH; SELF; MARRIED; 0,30000004; 0,30000004; 0,7000003; 0,6200214; 0,9129719; 0,43837547; 0,017989099; Idle
HIGH; SELF; MARRIED; 0,30000004; 0,30000004; 0,7000003; 0,54528683; 0,29921705; 0,9272115; 0,70938534; Idle
HIGH; SELF; MARRIED; 0,30000004; 0,30000004; 0,7000003; 0,96690917; 0,90971327; 0,5693525; 0,55458343; PatrolWalk
HIGH; SELF; MARRIED; 1,1175871E-08; 1,1175871E-08; 1; 0,7415123; 0,90898544; 0,40886456; 0,15036917; Idle
HIGH; SELF; MARRIED; 0; 0; 1; 0,74981594; 0,19402134; 0,49782073; 0,45125586; Idle
HIGH; SELF; MARRIED; 0,3; 0,3; 0,7000003; 0,80653465; 0,7027395; 0,74482584; 0,85371333; Idle
HIGH; SELF; MARRIED; 0,6000001; 0,6000001; 0,4000004; 0,5609881; 0,8631442; 0,66153413; 0,8309657; Investigation
HIGH; SELF; MARRIED; 0,35000005; 0,35000005; 0,65000033; 0,32611609; 0,13535643; 0,19517785; 0,6786367; Aggressive
HIGH; SELF; MARRIED; 0,3; 0,3; 0,7000003; 0,20864546; 0,1899516; 0,00990355; 0,80371886; Aggressive
HIGH; SELF; MARRIED; 0,6000001; 0,6000001; 0,4000004; 0,5443174; 0,39707965; 0,039579332; 0,7064635; Investigation
HIGH; SELF; MARRIED; 0,6000001; 0,6000001; 0,4000004; 0,25410032; 0,87931323; 0,72967905; 0,075104654; PatrolWalk
HIGH; SELF; MARRIED; 0,6000001; 0,6000001; 0,4000004; 0,45879906; 0,29589087; 0,2632118; 0,61049134; Investigation
HIGH; SELF; MARRIED; 1,1175871E-08; 1,1175871E-08; 1; 0,91165686; 0,8365439; 0,8863108; 0,4156844; Idle
HIGH; SELF; MARRIED; 0,30000004; 0,30000004; 0,7000003; 0,18677014; 0,9004371; 0,27762187; 0,70209926; Aggressive
HIGH; SELF; MARRIED; 0,30000004; 0,30000004; 0,7000003; 0,6131742; 0,17928398; 0,3231303; 0,7924861; PatrolWalk
HIGH; SELF; MARRIED; 0,6000001; 0,6000001; 0,4000004; 0,6465421; 0,44641316; 0,29736912; 0,9949177; Investigation
HIGH; SELF; MARRIED; 0,3; 0,3; 0,7000003; 0,74744356; 0,41004086; 0,8929255; 0,9909567; Idle
HIGH; SELF; MARRIED; 0,049999997; 0,049999997; 0,95000005; 0,06181109; 0,82835346; 0,756318; 0,26093465; Idle
HIGH; SELF; MARRIED; 0; 0; 1; 0,63904035; 0,06785703; 0,7186781; 0,004032135; Idle
HIGH; SELF; MARRIED; 0,3; 0,3; 0,7000003; 0,80227023; 0,57215786; 0,6182874; 0,3634268; Idle
HIGH; SELF; MARRIED; 0,3; 0,3; 0,7000003; 0,48495513; 0,6584195; 0,458404; 0,2434836; PatrolWalk
HIGH; SELF; MARRIED; 0; 0; 1; 0,8025837; 0,9938207; 0,54312927; 0,14956582; Idle
HIGH; SELF; MARRIED; 0,3; 0,3; 0,7000003; 0,8069919; 0,19889575; 0,20803595; 0,5478765; Aggressive
HIGH; SELF; MARRIED; 0,30000004; 0,30000004; 0,7000003; 0,4172194; 0,122336924; 0,76013815; 0,39527667; PatrolWalk
HIGH; SELF; MARRIED; 1,1175871E-08; 1,1175871E-08; 1; 0,9110867; 0,96168953; 0,29160076; 0,29952985; Aggressive
HIGH; SELF; MARRIED; 1,1175871E-08; 1,1175871E-08; 1; 0,42849153; 0,42701858; 0,41106272; 0,17740005; Idle
HIGH; SELF; MARRIED; 0,3; 0,3; 0,7000003; 0,40255165; 0,31190735; 0,10368878; 0,3392418; Aggressive
HIGH; SELF; MARRIED; 0,6000001; 0,6000001; 0,4000004; 0,2741577; 0,17877352; 0,8468785; 0,019831121; Idle
HIGH; SELF; MARRIED; 0,35000005; 0,35000005; 0,65000033; 0,2170856; 0,03427446; 0,97304744; 0,7474509; PatrolWalk
HIGH; SELF; MARRIED; 0,30000004; 0,30000004; 0,7000003; 0,2193656; 0,4223234; 0,9871544; 0,8666572; Idle
HIGH; SELF; MARRIED; 0,6000001; 0,6000001; 0,4000004; 0,32061052; 0,3882928; 0,13355124; 0,19491905; Aggressive
HIGH; SELF; MARRIED; 0; 0; 1; 0,26536846; 0,18048286; 0,09903228; 0,45600128; Aggressive
HIGH; SELF; MARRIED; 0; 0; 1; 0,6797303; 0,4919507; 0,11739308; 0,63700813; Aggressive
HIGH; SELF; MARRIED; 0; 0; 1; 0,8809443; 0,79367775; 0,035096347; 0,8130879; Aggressive
HIGH; SELF; MARRIED; 0; 0; 1; 0,25843656; 0,20305437; 0,28070134; 0,928182; Aggressive
HIGH; SELF; MARRIED; 0,31666672; 0,31666672; 0,68333364; 0,14028233; 0,6926067; 0,23802376; 0,19840747; Aggressive
HIGH; SELF; MARRIED; 0; 0; 1; 0,15743542; 0,35017103; 0,6461388; 0,45653117; Idle
HIGH; SELF; MARRIED; 0,91666645; 0,91666645; 0,08333361; 0,38473696; 0,30005145; 0,7421287; 0,33041757; PatrolWalk
HIGH; SELF; MARRIED; 0,03333333; 0,03333333; 0,9666667; 0,08018297; 0,42916548; 0,9430623; 0,8958477; Idle
HIGH; SELF; MARRIED; 0,61666673; 0,61666673; 0,3833337; 0,6438851; 0,13227957; 0,75166506; 0,07056838; Interact
HIGH; SELF; MARRIED; 0,28333333; 0,28333333; 0,71666694; 0,3715183; 0,05098933; 0,990708; 0,20497906; PatrolWalk
HIGH; SELF; MARRIED; 0; 0; 1; 0,7275018; 0,37461662; 0,769746; 0,06958324; Idle
HIGH; SELF; MARRIED; 0; 0; 1; 0,7573008; 0,47072297; 0,66850024; 0,6812999; Idle
HIGH; SELF; MARRIED; 0; 0; 1; 0,22173911; 0,6901582; 0,07616556; 0,86877817; Aggressive
HIGH; SELF; MARRIED; 0; 0; 1; 0,509362; 0,59699035; 0,019325018; 0,034439325; Aggressive
HIGH; SELF; MARRIED; 0,016666679; 0,016666679; 0,98333335; 0,32281876; 0,010804236; 0,41790628; 0,38547075; Idle
HIGH; SELF; MARRIED; 0,30000004; 0,30000004; 0,7000003; 0,64744544; 0,64391446; 0,1742757; 0,7429659; Aggressive
HIGH; SELF; MARRIED; 0,61666673; 0,61666673; 0,3833337; 0,42844266; 0,0014273524; 0,83925116; 0,49812722; PatrolWalk
HIGH; SELF; MARRIED; 0,33333337; 0,33333337; 0,666667; 0,56740165; 0,66379344; 0,8068984; 0,18185169; Interact
HIGH; SELF; MARRIED; 0,3166667; 0,3166667; 0,68333364; 0,26682854; 0,44691038; 0,7156189; 0,6666711; PatrolWalk
HIGH; SELF; MARRIED; 0; 0; 1; 0,16263247; 0,38945717; 0,7481957; 0,51296014; Idle
HIGH; SELF; MARRIED; 0,30000004; 0,30000004; 0,7000003; 0,042966187; 0,38626736; 0,8000263; 0,1943435; Idle
HIGH; SELF; MARRIED; 0,30000004; 0,30000004; 0,7000003; 0,22730762; 0,19171774; 0,8367498; 0,70510995; PatrolWalk
HIGH; SELF; MARRIED; 0; 0; 1; 0,8187542; 0,6892666; 0,3598237; 0,21235424; Idle
HIGH; SELF; MARRIED; 0; 0; 1; 0,0069745183; 0,88849026; 0,4882164; 0,28896075; Idle
HIGH; SELF; MARRIED; 0,31666672; 0,31666672; 0,68333364; 0,5342721; 0,7565647; 0,20581204; 0,3731228; Interact
HIGH; SELF; MARRIED; 1,1175871E-08; 1,1175871E-08; 1; 0,5646038; 0,43054378; 0,23174047; 0,83085304; Aggressive
HIGH; SELF; MARRIED; 0,3166667; 0,3166667; 0,68333364; 0,9475365; 0,22315723; 0,36171627; 0,3261993; Interact
HIGH; SELF; MARRIED; 0,03333333; 0,03333333; 0,9666667; 0,9531453; 0,5438767; 0,2751494; 0,6570516; Aggressive
HIGH; SELF; MARRIED; 0,016666664; 0,016666664; 0,98333335; 0,17485297; 0,028793454; 0,23684466; 0,907129; Aggressive
HIGH; SELF; MARRIED; 0,30000004; 0,30000004; 0,7000003; 0,8769786; 0,08186084; 0,78765035; 0,67431194; PatrolWalk
HIGH; SELF; MARRIED; 0,6000001; 0,6000001; 0,4000004; 0,73757386; 0,25775862; 0,43551677; 0,38528562; Interact
HIGH; SELF; MARRIED; 1,1175871E-08; 1,1175871E-08; 1; 0,950617; 0,9046049; 0,18373895; 0,88540334; Aggressive
HIGH; SELF; MARRIED; 0,30000004; 0,30000004; 0,7000003; 0,4985519; 0,36768723; 0,24974328; 0,67774355; Aggressive
HIGH; SELF; MARRIED; 0,30000004; 0,30000004; 0,7000003; 0,008829057; 0,3710422; 0,7808823; 0,61055696; Idle
HIGH; SELF; MARRIED; 0,016666679; 0,016666679; 0,98333335; 0,66917795; 0,09325075; 0,19545913; 0,8167866; Aggressive
HIGH; SELF; MARRIED; 0; 0; 1; 0,4917943; 0,6846619; 0,48977065; 0,3591177; Idle
HIGH; SELF; MARRIED; 0,016666664; 0,016666664; 0,98333335; 0,5696528; 0,62195784; 0,63209826; 0,4427896; Idle
HIGH; SELF; MARRIED; 0; 0; 1; 0,23566705; 0,6922792; 0,6663382; 0,35215694; Idle
HIGH; SELF; MARRIED; 0; 0; 1; 0,6027279; 0,50863034; 0,5445564; 0,8267663; Idle
HIGH; SELF; MARRIED; 1,1175871E-08; 1,1175871E-08; 1; 0,054013252; 0,0036411285; 0,799859; 0,7978824; Idle
HIGH; SELF; MARRIED; 0,3; 0,3; 0,7000003; 0,7943413; 0,2485261; 0,63695824; 0,16923892; Idle
HIGH; SELF; MARRIED; 0; 0; 1; 0,19888073; 0,41796792; 0,26533508; 0,72399205; Aggressive
HIGH; SELF; MARRIED; 1,1175871E-08; 1,1175871E-08; 1; 0,43352914; 0,05020106; 0,25820297; 0,81201744; Aggressive
HIGH; SELF; MARRIED; 0,6000001; 0,6000001; 0,4000004; 0,6176646; 0,06817722; 0,74858046; 0,25128186; Interact
HIGH; SELF; MARRIED; 0; 0; 1; 0,805452; 0,080947936; 0,30487937; 0,04882598; Idle
HIGH; SELF; MARRIED; 0,30000004; 0,30000004; 0,7000003; 0,37646335; 0,81284577; 0,24473822; 0,8088362; Aggressive
HIGH; SELF; MARRIED; 0,3166667; 0,3166667; 0,68333364; 0,8736913; 0,1782704; 0,22320694; 0,9575247; Interact
HIGH; SELF; MARRIED; 0,30000004; 0,30000004; 0,7000003; 0,26308554; 0,7215743; 0,7759038; 0,47228885; Idle
HIGH; SELF; MARRIED; 0,30000004; 0,30000004; 0,7000003; 0,54545575; 0,9636015; 0,18542582; 0,29824132; Aggressive
HIGH; SELF; MARRIED; 0,30000004; 0,30000004; 0,7000003; 0,6612153; 0,3264528; 0,7717965; 0,76766133; Idle
HIGH; SELF; MARRIED; 0,6000001; 0,6000001; 0,4000004; 0,29766434; 0,9008845; 0,11910528; 0,9867215; Investigation
HIGH; SELF; MARRIED; 0; 0; 1; 0,61767113; 0,23030388; 0,45452994; 0,957282; Idle
HIGH; SELF; MARRIED; 0; 0; 1; 0,20709383; 0,06541747; 0,31278902; 0,42483765; Idle
HIGH; SELF; MARRIED; 0,3; 0,3; 0,7000003; 0,77982336; 0,15444887; 0,5346571; 0,32971084; PatrolWalk
HIGH; SELF; MARRIED; 0,30000004; 0,30000004; 0,7000003; 0,1649605; 0,29920673; 0,65272677; 0,2129466; PatrolWalk
HIGH; SELF; MARRIED; 1,1175871E-08; 1,1175871E-08; 1; 0,8195271; 0,81611025; 0,40689772; 0,38597238; Idle
HIGH; SELF; MARRIED; 0,016666664; 0,016666664; 0,98333335; 0,8137316; 0,90297866; 0,21747702; 0,5870771; Aggressive
HIGH; SELF; MARRIED; 0,6000001; 0,6000001; 0,4000004; 0,33664232; 0,16258413; 0,48036855; 0,2426132; PatrolWalk
HIGH; SELF; MARRIED; 1,1175871E-08; 1,1175871E-08; 1; 0,83774155; 0,103901744; 0,24712032; 0,19901681; Aggressive
HIGH; SELF; MARRIED; 0,6000001; 0,6000001; 0,4000004; 0,9130242; 0,73577607; 0,29288334; 0,9324372; Investigation
HIGH; SELF; MARRIED; 0,3; 0,3; 0,7000003; 0,55696577; 0,18509436; 0,797766; 0,98792076; PatrolWalk
HIGH; SELF; MARRIED; 0,30000004; 0,30000004; 0,7000003; 0,27087462; 0,24109465; 0,07554239; 0,22382236; Aggressive
HIGH; SELF; MARRIED; 0,30000004; 0,30000004; 0,7000003; 0,178837; 0,0841977; 0,34529412; 0,74817306; PatrolWalk
HIGH; SELF; MARRIED; 0; 0; 1; 0,2763908; 0,36499995; 0,59486485; 0,3335179; Idle
HIGH; SELF; MARRIED; 1,1175871E-08; 1,1175871E-08; 1; 0,29944116; 0,8563382; 0,80887634; 0,4064389; Idle
HIGH; SELF; MARRIED; 0,30000004; 0,30000004; 0,7000003; 0,022343397; 0,5195113; 0,25029016; 0,8886265; Aggressive
HIGH; SELF; MARRIED; 0; 0; 1; 0,60058606; 0,98389345; 0,16048908; 0,37619936; Aggressive
HIGH; SELF; MARRIED; 0,3; 0,3; 0,7000003; 0,39969802; 0,3134423; 0,03810066; 0,22052032; Aggressive
HIGH; SELF; MARRIED; 0; 0; 1; 0,27190214; 0,2600916; 0,3207885; 0,31672335; Idle
HIGH; SELF; MARRIED; 0,3; 0,3; 0,7000003; 0,40491158; 0,30510253; 0,9810799; 0,47338748; Idle
HIGH; SELF; MARRIED; 0; 0; 1; 0,93492013; 0,30448258; 0,6957638; 0,5498256; Idle
HIGH; SELF; MARRIED; 1,1175871E-08; 1,1175871E-08; 1; 0,06238973; 0,56695265; 0,21487445; 0,23866576; Aggressive
HIGH; SELF; MARRIED; 1,1175871E-08; 1,1175871E-08; 1; 0,4458024; 0,15225828; 0,73010176; 0,4409994; Idle
HIGH; SELF; MARRIED; 0,30000004; 0,30000004; 0,7000003; 0,01929444; 0,73252904; 0,26891482; 0,263157; Aggressive
HIGH; SELF; MARRIED; 0,30000004; 0,30000004; 0,7000003; 0,2458238; 0,1848926; 0,88747126; 0,39329267; Idle
HIGH; SELF; MARRIED; 1,1175871E-08; 1,1175871E-08; 1; 0,5738831; 0,2388475; 0,7525004; 0,736572; Idle
HIGH; SELF; MARRIED; 0; 0; 1; 0,06974685; 0,49756825; 0,26448458; 0,7322488; Aggressive
HIGH; SELF; MARRIED; 0; 0; 1; 0,76867265; 0,62453884; 0,80819947; 0,14681292; Idle
HIGH; SELF; MARRIED; 0,30000004; 0,30000004; 0,7000003; 0,25653225; 0,24902797; 0,03106296; 0,4660201; Aggressive
HIGH; SELF; MARRIED; 0,6000001; 0,6000001; 0,4000004; 0,06447017; 0,9136211; 0,3723722; 0,14614022; Idle
HIGH; SELF; MARRIED; 0,30000004; 0,30000004; 0,7000003; 0,106802106; 0,8139635; 0,043464124; 0,82211375; Aggressive
HIGH; SELF; MARRIED; 0; 0; 1; 0,2606544; 0,41061425; 0,13947678; 0,8013614; Aggressive
HIGH; SELF; MARRIED; 0,30000004; 0,30000004; 0,7000003; 0,6130177; 0,5673461; 0,91432476; 0,5322462; Idle
HIGH; SELF; MARRIED; 1,1175871E-08; 1,1175871E-08; 1; 0,1862557; 0,8997518; 0,23297244; 0,038949907; Aggressive
HIGH; SELF; MARRIED; 0,6000001; 0,6000001; 0,4000004; 0,5426579; 0,4430195; 0,46771967; 0,46414632; Interact
HIGH; SELF; MARRIED; 0,30000004; 0,30000004; 0,7000003; 0,61373854; 0,241009; 0,7308679; 0,20033753; Idle
HIGH; SELF; MARRIED; 0; 0; 1; 0,14214319; 0,6659681; 0,5692956; 0,10220814; Idle
HIGH; SELF; MARRIED; 0,30000004; 0,30000004; 0,7000003; 0,14236897; 0,29181975; 0,6596533; 0,16615885; PatrolWalk
HIGH; SELF; MARRIED; 1,1175871E-08; 1,1175871E-08; 1; 0,74752903; 0,732116; 0,99748427; 0,32720703; Idle
HIGH; SELF; MARRIED; 0,8999998; 0,8999998; 0,10000028; 0,44679868; 0,5977135; 0,4410395; 0,0675869; Idle
HIGH; SELF; MARRIED; 1,1175871E-08; 1,1175871E-08; 1; 0,20718318; 0,8279809; 0,7292267; 0,16993028; Idle
HIGH; SELF; MARRIED; 1; 1; 0; 0,1574611; 0,963825; 0,37692076; 0,73122716; Investigation
HIGH; SELF; MARRIED; 0; 0; 1; 0,29898614; 0,7418077; 0,52875656; 0,017039478; Idle
HIGH; SELF; MARRIED; 0,6000001; 0,6000001; 0,4000004; 0,6502403; 0,7090014; 0,91322607; 0,850755; Investigation
HIGH; SELF; MARRIED; 0; 0; 1; 0,27951133; 0,72106844; 0,43721533; 0,46604764; Idle
HIGH; SELF; MARRIED; 0,3; 0,3; 0,7000003; 0,0075535774; 0,796527; 0,9761256; 0,029589057; Idle
HIGH; SELF; MARRIED; 0,6000001; 0,6000001; 0,4000004; 0,030314922; 0,8964909; 0,12663168; 0,21147847; Aggressive
HIGH; SELF; MARRIED; 0,30000004; 0,30000004; 0,7000003; 0,9599183; 0,8083487; 0,47281075; 0,7708156; Idle
HIGH; SELF; MARRIED; 1,1175871E-08; 1,1175871E-08; 1; 0,8033071; 0,64569926; 0,28790313; 0,20577037; Aggressive
HIGH; SELF; MARRIED; 0,30000004; 0,30000004; 0,7000003; 0,7710943; 0,2576108; 0,15683359; 0,30341715; Aggressive
HIGH; SELF; MARRIED; 1; 1; 0; 0,23907363; 0,2731859; 0,6561516; 0,41816503; Idle
HIGH; SELF; MARRIED; 0,30000004; 0,30000004; 0,7000003; 0,055469573; 0,085223496; 0,0092356205; 0,518376; Aggressive
HIGH; SELF; MARRIED; 0,30000004; 0,30000004; 0,7000003; 0,7869273; 0,63994044; 0,6217685; 0,08079213; PatrolWalk
HIGH; SELF; MARRIED; 0,3; 0,3; 0,7000003; 0,09917998; 0,7000231; 0,42825985; 0,5975097; Idle
HIGH; SELF; MARRIED; 0,30000004; 0,30000004; 0,7000003; 0,62518424; 0,84813344; 0,09123719; 0,250031; Aggressive
HIGH; SELF; MARRIED; 0,6000001; 0,6000001; 0,4000004; 0,47191894; 0,54628134; 0,78905755; 0,9567899; Investigation
HIGH; SELF; MARRIED; 0,3; 0,3; 0,7000003; 0,5990205; 0,82268393; 0,47335374; 0,8353211; PatrolWalk
HIGH; SELF; MARRIED; 0,6000001; 0,6000001; 0,4000004; 0,37808925; 0,8398551; 0,9950214; 0,86757165; Investigation
HIGH; SELF; MARRIED; 0; 0; 1; 0,7003732; 0,9828187; 0,27978402; 0,4062115; Aggressive
HIGH; SELF; MARRIED; 1,1175871E-08; 1,1175871E-08; 1; 0,54392344; 0,78568006; 0,06520206; 0,71587473; Aggressive
HIGH; SELF; MARRIED; 1; 1; 0; 0,660759; 0,67013043; 0,53050804; 0,37681657; Interact
HIGH; SELF; MARRIED; 1,1175871E-08; 1,1175871E-08; 1; 0,688453; 0,5732261; 0,98512757; 0,8267351; Idle
HIGH; SELF; MARRIED; 0; 0; 1; 0,28635788; 0,47636932; 0,722652; 0,48158264; Idle
HIGH; SELF; MARRIED; 0,61666673; 0,61666673; 0,3833337; 0,078068614; 0,6285151; 0,6646378; 0,060895145; Idle
HIGH; SELF; MARRIED; 0; 0; 1; 0,8947998; 0,8587773; 0,49354684; 0,63218796; Idle
HIGH; SELF; MARRIED; 0,28333333; 0,28333333; 0,71666694; 0,8644938; 0,891035; 0,36974537; 0,13266361; Idle
HIGH; SELF; MARRIED; 0; 0; 1; 0,67035127; 0,0672825; 0,6199714; 0,028723061; Idle
HIGH; SELF; MARRIED; 0,28333333; 0,28333333; 0,71666694; 0,96923673; 0,15976751; 0,9290743; 0,7219655; PatrolWalk
HIGH; SELF; MARRIED; 0; 0; 1; 0,3040945; 0,37165064; 0,8900935; 0,7817897; Idle
HIGH; SELF; MARRIED; 0; 0; 1; 0,38404703; 0,12268239; 0,4644156; 0,5732131; Idle
HIGH; SELF; MARRIED; 0,68333364; 0,68333364; 0,31666672; 0,7257101; 0,49819535; 0,76276916; 0,48372573; Interact
HIGH; SELF; MARRIED; 0,31666672; 0,31666672; 0,68333364; 0,16358489; 0,0409863; 0,54725534; 0,9427874; PatrolWalk
HIGH; SELF; MARRIED; 0,30000004; 0,30000004; 0,7000003; 0,2716437; 0,007534504; 0,80975187; 0,026146054; Idle
HIGH; SELF; MARRIED; 0,91666645; 0,91666645; 0,08333361; 0,53998727; 0,32844603; 0,28129965; 0,6364344; Investigation
HIGH; SELF; MARRIED; 0,30000004; 0,30000004; 0,7000003; 0,93143654; 0,31357884; 0,539718; 0,6635049; PatrolWalk
HIGH; SELF; MARRIED; 0,58333343; 0,58333343; 0,41666707; 0,44114804; 0,72563106; 0,27858067; 0,20246631; Aggressive
HIGH; SELF; MARRIED; 0,30000004; 0,30000004; 0,7000003; 0,7802305; 0,7525338; 0,97978294; 0,0053290725; PatrolWalk
HIGH; SELF; MARRIED; 0; 0; 1; 0,6119852; 0,39838302; 0,14375722; 0,39008826; Aggressive
HIGH; SELF; MARRIED; 0,30000004; 0,30000004; 0,7000003; 0,65686077; 0,8944344; 0,9886166; 0,25155175; Idle
HIGH; SELF; MARRIED; 0,30000004; 0,30000004; 0,7000003; 0,86716706; 0,22363979; 0,09704536; 0,35848284; Aggressive
HIGH; SELF; MARRIED; 0,3833337; 0,3833337; 0,61666673; 0,46648264; 0,7636559; 0,930745; 0,69640434; PatrolWalk
HIGH; SELF; MARRIED; 0,016666679; 0,016666679; 0,98333335; 0,093082786; 0,59695244; 0,67094374; 0,41192716; Idle
HIGH; SELF; MARRIED; 0,6000001; 0,6000001; 0,4000004; 0,38918602; 0,03054452; 0,2451908; 0,83171463; Investigation
HIGH; SELF; MARRIED; 0,61666673; 0,61666673; 0,3833337; 0,0084860325; 0,10559952; 0,5222497; 0,24689394; PatrolWalk
HIGH; SELF; MARRIED; 1,1175871E-08; 1,1175871E-08; 1; 0,32778752; 0,5642511; 0,54741246; 0,4049695; Idle
HIGH; SELF; MARRIED; 0,28333333; 0,28333333; 0,71666694; 0,87706834; 0,83468485; 0,9016612; 0,7555694; Idle
HIGH; SELF; MARRIED; 1,1175871E-08; 1,1175871E-08; 1; 0,39251733; 0,5452788; 0,20498472; 0,045898914; Aggressive
HIGH; SELF; MARRIED; 0; 0; 1; 0,20827991; 0,5127254; 0,72202057; 0,4002344; Idle
HIGH; SELF; MARRIED; 0,6000001; 0,6000001; 0,4000004; 0,9368833; 0,11613524; 0,6004324; 0,09439659; Interact
HIGH; SELF; MARRIED; 1,1175871E-08; 1,1175871E-08; 1; 0,07599044; 0,21190971; 0,2822693; 0,15039086; Aggressive
HIGH; SELF; MARRIED; 0,08333361; 0,08333361; 0,91666645; 0,23170221; 0,27467573; 0,805017; 0,22086161; Idle
HIGH; SELF; MARRIED; 0,31666672; 0,31666672; 0,68333364; 0,36749113; 0,22136676; 0,57528615; 0,5464425; Idle
HIGH; SELF; MARRIED; 0,3; 0,3; 0,7000003; 0,3576886; 0,66510034; 0,42508662; 0,017267585; PatrolWalk
HIGH; SELF; MARRIED; 0,3166667; 0,3166667; 0,68333364; 0,7587074; 0,10259271; 0,37087542; 0,31377196; Interact
HIGH; SELF; MARRIED; 0,30000004; 0,30000004; 0,7000003; 0,87367517; 0,91083425; 0,4939862; 0,96252805; PatrolWalk
HIGH; SELF; MARRIED; 0,58333343; 0,58333343; 0,41666707; 0,609031; 0,85026044; 0,38432372; 0,68140894; Investigation
HIGH; SELF; MARRIED; 0; 0; 1; 0,6290911; 0,93841887; 0,007653594; 0,4022388; Aggressive
HIGH; SELF; MARRIED; 0,30000004; 0,30000004; 0,7000003; 0,03494227; 0,57154924; 0,4082331; 0,19263446; PatrolWalk
HIGH; SELF; MARRIED; 0,3; 0,3; 0,7000003; 0,8384725; 0,86989075; 0,25591242; 0,4036873; Aggressive
HIGH; SELF; MARRIED; 0; 0; 1; 0,47352505; 0,0023005605; 0,29907376; 0,23585242; Aggressive
HIGH; SELF; MARRIED; 0,3833337; 0,3833337; 0,61666673; 0,19169462; 0,7891683; 0,3187427; 0,46529686; PatrolWalk
HIGH; SELF; MARRIED; 0,61666673; 0,61666673; 0,3833337; 0,6814217; 0,60089517; 0,073090434; 0,18916118; Interact
HIGH; SELF; MARRIED; 0; 0; 1; 0,055882096; 0,6725714; 0,36105585; 0,9133506; Idle
HIGH; SELF; MARRIED; 0,016666664; 0,016666664; 0,98333335; 0,40566403; 0,23826838; 0,5827686; 0,66155833; Idle
HIGH; SELF; MARRIED; 1,1175871E-08; 1,1175871E-08; 1; 0,46182668; 0,27995062; 0,8796551; 0,71788204; Idle
HIGH; SELF; MARRIED; 0,28333333; 0,28333333; 0,71666694; 0,08423519; 0,19759881; 0,38537902; 0,78935766; Idle
HIGH; SELF; MARRIED; 0; 0; 1; 0,5824252; 0,21578974; 0,4984647; 0,45024103; Idle
HIGH; SELF; MARRIED; 1,1175871E-08; 1,1175871E-08; 1; 0,118266344; 0,55367416; 0,5652277; 0,26189947; Idle
HIGH; SELF; MARRIED; 0; 0; 1; 0,92825246; 0,8151124; 0,93192375; 0,11111611; Idle
HIGH; SELF; MARRIED; 0; 0; 1; 0,78846395; 0,14438075; 0,87244767; 0,74562347; Idle
HIGH; SELF; MARRIED; 0,08333361; 0,08333361; 0,91666645; 0,11051333; 0,4816501; 0,4392538; 0,9333506; Idle
HIGH; SELF; MARRIED; 0,3166667; 0,3166667; 0,68333364; 0,5103876; 0,35489315; 0,39247805; 0,31192666; Interact
HIGH; SELF; MARRIED; 0,30000004; 0,30000004; 0,7000003; 0,1678443; 0,95014536; 0,83160746; 0,9858299; Idle
HIGH; SELF; MARRIED; 0,3166667; 0,3166667; 0,68333364; 0,87797785; 0,22098792; 0,94658613; 0,38553357; Interact
HIGH; SELF; MARRIED; 0,30000004; 0,30000004; 0,7000003; 0,36177343; 0,013405204; 0,22570962; 0,017329931; Aggressive
HIGH; SELF; MARRIED; 0,58333343; 0,58333343; 0,41666707; 0,6348149; 0,38163435; 0,02954495; 0,48600197; Interact
HIGH; SELF; MARRIED; 0,30000004; 0,30000004; 0,7000003; 0,17205864; 0,06616759; 0,69297606; 0,60963744; Idle
HIGH; SELF; MARRIED; 0,30000004; 0,30000004; 0,7000003; 0,8794528; 0,41497004; 0,24543661; 0,55251086; Aggressive
HIGH; SELF; MARRIED; 0,30000004; 0,30000004; 0,7000003; 0,8241644; 0,097189724; 0,6162649; 0,9802732; PatrolWalk
HIGH; SELF; MARRIED; 0,30000004; 0,30000004; 0,7000003; 0,3944304; 0,8846397; 0,6651588; 0,65584636; PatrolWalk
HIGH; SELF; MARRIED; 0,3833337; 0,3833337; 0,61666673; 0,84186983; 0,18848819; 0,1327765; 0,86746156; Interact
HIGH; SELF; MARRIED; 0,016666664; 0,016666664; 0,98333335; 0,72647107; 0,08870649; 0,58600986; 0,7009905; Idle
HIGH; SELF; MARRIED; 0,6000001; 0,6000001; 0,4000004; 0,5465318; 0,20381153; 0,88466114; 0,11019826; Interact
HIGH; SELF; MARRIED; 0,016666664; 0,016666664; 0,98333335; 0,47651738; 0,031709373; 0,5297722; 0,6778155; Idle
HIGH; SELF; MARRIED; 1,1175871E-08; 1,1175871E-08; 1; 0,6990226; 0,09877437; 0,24469823; 0,85052645; Aggressive
HIGH; SELF; MARRIED; 0,28333333; 0,28333333; 0,71666694; 0,78255117; 0,38587695; 0,72089225; 0,7673402; Idle
HIGH; SELF; MARRIED; 0,6000001; 0,6000001; 0,4000004; 0,7047135; 0,49750906; 0,20846409; 0,46165335; Interact
HIGH; SELF; MARRIED; 1,1175871E-08; 1,1175871E-08; 1; 0,3485992; 0,7481051; 0,13758373; 0,35278857; Aggressive
HIGH; SELF; MARRIED; 1,1175871E-08; 1,1175871E-08; 1; 0,82615274; 0,77333766; 0,6087876; 0,39722556; Idle
HIGH; SELF; MARRIED; 1,1175871E-08; 1,1175871E-08; 1; 0,29905605; 0,07986081; 0,8110386; 0,88825905; Idle
HIGH; SELF; MARRIED; 0,08333361; 0,08333361; 0,91666645; 0,8704697; 0,028925478; 0,5958715; 0,92683005; Idle
HIGH; SELF; MARRIED; 0,3166667; 0,3166667; 0,68333364; 0,18128455; 0,397541; 0,26522613; 0,4929512; Aggressive
HIGH; SELF; MARRIED; 0,3; 0,3; 0,7000003; 0,71443546; 0,017775059; 0,24300545; 0,7842484; Aggressive
HIGH; SELF; MARRIED; 0,3166667; 0,3166667; 0,68333364; 0,60490996; 0,4548884; 0,48190165; 0,9823067; Interact
HIGH; SELF; MARRIED; 0; 0; 1; 0,18562168; 0,09737748; 0,6927254; 0,33167636; Idle
HIGH; SELF; MARRIED; 0,58333343; 0,58333343; 0,41666707; 0,8607353; 0,89807767; 0,5964008; 0,17576581; Interact
HIGH; SELF; MARRIED; 0,3; 0,3; 0,7000003; 0,50862646; 0,36826873; 0,61253035; 0,9691118; Idle
HIGH; SELF; MARRIED; 0; 0; 1; 0,09719539; 0,14193952; 0,54412127; 0,9707259; Idle
HIGH; SELF; MARRIED; 0,30000004; 0,30000004; 0,7000003; 0,4572224; 0,78821987; 0,15139598; 0,8708368; Aggressive
HIGH; SELF; MARRIED; 0,30000004; 0,30000004; 0,7000003; 0,15517145; 0,6537343; 0,14802146; 0,8583212; Aggressive
HIGH; SELF; MARRIED; 0,3833337; 0,3833337; 0,61666673; 0,7103453; 0,46708888; 0,6709995; 0,09440392; Interact
HIGH; SELF; MARRIED; 0,016666664; 0,016666664; 0,98333335; 0,9195949; 0,4140274; 0,5385023; 0,08040273; Idle
HIGH; SELF; MARRIED; 0; 0; 1; 0,22690696; 0,4042083; 0,582921; 0,47719234; Idle
HIGH; SELF; MARRIED; 0; 0; 1; 0,7142799; 0,11369187; 0,32642412; 0,004145324; Idle
HIGH; SELF; MARRIED; 0,016666664; 0,016666664; 0,98333335; 0,29563785; 0,06751037; 0,6824585; 0,5105658; Idle
HIGH; SELF; MARRIED; 0,30000004; 0,30000004; 0,7000003; 0,44704443; 0,96075743; 0,78396565; 0,7306972; PatrolWalk
HIGH; SELF; MARRIED; 0,28333333; 0,28333333; 0,71666694; 0,7792103; 0,45108116; 0,9931706; 0,9194785; PatrolWalk
HIGH; SELF; MARRIED; 0,6000001; 0,6000001; 0,4000004; 0,24135643; 0,642065; 0,07787222; 0,08709514; Aggressive
HIGH; SELF; MARRIED; 0,30000004; 0,30000004; 0,7000003; 0,6540825; 0,9417278; 0,74330133; 0,92353654; PatrolWalk
HIGH; SELF; MARRIED; 1,1175871E-08; 1,1175871E-08; 1; 0,09386939; 0,9260726; 0,01892203; 0,15892059; Aggressive
HIGH; SELF; MARRIED; 1,1175871E-08; 1,1175871E-08; 1; 0,3667642; 0,97082865; 0,19647908; 0,74607915; Aggressive
HIGH; SELF; MARRIED; 0,08333361; 0,08333361; 0,91666645; 0,4035443; 0,8821671; 0,8183912; 0,9456566; Idle
HIGH; SELF; MARRIED; 0,3166667; 0,3166667; 0,68333364; 0,37371445; 0,43345404; 0,10586995; 0,46842486; Aggressive
HIGH; SELF; MARRIED; 0,30000004; 0,30000004; 0,7000003; 0,84835464; 0,9948484; 0,9454025; 0,058930635; PatrolWalk
HIGH; SELF; MARRIED; 0,3166667; 0,3166667; 0,68333364; 0,9891571; 0,26533818; 0,042150855; 0,27277875; Interact
HIGH; SELF; MARRIED; 1,1175871E-08; 1,1175871E-08; 1; 0,7185242; 0,70917666; 0,18381941; 0,22116613; Aggressive
HIGH; SELF; MARRIED; 0; 0; 1; 0,18434739; 0,52530897; 0,14341652; 0,2581507; Aggressive
HIGH; SELF; MARRIED; 0,3; 0,3; 0,7000003; 0,7600227; 0,5359169; 0,08266306; 0,7679495; Aggressive
HIGH; SELF; MARRIED; 1,1175871E-08; 1,1175871E-08; 1; 0,56987834; 0,80424774; 0,21395564; 0,02020222; Aggressive
HIGH; SELF; MARRIED; 0; 0; 1; 0,11807907; 0,19747156; 0,8153517; 0,2548985; Idle
HIGH; SELF; MARRIED; 0; 0; 1; 0,14432675; 0,6681613; 0,057314873; 0,22099924; Aggressive
HIGH; SELF; MARRIED; 0,3833337; 0,3833337; 0,61666673; 0,99956274; 0,098293185; 0,92564183; 0,5188665; Interact
HIGH; SELF; MARRIED; 0,016666664; 0,016666664; 0,98333335; 0,72705936; 0,9462567; 0,12504804; 0,19731551; Aggressive
HIGH; SELF; MARRIED; 0; 0; 1; 0,08921999; 0,9202514; 0,42508525; 0,11429238; Idle
HIGH; SELF; MARRIED; 0; 0; 1; 0,5774812; 0,7328127; 0,19410515; 0,031591475; Aggressive
HIGH; SELF; MARRIED; 0; 0; 1; 0,86320823; 0,041982055; 0,011856437; 0,68882805; Aggressive
HIGH; SELF; MARRIED; 0; 0; 1; 0,85337466; 0,384233; 0,59624064; 0,44646037; Idle
HIGH; SELF; MARRIED; 0; 0; 1; 0,69669616; 0,9927776; 0,0022431612; 0,23288411; Aggressive
HIGH; SELF; MARRIED; 0; 0; 1; 0,34029293; 0,4518209; 0,105115175; 0,20322245; Aggressive
HIGH; SELF; MARRIED; 0,31666672; 0,31666672; 0,68333364; 0,60084975; 0,8773134; 0,5659801; 0,9329755; Interact
HIGH; SELF; MARRIED; 0; 0; 1; 0,24450535; 0,5707486; 0,41873467; 0,9760942; Idle
HIGH; SELF; MARRIED; 0,066666946; 0,066666946; 0,9333331; 0,65902483; 0,7582852; 0,19329035; 0,00385046; Aggressive
HIGH; SELF; MARRIED; 0; 0; 1; 0,15518558; 0,93925244; 0,6430107; 0,5972414; Idle
HIGH; SELF; MARRIED; 0,30000004; 0,30000004; 0,7000003; 0,13767612; 0,84159374; 0,31524062; 0,56729436; Idle
HIGH; SELF; MARRIED; 0; 0; 1; 0,71949506; 0,6345152; 0,6921513; 0,17741805; Idle
HIGH; SELF; MARRIED; 0; 0; 1; 0,92945105; 0,58534664; 0,3198554; 0,39639175; Idle
HIGH; SELF; MARRIED; 0,30000004; 0,30000004; 0,7000003; 0,108067274; 0,80160254; 0,35977423; 0,3430217; Idle
HIGH; SELF; MARRIED; 0; 0; 1; 0,84650195; 0,733396; 0,8728774; 0,8032902; Idle
HIGH; SELF; MARRIED; 0; 0; 1; 0,36813664; 0,1178236; 0,712242; 0,45751047; Idle
HIGH; SELF; MARRIED; 0,016666679; 0,016666679; 0,98333335; 0,041171968; 0,57857776; 0,994796; 0,67187333; Idle
HIGH; SELF; MARRIED; 0,30000004; 0,30000004; 0,7000003; 0,9669197; 0,82909167; 0,60206723; 0,044484198; PatrolWalk
HIGH; SELF; MARRIED; 0; 0; 1; 0,8665695; 0,88792914; 0,33199465; 0,49131274; Idle
HIGH; SELF; MARRIED; 0,30000004; 0,30000004; 0,7000003; 0,58913684; 0,7479182; 0,23249036; 0,6641962; Aggressive
HIGH; SELF; MARRIED; 0,6000001; 0,6000001; 0,4000004; 0,06588167; 0,28473336; 0,590621; 0,029449344; Idle
HIGH; SELF; MARRIED; 0,30000004; 0,30000004; 0,7000003; 0,8013045; 0,8247104; 0,9551952; 0,28326386; Idle
HIGH; SELF; MARRIED; 0,30000004; 0,30000004; 0,7000003; 0,9478782; 0,8870182; 0,5411897; 0,8481989; PatrolWalk
HIGH; SELF; MARRIED; 0,6000001; 0,6000001; 0,4000004; 0,6240376; 0,15121925; 0,91290444; 0,72405356; Investigation
HIGH; SELF; MARRIED; 0,30000004; 0,30000004; 0,7000003; 0,9655273; 0,3557675; 0,9204451; 0,8038101; PatrolWalk
HIGH; SELF; MARRIED; 0,30000004; 0,30000004; 0,7000003; 0,49860275; 0,0038110018; 0,49016267; 0,44480103; PatrolWalk
HIGH; SELF; MARRIED; 0,31666672; 0,31666672; 0,68333364; 0,6277723; 0,18141752; 0,9288718; 0,4458335; Interact
HIGH; SELF; MARRIED; 1,1175871E-08; 1,1175871E-08; 1; 0,9084698; 0,69898206; 0,90481293; 0,019872308; Idle
HIGH; SELF; MARRIED; 0,30000004; 0,30000004; 0,7000003; 0,113386214; 0,41350794; 0,19654006; 0,77200806; Aggressive
HIGH; SELF; MARRIED; 1,1175871E-08; 1,1175871E-08; 1; 0,48713928; 0,6908052; 0,18131393; 0,077442944; Aggressive
HIGH; SELF; MARRIED; 0,8999998; 0,8999998; 0,10000028; 0,8496619; 0,9123223; 0,8945518; 0,111101925; Interact
HIGH; SELF; MARRIED; 0,6000001; 0,6000001; 0,4000004; 0,64048743; 0,95534533; 0,6014344; 0,47701275; Interact
HIGH; SELF; MARRIED; 1,1175871E-08; 1,1175871E-08; 1; 0,8516942; 0,06999695; 0,6986998; 0,71687084; Idle
HIGH; SELF; MARRIED; 0,3; 0,3; 0,7000003; 0,11880529; 0,59374094; 0,87596107; 0,18114501; Idle
HIGH; SELF; MARRIED; 1,1175871E-08; 1,1175871E-08; 1; 0,06508976; 0,8912604; 0,89660126; 0,20728874; Idle
HIGH; SELF; MARRIED; 1,1175871E-08; 1,1175871E-08; 1; 0,6251367; 0,29302937; 0,8700484; 0,586633; Idle
HIGH; SELF; MARRIED; 0,016666679; 0,016666679; 0,98333335; 0,39941108; 0,6358898; 0,97027355; 0,05956632; Idle
HIGH; SELF; MARRIED; 0,30000004; 0,30000004; 0,7000003; 0,67619556; 0,1544466; 0,99538213; 0,92105144; PatrolWalk
HIGH; SELF; MARRIED; 1,1175871E-08; 1,1175871E-08; 1; 0,6008148; 0,66330546; 0,57120585; 0,98448; Idle
HIGH; SELF; MARRIED; 0; 0; 1; 0,07622421; 0,4430489; 0,9575031; 0,5769138; Idle
HIGH; SELF; MARRIED; 0,6000001; 0,6000001; 0,4000004; 0,8501812; 0,26171649; 0,29999715; 0,083010316; Interact
HIGH; SELF; MARRIED; 0,3; 0,3; 0,7000003; 0,5704113; 0,22448236; 0,9449119; 0,26356965; Idle
HIGH; SELF; MARRIED; 0,30000004; 0,30000004; 0,7000003; 0,11773515; 0,8018211; 0,9407094; 0,13067192; PatrolWalk
HIGH; SELF; MARRIED; 0,6000001; 0,6000001; 0,4000004; 0,57295966; 0,9615017; 0,96886986; 0,025475502; Interact
HIGH; SELF; MARRIED; 0,30000004; 0,30000004; 0,7000003; 0,81861365; 0,030934155; 0,55982196; 0,37123936; PatrolWalk
HIGH; SELF; MARRIED; 0,30000004; 0,30000004; 0,7000003; 0,8253363; 0,1139375; 0,98248446; 0,8161604; PatrolWalk
HIGH; SELF; MARRIED; 0,31666672; 0,31666672; 0,68333364; 0,6547606; 0,61731625; 0,9754812; 0,56777585; Interact
HIGH; SELF; MARRIED; 1,1175871E-08; 1,1175871E-08; 1; 0,9470469; 0,8526303; 0,5333537; 0,64788085; Idle
HIGH; SELF; MARRIED; 0,30000004; 0,30000004; 0,7000003; 0,7812438; 0,6061255; 0,42573744; 0,45040137; Idle
HIGH; SELF; MARRIED; 0,30000004; 0,30000004; 0,7000003; 0,5255023; 0,58343697; 0,8645446; 0,7370647; PatrolWalk
HIGH; SELF; MARRIED; 0,3; 0,3; 0,7000003; 0,8215627; 0,3865263; 0,65458196; 0,7089289; PatrolWalk
HIGH; SELF; MARRIED; 0,6000001; 0,6000001; 0,4000004; 0,3362792; 0,97577184; 0,16381162; 0,69333076; Investigation
HIGH; SELF; MARRIED; 1,1175871E-08; 1,1175871E-08; 1; 0,2491051; 0,915417; 0,7204307; 0,8061275; Idle
HIGH; SELF; MARRIED; 0,3; 0,3; 0,7000003; 0,13160604; 0,72858495; 0,7591261; 0,21003813; PatrolWalk
HIGH; SELF; MARRIED; 1,1175871E-08; 1,1175871E-08; 1; 0,7539883; 0,54896516; 0,9656773; 0,67950094; Idle
HIGH; SELF; MARRIED; 1,1175871E-08; 1,1175871E-08; 1; 0,6078528; 0,98967963; 0,90519017; 0,46862465; Idle
HIGH; SELF; MARRIED; 0,016666679; 0,016666679; 0,98333335; 0,88419765; 0,48379177; 0,7149363; 0,4978022; Idle
HIGH; SELF; MARRIED; 0,30000004; 0,30000004; 0,7000003; 0,9661108; 0,75062746; 0,03310728; 0,908611; Aggressive
HIGH; SELF; MARRIED; 0,6000001; 0,6000001; 0,4000004; 0,32192165; 0,80432856; 0,4958189; 0,20782554; Idle
HIGH; SELF; MARRIED; 1,1175871E-08; 1,1175871E-08; 1; 0,91995037; 0,19042891; 0,33357507; 0,61213416; Idle
HIGH; SELF; MARRIED; 0; 0; 1; 0,4835654; 0,74483085; 0,6122777; 0,10114795; Idle
HIGH; SELF; MARRIED; 0,3; 0,3; 0,7000003; 0,209275; 0,46402115; 0,109494925; 0,18462026; Aggressive
HIGH; SELF; MARRIED; 0,30000004; 0,30000004; 0,7000003; 0,51574916; 0,95870304; 0,52844703; 0,54357135; Idle
HIGH; SELF; MARRIED; 0; 0; 1; 0,13960564; 0,6816285; 0,50709987; 0,060155928; Idle
HIGH; SELF; MARRIED; 0,30000004; 0,30000004; 0,7000003; 0,5118838; 0,35692745; 0,9104272; 0,783065; PatrolWalk
HIGH; SELF; MARRIED; 0,30000004; 0,30000004; 0,7000003; 0,314403; 0,76419824; 0,91921455; 0,070158005; Idle
HIGH; SELF; MARRIED; 0,31666672; 0,31666672; 0,68333364; 0,47559536; 0,5431174; 0,85646975; 0,37495625; PatrolWalk
HIGH; SELF; MARRIED; 1,1175871E-08; 1,1175871E-08; 1; 0,88976485; 0,7793294; 0,45696986; 0,010157883; Idle
HIGH; SELF; MARRIED; 0,8999998; 0,8999998; 0,10000028; 0,73143023; 0,73568565; 0,1477989; 0,046549022; Interact
HIGH; SELF; MARRIED; 0,30000004; 0,30000004; 0,7000003; 0,56644785; 0,019107997; 0,07581353; 0,5643808; Aggressive
HIGH; SELF; MARRIED; 0,30000004; 0,30000004; 0,7000003; 0,26796877; 0,15274894; 0,3423409; 0,2086736; PatrolWalk
HIGH; SELF; MARRIED; 0; 0; 1; 0,5235119; 0,73557127; 0,6293394; 0,067650795; Idle
HIGH; SELF; MARRIED; 0,6000001; 0,6000001; 0,4000004; 0,81157637; 0,26339704; 0,93447256; 0,42305708; Interact
HIGH; SELF; MARRIED; 0,30000004; 0,30000004; 0,7000003; 0,32631993; 0,6050231; 0,12974077; 0,91435885; Aggressive
HIGH; SELF; MARRIED; 1,1175871E-08; 1,1175871E-08; 1; 0,5209941; 0,67369264; 0,6967334; 0,38127047; Idle
HIGH; SELF; MARRIED; 0,6000001; 0,6000001; 0,4000004; 0,39876175; 0,51966095; 0,22390205; 0,311625; Aggressive
HIGH; SELF; MARRIED; 0,016666679; 0,016666679; 0,98333335; 0,24775875; 0,31406486; 0,115109265; 0,063991845; Aggressive
HIGH; SELF; MARRIED; 0,30000004; 0,30000004; 0,7000003; 0,52906597; 0,9212577; 0,9613619; 0,7142879; Idle
HIGH; SELF; MARRIED; 0,6000001; 0,6000001; 0,4000004; 0,438937; 0,53312624; 0,711667; 0,38781238; PatrolWalk
HIGH; SELF; MARRIED; 1,1175871E-08; 1,1175871E-08; 1; 0,07107377; 0,64722556; 0,48973078; 0,21499246; Idle
HIGH; SELF; MARRIED; 1; 1; 0; 0,76027113; 0,48893481; 0,5863578; 0,31942993; Interact
HIGH; SELF; MARRIED; 1,1175871E-08; 1,1175871E-08; 1; 0,7109193; 0,4959563; 0,65734845; 0,36603338; Idle
HIGH; SELF; MARRIED; 0,30000004; 0,30000004; 0,7000003; 0,04088193; 0,91583484; 0,79225475; 0,38960546; PatrolWalk
HIGH; SELF; MARRIED; 0,3; 0,3; 0,7000003; 0,50522375; 0,8691486; 0,98201656; 0,07063115; PatrolWalk
HIGH; SELF; MARRIED; 1,1175871E-08; 1,1175871E-08; 1; 0,34006757; 0,6483864; 0,6249884; 0,1835962; Idle
HIGH; SELF; MARRIED; 0,30000004; 0,30000004; 0,7000003; 0,73619694; 0,7332883; 0,8830302; 0,7484348; Idle
HIGH; SELF; MARRIED; 0,3; 0,3; 0,7000003; 0,88521516; 0,7959198; 0,20851225; 0,27232933; Aggressive
HIGH; SELF; MARRIED; 0; 0; 1; 0,5416299; 0,7849357; 0,1098358; 0,61648625; Aggressive
HIGH; SELF; MARRIED; 0,6000001; 0,6000001; 0,4000004; 0,41074586; 0,97162473; 0,96674925; 0,4948119; PatrolWalk
HIGH; SELF; MARRIED; 0,3; 0,3; 0,7000003; 0,39499807; 0,29571885; 0,13620144; 0,47941846; Aggressive
HIGH; SELF; MARRIED; 0,30000004; 0,30000004; 0,7000003; 0,61252725; 0,96617967; 0,17939389; 0,45143133; Aggressive
HIGH; SELF; MARRIED; 0,30000004; 0,30000004; 0,7000003; 0,43110907; 0,25404954; 0,113163054; 0,61778325; Aggressive
HIGH; SELF; MARRIED; 1,1175871E-08; 1,1175871E-08; 1; 0,4867624; 0,11988503; 0,49466556; 0,49198645; Idle
HIGH; SELF; MARRIED; 0; 0; 1; 0,10271406; 0,21951598; 0,56596065; 0,7660361; Idle
HIGH; SELF; MARRIED; 0,30000004; 0,30000004; 0,7000003; 0,99513805; 0,83769274; 0,58177054; 0,13660419; PatrolWalk
HIGH; SELF; MARRIED; 0,6000001; 0,6000001; 0,4000004; 0,37053108; 0,23498458; 0,77054334; 0,7960552; Investigation
HIGH; SELF; MARRIED; 0; 0; 1; 0,23984677; 0,11150855; 0,3018484; 0,064596534; Idle
HIGH; SELF; MARRIED; 0; 0; 1; 0,97586447; 0,3368572; 0,72453094; 0,98524696; Idle
HIGH; SELF; MARRIED; 0,3; 0,3; 0,7000003; 0,8522442; 0,09561825; 0,41369462; 0,408127; Idle
HIGH; SELF; MARRIED; 0; 0; 1; 0,0013423562; 0,52381945; 0,6613356; 0,6645921; Idle
HIGH; SELF; MARRIED; 1,1175871E-08; 1,1175871E-08; 1; 0,97476745; 0,7748718; 0,08782774; 0,15860498; Aggressive
HIGH; SELF; MARRIED; 0; 0; 1; 0,65498424; 0,60533655; 0,120781064; 0,2891714; Aggressive
HIGH; SELF; MARRIED; 0,31666672; 0,31666672; 0,68333364; 0,0057328343; 0,5242173; 0,9311948; 0,6939597; PatrolWalk
HIGH; SELF; MARRIED; 0,31666672; 0,31666672; 0,68333364; 0,8204475; 0,08041388; 0,9455967; 0,25683963; Interact
HIGH; SELF; MARRIED; 0; 0; 1; 0,23777056; 0,6947571; 0,47991747; 0,29669696; Idle
HIGH; SELF; MARRIED; 0,28333333; 0,28333333; 0,71666694; 0,5684244; 0,3573287; 0,18851417; 0,47739506; Aggressive
HIGH; SELF; MARRIED; 0,31666672; 0,31666672; 0,68333364; 0,27408016; 0,50067085; 0,041313946; 0,13582307; Aggressive
HIGH; SELF; MARRIED; 0,31666672; 0,31666672; 0,68333364; 0,593686; 0,10948771; 0,40853083; 0,83950007; Interact
HIGH; SELF; MARRIED; 0,61666673; 0,61666673; 0,3833337; 0,20078486; 0,7523052; 0,84279555; 0,14072847; PatrolWalk
HIGH; SELF; MARRIED; 0,31666672; 0,31666672; 0,68333364; 0,15086919; 0,8222996; 0,38749683; 0,06700605; PatrolWalk
HIGH; SELF; MARRIED; 0; 0; 1; 0,022244513; 0,65961605; 0,6683973; 0,47790915; Idle
HIGH; SELF; MARRIED; 0; 0; 1; 0,31050646; 0,15830833; 0,5935739; 0,009527028; Idle
HIGH; SELF; MARRIED; 0,016666679; 0,016666679; 0,98333335; 0,14296454; 0,7484254; 0,2847436; 0,48117405; Aggressive
HIGH; SELF; MARRIED; 0,016666679; 0,016666679; 0,98333335; 0,6451335; 0,57607055; 0,76547575; 0,49689287; Idle
HIGH; SELF; MARRIED; 0,30000004; 0,30000004; 0,7000003; 0,3594994; 0,59198236; 0,61218816; 0,44906288; Idle
HIGH; SELF; MARRIED; 0; 0; 1; 0,5954197; 0,4792577; 0,15771544; 0,26767308; Aggressive
HIGH; SELF; MARRIED; 0,016666679; 0,016666679; 0,98333335; 0,5882315; 0,3290056; 0,31364816; 0,31036645; Idle
HIGH; SELF; MARRIED; 0,016666679; 0,016666679; 0,98333335; 0,5694871; 0,91621256; 0,6981078; 0,9599312; Idle
HIGH; SELF; MARRIED; 0,3166667; 0,3166667; 0,68333364; 0,17313331; 0,36744028; 0,46001357; 0,2228902; Idle
HIGH; SELF; MARRIED; 0,016666679; 0,016666679; 0,98333335; 0,80205125; 0,6759534; 0,23828548; 0,6093549; Aggressive
HIGH; SELF; MARRIED; 0,30000004; 0,30000004; 0,7000003; 0,7421393; 0,8885959; 0,7714862; 0,64877844; PatrolWalk
HIGH; SELF; MARRIED; 0,30000004; 0,30000004; 0,7000003; 0,60600525; 0,15301263; 0,57084423; 0,7534131; PatrolWalk
HIGH; SELF; MARRIED; 0; 0; 1; 0,45055974; 0,41331452; 0,8327169; 0,9943612; Idle
HIGH; SELF; MARRIED; 0,31666672; 0,31666672; 0,68333364; 0,53784305; 0,9839677; 0,666613; 0,6928103; Interact
HIGH; SELF; MARRIED; 0,6000001; 0,6000001; 0,4000004; 0,8671878; 0,4605518; 0,117364705; 0,29205382; Interact
HIGH; SELF; MARRIED; 0; 0; 1; 0,7888563; 0,2582538; 0,11550045; 0,13728058; Aggressive
HIGH; SELF; MARRIED; 0,31666672; 0,31666672; 0,68333364; 0,29004204; 0,118891835; 0,51011395; 0,43246037; Idle
HIGH; SELF; MARRIED; 0,31666672; 0,31666672; 0,68333364; 0,6168128; 0,33071405; 0,19902778; 0,5674938; Interact
HIGH; SELF; MARRIED; 0,61666673; 0,61666673; 0,3833337; 0,764225; 0,34958845; 0,3314665; 0,76413685; Investigation
HIGH; SELF; MARRIED; 0; 0; 1; 0,6655126; 0,4534369; 0,9025841; 0,8550203; Idle
HIGH; SELF; MARRIED; 1,1175871E-08; 1,1175871E-08; 1; 0,32460946; 0,82813114; 0,28151864; 0,39280725; Aggressive
HIGH; SELF; MARRIED; 1,1175871E-08; 1,1175871E-08; 1; 0,20597667; 0,16328412; 0,4460554; 0,04942882; Idle
HIGH; SELF; MARRIED; 0,30000004; 0,30000004; 0,7000003; 0,6176411; 0,13035625; 0,08687472; 0,08424348; Aggressive
HIGH; SELF; MARRIED; 0,016666679; 0,016666679; 0,98333335; 0,01033324; 0,59927976; 0,82081956; 0,9461121; Idle
HIGH; SELF; MARRIED; 0,3; 0,3; 0,7000003; 0,5552513; 0,8115691; 0,63341665; 0,047969937; Idle
HIGH; SELF; MARRIED; 0; 0; 1; 0,8427034; 0,23854393; 0,3232867; 0,09665495; Idle
HIGH; SELF; MARRIED; 0,61666673; 0,61666673; 0,3833337; 0,18397582; 0,05398965; 0,9162601; 0,77862173; Investigation
HIGH; SELF; MARRIED; 0,016666679; 0,016666679; 0,98333335; 0,8478362; 0,42084032; 0,80448663; 0,77637094; Idle
HIGH; SELF; MARRIED; 0,3166667; 0,3166667; 0,68333364; 0,47278517; 0,049702585; 0,9118854; 0,34349227; PatrolWalk
HIGH; SELF; MARRIED; 0,30000004; 0,30000004; 0,7000003; 0,28949153; 0,25313914; 0,14918512; 0,0735175; Aggressive
HIGH; SELF; MARRIED; 0; 0; 1; 0,50582844; 0,32975376; 0,3058316; 0,43901724; Idle
HIGH; SELF; MARRIED; 0,30000004; 0,30000004; 0,7000003; 0,0012742281; 0,7735423; 0,46506172; 0,13151717; PatrolWalk
HIGH; SELF; MARRIED; 1,1175871E-08; 1,1175871E-08; 1; 0,23910028; 0,9135079; 0,6251553; 0,72502065; Idle
HIGH; SELF; MARRIED; 0,31666672; 0,31666672; 0,68333364; 0,76614684; 0,5187862; 0,53052044; 0,03088665; Interact
HIGH; SELF; MARRIED; 0,6000001; 0,6000001; 0,4000004; 0,09671414; 0,96672827; 0,88142025; 0,3131851; PatrolWalk
HIGH; SELF; MARRIED; 0,30000004; 0,30000004; 0,7000003; 0,22191364; 0,88148665; 0,8705186; 0,8622223; Idle
HIGH; SELF; MARRIED; 0,3166667; 0,3166667; 0,68333364; 0,22849834; 0,04691422; 0,117414; 0,99941045; Aggressive
HIGH; SELF; MARRIED; 0,31666672; 0,31666672; 0,68333364; 0,75677574; 0,038045466; 0,46426505; 0,6949982; Interact
HIGH; SELF; MARRIED; 0,016666664; 0,016666664; 0,98333335; 0,32832474; 0,8327229; 0,24885786; 0,6943998; Aggressive
HIGH; SELF; MARRIED; 1,1175871E-08; 1,1175871E-08; 1; 0,66688025; 0,606951; 0,36278063; 0,3148948; Idle
HIGH; SELF; MARRIED; 0,30000004; 0,30000004; 0,7000003; 0,44160545; 0,17427301; 0,39674276; 0,63525695; PatrolWalk
HIGH; SELF; MARRIED; 1,1175871E-08; 1,1175871E-08; 1; 0,055339515; 0,21128035; 0,37696898; 0,62731266; Idle
HIGH; SELF; MARRIED; 0,30000004; 0,30000004; 0,7000003; 0,76433915; 0,83764917; 0,502836; 0,059109032; Idle
HIGH; SELF; MARRIED; 0,016666679; 0,016666679; 0,98333335; 0,14294863; 0,12260848; 0,10016531; 0,032125473; Aggressive
HIGH; SELF; MARRIED; 0,3; 0,3; 0,7000003; 0,5163406; 0,69850945; 0,8093872; 0,9676107; PatrolWalk
HIGH; SELF; MARRIED; 0,6000001; 0,6000001; 0,4000004; 0,4728033; 0,8904968; 0,118151784; 0,64011157; Investigation
HIGH; SELF; MARRIED; 0,016666664; 0,016666664; 0,98333335; 0,5255146; 0,32830912; 0,587314; 0,22358936; Idle
HIGH; SELF; MARRIED; 0,016666679; 0,016666679; 0,98333335; 0,62096334; 0,73317546; 0,45571333; 0,55537325; Idle
HIGH; SELF; MARRIED; 0; 0; 1; 0,9643174; 0,34985828; 0,19073868; 0,62705183; Aggressive
HIGH; SELF; MARRIED; 0,30000004; 0,30000004; 0,7000003; 0,13565665; 0,5116904; 0,76544523; 0,8432905; PatrolWalk
HIGH; SELF; MARRIED; 1,1175871E-08; 1,1175871E-08; 1; 0,21714526; 0,51511264; 0,20832056; 0,6022947; Aggressive
HIGH; SELF; MARRIED; 0,30000004; 0,30000004; 0,7000003; 0,36921322; 0,6613962; 0,9334583; 0,5290538; Idle
HIGH; SELF; MARRIED; 0,6000001; 0,6000001; 0,4000004; 0,65830684; 0,61864614; 0,83962345; 0,4269253; Interact
HIGH; SELF; MARRIED; 0; 0; 1; 0,73069036; 0,44571114; 0,27410424; 0,99467427; Aggressive
HIGH; SELF; MARRIED; 0; 0; 1; 0,9552596; 0,30251086; 0,5298415; 0,48097897; Idle
HIGH; SELF; MARRIED; 0,3; 0,3; 0,7000003; 0,33274645; 0,5064654; 0,27241904; 0,4360327; Aggressive
HIGH; SELF; MARRIED; 0,3166667; 0,3166667; 0,68333364; 0,32628334; 0,41305786; 0,054967582; 0,23443133; Aggressive
HIGH; SELF; MARRIED; 0,31666672; 0,31666672; 0,68333364; 0,6187249; 0,683716; 0,8092066; 0,83477986; Interact
HIGH; SELF; MARRIED; 0; 0; 1; 0,6941818; 0,36975324; 0,9614197; 0,33224165; Idle
HIGH; SELF; MARRIED; 1,1175871E-08; 1,1175871E-08; 1; 0,61829776; 0,14111209; 0,85206455; 0,44002104; Idle
HIGH; SELF; MARRIED; 0; 0; 1; 0,81861174; 0,47834146; 0,33337092; 0,7468785; Idle
HIGH; SELF; MARRIED; 0,6000001; 0,6000001; 0,4000004; 0,12563938; 0,655872; 0,35778707; 0,48872232; Idle
HIGH; SELF; MARRIED; 0,3; 0,3; 0,7000003; 0,9467031; 0,050188243; 0,20211887; 0,052855134; Aggressive
HIGH; SELF; MARRIED; 0; 0; 1; 0,8673414; 0,19157809; 0,89037484; 0,89500904; Idle
HIGH; SELF; MARRIED; 0,30000004; 0,30000004; 0,7000003; 0,6840818; 0,4812141; 0,053439677; 0,66336966; Aggressive
HIGH; SELF; MARRIED; 0; 0; 1; 0,4988764; 0,6169313; 0,19759744; 0,32740074; Aggressive
HIGH; SELF; MARRIED; 0,016666664; 0,016666664; 0,98333335; 0,18032837; 0,45584238; 0,508763; 0,8484949; Idle
HIGH; SELF; MARRIED; 0,016666679; 0,016666679; 0,98333335; 0,038485944; 0,5110299; 0,61548245; 0,8113182; Idle
HIGH; SELF; MARRIED; 0,30000004; 0,30000004; 0,7000003; 0,27540487; 0,33718878; 0,4578042; 0,19367492; PatrolWalk
HIGH; SELF; MARRIED; 0,30000004; 0,30000004; 0,7000003; 0,23529929; 0,4259907; 0,14899594; 0,9404269; Aggressive
HIGH; SELF; MARRIED; 0,30000004; 0,30000004; 0,7000003; 0,9413432; 0,36708915; 0,94642407; 0,98003286; PatrolWalk
HIGH; SELF; MARRIED; 0; 0; 1; 0,49386704; 0,35221732; 0,22109354; 0,7354055; Aggressive
HIGH; SELF; MARRIED; 0,8999998; 0,8999998; 0,10000028; 0,94622177; 0,98952204; 0,46014118; 0,1510545; Interact
HIGH; SELF; MARRIED; 0; 0; 1; 0,57903767; 0,32881993; 0,5770923; 0,7266655; Idle
HIGH; SELF; MARRIED; 0,30000004; 0,30000004; 0,7000003; 0,37993687; 0,9205768; 0,8490103; 0,31330395; PatrolWalk
HIGH; SELF; MARRIED; 1,1175871E-08; 1,1175871E-08; 1; 0,23264414; 0,9592007; 0,57658553; 0,7149834; Idle
HIGH; SELF; MARRIED; 0; 0; 1; 0,17526847; 0,9215378; 0,93206495; 0,60420203; Idle
HIGH; SELF; MARRIED; 0,3166667; 0,3166667; 0,68333364; 0,6019773; 0,6308964; 0,78251594; 0,47825587; Interact
HIGH; SELF; MARRIED; 0,31666672; 0,31666672; 0,68333364; 0,62482446; 0,19362718; 0,52084064; 0,5301077; Interact
HIGH; SELF; MARRIED; 1,1175871E-08; 1,1175871E-08; 1; 0,15357286; 0,6586618; 0,29457003; 0,37892252; Aggressive
HIGH; SELF; MARRIED; 1,1175871E-08; 1,1175871E-08; 1; 0,4411868; 0,95943725; 0,16020817; 0,83230156; Aggressive
HIGH; SELF; MARRIED; 1,1175871E-08; 1,1175871E-08; 1; 0,68632185; 0,79639035; 0,25500858; 0,62419915; Aggressive
HIGH; SELF; MARRIED; 0,6000001; 0,6000001; 0,4000004; 0,40309834; 0,8267878; 0,812056; 0,9694371; Investigation
HIGH; SELF; MARRIED; 0,30000004; 0,30000004; 0,7000003; 0,708929; 0,6710205; 0,5519454; 0,21832621; Idle
HIGH; SELF; MARRIED; 1,1175871E-08; 1,1175871E-08; 1; 0,82655215; 0,35633957; 0,52294415; 0,40852892; Idle
HIGH; SELF; MARRIED; 0,30000004; 0,30000004; 0,7000003; 0,28153998; 0,078439355; 0,28379226; 0,6799495; Aggressive
HIGH; SELF; MARRIED; 0,30000004; 0,30000004; 0,7000003; 0,16440636; 0,2721491; 0,90777016; 0,43062568; Idle
HIGH; SELF; MARRIED; 0,016666664; 0,016666664; 0,98333335; 0,43847203; 0,13754934; 0,5904604; 0,390509; Idle
HIGH; SELF; MARRIED; 0,016666679; 0,016666679; 0,98333335; 0,3682521; 0,064691424; 0,008029401; 0,12953764; Aggressive
HIGH; SELF; MARRIED; 0; 0; 1; 0,9141593; 0,5261498; 0,94516695; 0,26624036; Idle
HIGH; SELF; MARRIED; 0; 0; 1; 0,6525175; 0,868568; 0,672031; 0,2790231; Idle
HIGH; SELF; MARRIED; 0; 0; 1; 0,17182183; 0,92635584; 0,45912713; 0,4491495; Idle
HIGH; SELF; MARRIED; 0,28333333; 0,28333333; 0,71666694; 0,43609768; 0,038428605; 0,35753876; 0,7480351; PatrolWalk
HIGH; SELF; MARRIED; 0,61666673; 0,61666673; 0,3833337; 0,95347303; 0,043165684; 0,46191835; 0,20541728; Interact
HIGH; SELF; MARRIED; 0,31666672; 0,31666672; 0,68333364; 0,3614964; 0,9050833; 0,2645684; 0,62357235; Aggressive
HIGH; SELF; MARRIED; 0; 0; 1; 0,44715142; 0,8488043; 0,99016297; 0,49564517; Idle
HIGH; SELF; MARRIED; 0,61666673; 0,61666673; 0,3833337; 0,7377526; 0,8704263; 0,4829201; 0,42255592; Interact
HIGH; SELF; MARRIED; 0,33333337; 0,33333337; 0,666667; 0,82087034; 0,8078022; 0,5431448; 0,21578997; Interact
HIGH; SELF; MARRIED; 0; 0; 1; 0,05733472; 0,59100455; 0,13169599; 0,7287152; Aggressive
HIGH; SELF; MARRIED; 0,31666672; 0,31666672; 0,68333364; 0,65619856; 0,07497555; 0,30047333; 0,67175865; Interact
HIGH; SELF; MARRIED; 0,31666672; 0,31666672; 0,68333364; 0,27844036; 0,28972214; 0,8102613; 0,8483556; Idle
HIGH; SELF; MARRIED; 0,31666672; 0,31666672; 0,68333364; 0,24327451; 0,43776852; 0,7518647; 0,109995484; PatrolWalk
HIGH; SELF; MARRIED; 0; 0; 1; 0,29190856; 0,640203; 0,82974267; 0,8431391; Idle
HIGH; SELF; MARRIED; 0,3166667; 0,3166667; 0,68333364; 0,27158636; 0,04042262; 0,5327096; 0,19032377; Idle
HIGH; SELF; MARRIED; 0,016666679; 0,016666679; 0,98333335; 0,68293464; 0,7276191; 0,8491484; 0,33576941; Idle
HIGH; SELF; MARRIED; 0,30000004; 0,30000004; 0,7000003; 0,67962056; 0,831848; 0,7384021; 0,086043775; PatrolWalk
HIGH; SELF; MARRIED; 0,3166667; 0,3166667; 0,68333364; 0,98170996; 0,7429361; 0,45561355; 0,8801271; Interact
HIGH; SELF; MARRIED; 0,03333333; 0,03333333; 0,9666667; 0,71030974; 0,7617368; 0,6791122; 0,6445399; Idle
HIGH; SELF; MARRIED; 0; 0; 1; 0,17896646; 0,9879526; 0,19497162; 0,6715733; Aggressive
HIGH; SELF; MARRIED; 0,016666679; 0,016666679; 0,98333335; 0,35688144; 0,06695378; 0,5632072; 0,9193756; Idle
HIGH; SELF; MARRIED; 0,61666673; 0,61666673; 0,3833337; 0,01620549; 0,046498716; 0,4932866; 0,03692943; PatrolWalk
HIGH; SELF; MARRIED; 0,016666679; 0,016666679; 0,98333335; 0,2763825; 0,13362771; 0,157543; 0,4857027; Aggressive
HIGH; SELF; MARRIED; 0,30000004; 0,30000004; 0,7000003; 0,11522442; 0,26824588; 0,83254844; 0,11041564; Idle
HIGH; SELF; MARRIED; 0,61666673; 0,61666673; 0,3833337; 0,34447265; 0,31242323; 0,8616538; 0,8200415; Investigation
HIGH; SELF; MARRIED; 0,31666672; 0,31666672; 0,68333364; 0,9502523; 0,9046085; 0,5349304; 0,15052825; Interact
HIGH; SELF; MARRIED; 1,1175871E-08; 1,1175871E-08; 1; 0,61273134; 0,77497274; 0,94411; 0,35352975; Idle
HIGH; SELF; MARRIED; 0,016666664; 0,016666664; 0,98333335; 0,3525946; 0,40385222; 0,15309125; 0,043815315; Aggressive
HIGH; SELF; MARRIED; 0,33333337; 0,33333337; 0,666667; 0,49824858; 0,5215589; 0,98716044; 0,7316801; PatrolWalk
HIGH; SELF; MARRIED; 0; 0; 1; 0,24264091; 0,9322904; 0,7941995; 0,0103966; Idle
HIGH; SELF; MARRIED; 0,31666672; 0,31666672; 0,68333364; 0,47948533; 0,9918648; 0,05451739; 0,8276191; Aggressive
HIGH; SELF; MARRIED; 0,3166667; 0,3166667; 0,68333364; 0,8274283; 0,25320596; 0,9446466; 0,33265847; Interact
HIGH; SELF; MARRIED; 0; 0; 1; 0,5556322; 0,3008029; 0,61360645; 0,06471348; Idle
HIGH; SELF; MARRIED; 0,6000001; 0,6000001; 0,4000004; 0,088757515; 0,55117077; 0,63888; 0,99471664; Investigation
HIGH; SELF; MARRIED; 0,3166667; 0,3166667; 0,68333364; 0,20369726; 0,75337344; 0,58515126; 0,7610854; PatrolWalk
HIGH; SELF; MARRIED; 0,016666679; 0,016666679; 0,98333335; 0,9127975; 0,5514673; 0,25810558; 0,7510536; Aggressive
HIGH; SELF; MARRIED; 0,30000004; 0,30000004; 0,7000003; 0,8223828; 0,4130959; 0,8542915; 0,6335374; PatrolWalk
HIGH; SELF; MARRIED; 0; 0; 1; 0,74910027; 0,03170246; 0,15661865; 0,48608565; Aggressive
HIGH; SELF; MARRIED; 0,03333333; 0,03333333; 0,9666667; 0,16507989; 0,41712868; 0,33581412; 0,48543984; Idle
HIGH; SELF; MARRIED; 0,30000004; 0,30000004; 0,7000003; 0,37722713; 0,02237171; 0,23103464; 0,21695793; Aggressive
HIGH; SELF; MARRIED; 0,016666679; 0,016666679; 0,98333335; 0,6422935; 0,4247324; 0,075734675; 0,91933805; Aggressive
HIGH; SELF; MARRIED; 0,016666664; 0,016666664; 0,98333335; 0,8448189; 0,26034808; 0,14828658; 0,90045345; Aggressive
HIGH; SELF; MARRIED; 0,30000004; 0,30000004; 0,7000003; 0,41131222; 0,9498034; 0,5537724; 0,055588305; PatrolWalk
HIGH; SELF; MARRIED; 0,3; 0,3; 0,7000003; 0,660353; 0,11562604; 0,42600107; 0,8800212; PatrolWalk
HIGH; SELF; MARRIED; 0,016666664; 0,016666664; 0,98333335; 0,3306089; 0,22869629; 0,6089891; 0,01704812; Idle
HIGH; SELF; MARRIED; 0; 0; 1; 0,30376953; 0,19496185; 0,26773578; 0,10639268; Aggressive
HIGH; SELF; MARRIED; 1,1175871E-08; 1,1175871E-08; 1; 0,2504695; 0,39416903; 0,49155295; 0,05642736; Idle
HIGH; SELF; MARRIED; 0; 0; 1; 0,49840468; 0,21535408; 0,37855905; 0,5060399; Idle
HIGH; SELF; MARRIED; 0,33333337; 0,33333337; 0,666667; 0,45962787; 0,9386764; 0,0716539; 0,27405453; Aggressive
HIGH; SELF; MARRIED; 1,1175871E-08; 1,1175871E-08; 1; 0,5865076; 0,25517696; 0,041350067; 0,58408475; Aggressive
HIGH; SELF; MARRIED; 0; 0; 1; 0,36216682; 0,087973475; 0,36465406; 0,7603462; Idle
HIGH; SELF; MARRIED; 0; 0; 1; 0,89444053; 0,09468573; 0,2551664; 0,61179394; Aggressive
HIGH; SELF; MARRIED; 1,1175871E-08; 1,1175871E-08; 1; 0,8372625; 0,7638089; 0,95500505; 0,8356906; Idle
HIGH; SELF; MARRIED; 0; 0; 1; 0,28869146; 0,31111348; 0,12470025; 0,68279606; Aggressive
HIGH; SELF; MARRIED; 0,3166667; 0,3166667; 0,68333364; 0,5751127; 0,6827862; 0,66380435; 0,49105614; Interact
HIGH; SELF; MARRIED; 0; 0; 1; 0,6475741; 0,6969229; 0,71967447; 0,48852754; Idle
HIGH; SELF; MARRIED; 0,30000004; 0,30000004; 0,7000003; 0,7840928; 0,78572977; 0,43806994; 0,678549; Idle
HIGH; SELF; MARRIED; 0,30000004; 0,30000004; 0,7000003; 0,6918225; 0,34890282; 0,2987343; 0,9687664; Aggressive
HIGH; SELF; MARRIED; 0,03333333; 0,03333333; 0,9666667; 0,26049745; 0,5579948; 0,017301738; 0,7632384; Aggressive
HIGH; SELF; MARRIED; 0; 0; 1; 0,6047619; 0,018730998; 0,5660621; 0,13884604; Idle
HIGH; SELF; MARRIED; 0,30000004; 0,30000004; 0,7000003; 0,5573848; 0,5490666; 0,27088773; 0,026959062; Aggressive
HIGH; SELF; MARRIED; 0; 0; 1; 0,36700094; 0,5422474; 0,06556511; 0,90603834; Aggressive
HIGH; SELF; MARRIED; 0,30000004; 0,30000004; 0,7000003; 0,13729852; 0,031005502; 0,63540804; 0,7901973; PatrolWalk
HIGH; SELF; MARRIED; 0; 0; 1; 0,7940585; 0,1402862; 0,5632036; 0,61971384; Idle
HIGH; SELF; MARRIED; 0,016666664; 0,016666664; 0,98333335; 0,86429095; 0,3309064; 0,72393316; 0,37448382; Idle
HIGH; SELF; MARRIED; 0,30000004; 0,30000004; 0,7000003; 0,9227217; 0,8917713; 0,25214225; 0,37824076; Aggressive
HIGH; SELF; MARRIED; 0,6000001; 0,6000001; 0,4000004; 0,7827806; 0,92537993; 0,09847927; 0,3566478; Interact
HIGH; SELF; MARRIED; 1,1175871E-08; 1,1175871E-08; 1; 0,5395944; 0,16777247; 0,9080992; 0,60144806; Idle
HIGH; SELF; MARRIED; 0; 0; 1; 0,18236339; 0,6016497; 0,65908617; 0,29689872; Idle
HIGH; SELF; MARRIED; 0,30000004; 0,30000004; 0,7000003; 0,70533967; 0,38678193; 0,9678612; 0,9578168; PatrolWalk
HIGH; SELF; MARRIED; 1,1175871E-08; 1,1175871E-08; 1; 0,30259407; 0,4101479; 0,44438004; 0,25079352; Idle
HIGH; SELF; MARRIED; 0; 0; 1; 0,7764341; 0,23787928; 0,8149269; 0,78524184; Idle
HIGH; SELF; MARRIED; 1,1175871E-08; 1,1175871E-08; 1; 0,61760086; 0,25077254; 0,45447236; 0,9007427; Idle
HIGH; SELF; MARRIED; 0,30000004; 0,30000004; 0,7000003; 0,57658666; 0,98997086; 0,83095056; 0,959118; Idle
HIGH; SELF; MARRIED; 0,3166667; 0,3166667; 0,68333364; 0,21431243; 0,8343509; 0,022847295; 0,20729178; Aggressive
HIGH; SELF; MARRIED; 1,1175871E-08; 1,1175871E-08; 1; 0,26185715; 0,14737117; 0,9773007; 0,70534116; Idle
HIGH; SELF; MARRIED; 0,3; 0,3; 0,7000003; 0,85418427; 0,5572315; 0,2180931; 0,14778382; Aggressive
HIGH; SELF; MARRIED; 0,30000004; 0,30000004; 0,7000003; 0,050181508; 0,37481976; 0,47750556; 0,7650725; Idle
HIGH; SELF; MARRIED; 0,30000004; 0,30000004; 0,7000003; 0,9786078; 0,26766723; 0,28561532; 0,028719664; Aggressive
HIGH; SELF; MARRIED; 1,1175871E-08; 1,1175871E-08; 1; 0,5616014; 0,57727325; 0,6148063; 0,16995317; Idle
HIGH; SELF; MARRIED; 0,30000004; 0,30000004; 0,7000003; 0,5626984; 0,7861009; 0,17499489; 0,9121385; Aggressive
HIGH; SELF; MARRIED; 0,30000004; 0,30000004; 0,7000003; 0,2904082; 0,2973615; 0,6663358; 0,05193466; Idle
HIGH; SELF; MARRIED; 0,30000004; 0,30000004; 0,7000003; 0,8359262; 0,9685786; 0,007293582; 0,8473748; Aggressive
HIGH; SELF; MARRIED; 0; 0; 1; 0,5291391; 0,9620922; 0,3745649; 0,56156355; Idle
HIGH; SELF; MARRIED; 0,6000001; 0,6000001; 0,4000004; 0,9231806; 0,9910291; 0,03916365; 0,36160696; Interact
HIGH; SELF; MARRIED; 0,016666664; 0,016666664; 0,98333335; 0,6062846; 0,2559219; 0,97459203; 0,5264291; Idle
HIGH; SELF; MARRIED; 0,30000004; 0,30000004; 0,7000003; 0,46661854; 0,50361115; 0,46509326; 0,5597749; PatrolWalk
HIGH; SELF; MARRIED; 0; 0; 1; 0,24254054; 0,3272587; 0,26164502; 0,68932986; Aggressive
HIGH; SELF; MARRIED; 0,6000001; 0,6000001; 0,4000004; 0,84225553; 0,44718128; 0,40170157; 0,26937264; Interact
HIGH; SELF; MARRIED; 1,1175871E-08; 1,1175871E-08; 1; 0,77115977; 0,8262637; 0,89737195; 0,8083294; Idle
HIGH; SELF; MARRIED; 0,30000004; 0,30000004; 0,7000003; 0,8257978; 0,43550515; 0,65219826; 0,7774002; PatrolWalk
HIGH; SELF; MARRIED; 1,1175871E-08; 1,1175871E-08; 1; 0,4257022; 0,50935084; 0,88345826; 0,23355246; Idle
HIGH; SELF; MARRIED; 0,6000001; 0,6000001; 0,4000004; 0,84782034; 0,8080484; 0,91899014; 0,882643; Investigation
HIGH; SELF; MARRIED; 1,1175871E-08; 1,1175871E-08; 1; 0,06315416; 0,09540677; 0,25634342; 0,9378638; Aggressive
HIGH; SELF; MARRIED; 0,3; 0,3; 0,7000003; 0,9432864; 0,9734721; 0,62586814; 0,38797224; PatrolWalk
HIGH; SELF; MARRIED; 0,3166667; 0,3166667; 0,68333364; 0,4583909; 0,7258025; 0,46612865; 0,53044987; Idle
HIGH; SELF; MARRIED; 1,1175871E-08; 1,1175871E-08; 1; 0,89945436; 0,6121178; 0,2835273; 0,23394328; Aggressive
HIGH; SELF; MARRIED; 0; 0; 1; 0,4479198; 0,76988775; 0,004037738; 0,84975183; Aggressive
HIGH; SELF; MARRIED; 0,3; 0,3; 0,7000003; 0,5998469; 0,36971748; 0,8688711; 0,6798168; Idle
HIGH; SELF; MARRIED; 0,30000004; 0,30000004; 0,7000003; 0,34639585; 0,40080398; 0,838193; 0,9071255; PatrolWalk
HIGH; SELF; MARRIED; 1,1175871E-08; 1,1175871E-08; 1; 0,080224216; 0,06005639; 0,13380206; 0,025351763; Aggressive
HIGH; SELF; MARRIED; 0,30000004; 0,30000004; 0,7000003; 0,41334188; 0,3189867; 0,93726176; 0,28318524; Idle
HIGH; SELF; MARRIED; 0,3; 0,3; 0,7000003; 0,9624922; 0,8539319; 0,15865505; 0,41893262; Aggressive
HIGH; SELF; MARRIED; 0; 0; 1; 0,5041835; 0,3637601; 0,10833335; 0,67007375; Aggressive
HIGH; SELF; MARRIED; 0; 0; 1; 0,55257034; 0,25051558; 0,36744827; 0,64141935; Idle
HIGH; SELF; MARRIED; 0,6333334; 0,6333334; 0,36666703; 0,7582915; 0,8698081; 0,012931526; 0,41752422; Interact
HIGH; SELF; MARRIED; 0; 0; 1; 0,5642052; 0,53614855; 0,6520529; 0,5400453; Idle
HIGH; SELF; MARRIED; 0; 0; 1; 0,23538548; 0,34777474; 0,38620734; 0,11658776; Idle
HIGH; SELF; MARRIED; 0,61666673; 0,61666673; 0,3833337; 0,83512324; 0,3770334; 0,12486273; 0,28827834; Interact
HIGH; SELF; MARRIED; 0; 0; 1; 0,43168592; 0,14996481; 0,81471604; 0,46038067; Idle
HIGH; SELF; MARRIED; 0; 0; 1; 0,5269352; 0,9085335; 0,5599112; 0,11567181; Idle
HIGH; SELF; MARRIED; 0,61666673; 0,61666673; 0,3833337; 0,5548539; 0,73429394; 0,41627586; 0,57828766; Interact
HIGH; SELF; MARRIED; 0; 0; 1; 0,8798621; 0,9797751; 0,40385067; 0,3285752; Idle
HIGH; SELF; MARRIED; 0; 0; 1; 0,49877065; 0,055490434; 0,5959744; 0,6128165; Idle
HIGH; SELF; MARRIED; 0,30000004; 0,30000004; 0,7000003; 0,9028612; 0,35702968; 0,68496233; 0,07145238; Idle
HIGH; SELF; MARRIED; 0,33333337; 0,33333337; 0,666667; 0,7957733; 0,41499513; 0,81613797; 0,5433356; Interact
HIGH; SELF; MARRIED; 0,30000004; 0,30000004; 0,7000003; 0,8389322; 0,9693436; 0,5923089; 0,9133016; PatrolWalk
HIGH; SELF; MARRIED; 0,30000004; 0,30000004; 0,7000003; 0,9863953; 0,05854553; 0,43964136; 0,8917222; PatrolWalk
HIGH; SELF; MARRIED; 0,3166667; 0,3166667; 0,68333364; 0,34664237; 0,9942825; 0,73707885; 0,8327696; Idle
HIGH; SELF; MARRIED; 0,30000004; 0,30000004; 0,7000003; 0,53820777; 0,8818242; 0,4817561; 0,3075499; PatrolWalk
HIGH; SELF; MARRIED; 0,30000004; 0,30000004; 0,7000003; 0,15773058; 0,6465045; 0,033206582; 0,9351742; Aggressive
HIGH; SELF; MARRIED; 0,3166667; 0,3166667; 0,68333364; 0,44101924; 0,2221592; 0,7309688; 0,5245072; PatrolWalk
HIGH; SELF; MARRIED; 0,30000004; 0,30000004; 0,7000003; 0,33165127; 0,07417154; 0,35468668; 0,6965816; Idle
HIGH; SELF; MARRIED; 0,30000004; 0,30000004; 0,7000003; 0,5466307; 0,2805336; 0,098934054; 0,022417128; Aggressive
HIGH; SELF; MARRIED; 0,6000001; 0,6000001; 0,4000004; 0,27020854; 0,8361861; 0,08219975; 0,9116498; Investigation
HIGH; SELF; MARRIED; 0,03333333; 0,03333333; 0,9666667; 0,2183432; 0,62326235; 0,4882064; 0,6573544; Idle
HIGH; SELF; MARRIED; 1,1175871E-08; 1,1175871E-08; 1; 0,039874017; 0,22745574; 0,9108103; 0,39191025; Idle
HIGH; SELF; MARRIED; 1,1175871E-08; 1,1175871E-08; 1; 0,103530884; 0,057142854; 0,099257946; 0,78112656; Aggressive
HIGH; SELF; MARRIED; 0,61666673; 0,61666673; 0,3833337; 0,56026447; 0,2455939; 0,9451072; 0,93761545; Investigation
HIGH; SELF; MARRIED; 1,1175871E-08; 1,1175871E-08; 1; 0,34481013; 0,42985123; 0,14953494; 0,7862862; Aggressive
HIGH; SELF; MARRIED; 1,1175871E-08; 1,1175871E-08; 1; 0,11269534; 0,23598725; 0,32120228; 0,69566226; Idle
HIGH; SELF; MARRIED; 0,016666664; 0,016666664; 0,98333335; 0,9550793; 0,9648398; 0,24975163; 0,37412375; Aggressive
HIGH; SELF; MARRIED; 0,6000001; 0,6000001; 0,4000004; 0,12038535; 0,42506588; 0,84290284; 0,27393675; PatrolWalk
HIGH; SELF; MARRIED; 1,1175871E-08; 1,1175871E-08; 1; 0,6826676; 0,28327817; 0,26669443; 0,5851651; Aggressive
HIGH; SELF; MARRIED; 0,3; 0,3; 0,7000003; 0,9119563; 0,882111; 0,538157; 0,54696095; PatrolWalk
HIGH; SELF; MARRIED; 0,33333337; 0,33333337; 0,666667; 0,61430764; 0,34418464; 0,12381357; 0,35233122; Interact
HIGH; SELF; MARRIED; 0,30000004; 0,30000004; 0,7000003; 0,2734639; 0,30234414; 0,20735204; 0,32110333; Aggressive
HIGH; SELF; MARRIED; 0; 0; 1; 0,04171133; 0,9006172; 0,2531584; 0,63618433; Aggressive
HIGH; SELF; MARRIED; 0,3166667; 0,3166667; 0,68333364; 0,9776938; 0,17480087; 0,63272625; 0,2762615; Interact
HIGH; SELF; MARRIED; 0; 0; 1; 0,9866944; 0,96086884; 0,12728399; 0,97878176; Aggressive
HIGH; SELF; MARRIED; 0,30000004; 0,30000004; 0,7000003; 0,80715585; 0,5640912; 0,098891675; 0,37974536; Aggressive
HIGH; SELF; MARRIED; 0; 0; 1; 0,9194671; 0,027480185; 0,53126127; 0,3851338; Idle
HIGH; SELF; MARRIED; 0,3; 0,3; 0,7000003; 0,14420843; 0,9497005; 0,82356596; 0,020745039; PatrolWalk
HIGH; SELF; MARRIED; 0; 0; 1; 0,24937302; 0,2475245; 0,5676944; 0,9646866; Idle
HIGH; SELF; MARRIED; 0; 0; 1; 0,3300532; 0,9192755; 0,5775471; 0,75618833; Idle
HIGH; SELF; MARRIED; 0,03333333; 0,03333333; 0,9666667; 0,17577487; 0,7860643; 0,35439527; 0,12851429; Idle
HIGH; SELF; MARRIED; 1,1175871E-08; 1,1175871E-08; 1; 0,9325428; 0,26030344; 0,14827281; 0,29776406; Aggressive
HIGH; SELF; MARRIED; 0; 0; 1; 0,584972; 0,2376247; 0,6112897; 0,3260411; Idle
HIGH; SELF; MARRIED; 0,016666664; 0,016666664; 0,98333335; 0,1136263; 0,23390818; 0,16572374; 0,60278; Aggressive
HIGH; SELF; MARRIED; 0; 0; 1; 0,78152764; 0,6750254; 0,42794877; 0,8656703; Idle
HIGH; SELF; MARRIED; 1,1175871E-08; 1,1175871E-08; 1; 0,75243866; 0,55236286; 0,084284306; 0,9979112; Aggressive
HIGH; SELF; MARRIED; 0,30000004; 0,30000004; 0,7000003; 0,055594504; 0,6670043; 0,08340889; 0,4460762; Aggressive
HIGH; SELF; MARRIED; 0; 0; 1; 0,7607496; 0,868758; 0,9782625; 0,48764777; Idle
HIGH; SELF; MARRIED; 0,30000004; 0,30000004; 0,7000003; 0,6008643; 0,6728747; 0,4398902; 0,32600892; PatrolWalk
HIGH; SELF; MARRIED; 0,30000004; 0,30000004; 0,7000003; 0,035228193; 0,97273713; 0,68195844; 0,06366372; Idle
HIGH; SELF; MARRIED; 0,33333337; 0,33333337; 0,666667; 0,7500885; 0,1870684; 0,88668054; 0,34851736; Interact
HIGH; SELF; MARRIED; 0; 0; 1; 0,26833296; 0,5497628; 0,5045801; 0,12412703; Idle
HIGH; SELF; MARRIED; 0,30000004; 0,30000004; 0,7000003; 0,8585944; 0,5252146; 0,7968525; 0,9120509; PatrolWalk
HIGH; SELF; MARRIED; 0; 0; 1; 0,03368056; 0,25285476; 0,6721189; 0,8272395; Idle
HIGH; SELF; MARRIED; 0,30000004; 0,30000004; 0,7000003; 0,9916548; 0,28613192; 0,46205837; 0,089791; Idle
HIGH; SELF; MARRIED; 0; 0; 1; 0,5127016; 0,14677912; 0,21332043; 0,004624009; Aggressive
HIGH; SELF; MARRIED; 1,1175871E-08; 1,1175871E-08; 1; 0,0747323; 0,6883818; 0,9505852; 0,8754659; Idle
HIGH; SELF; MARRIED; 0,30000004; 0,30000004; 0,7000003; 0,71154374; 0,48243546; 0,589339; 0,566537; PatrolWalk
HIGH; SELF; MARRIED; 1,1175871E-08; 1,1175871E-08; 1; 0,68555206; 0,58277106; 0,9166213; 0,6709229; Idle
HIGH; SELF; MARRIED; 0,6000001; 0,6000001; 0,4000004; 0,065259516; 0,2901286; 0,78812796; 0,12438029; PatrolWalk
HIGH; SELF; MARRIED; 0,03333333; 0,03333333; 0,9666667; 0,51157403; 0,5669991; 0,1622693; 0,7040321; Aggressive
HIGH; SELF; MARRIED; 0,30000004; 0,30000004; 0,7000003; 0,62241155; 0,02564609; 0,5187911; 0,492283; Idle
HIGH; SELF; MARRIED; 1,1175871E-08; 1,1175871E-08; 1; 0,038832128; 0,5290273; 0,93243945; 0,37395447; Idle
HIGH; SELF; MARRIED; 0,30000004; 0,30000004; 0,7000003; 0,9396717; 0,8410649; 0,45373285; 0,30423516; Idle
HIGH; SELF; MARRIED; 0,6000001; 0,6000001; 0,4000004; 0,87953293; 0,7021749; 0,08672398; 0,6097051; Investigation
HIGH; SELF; MARRIED; 0; 0; 1; 0,69098234; 0,038013577; 0,87707335; 0,6735363; Idle
HIGH; SELF; MARRIED; 0,30000004; 0,30000004; 0,7000003; 0,32540393; 0,20308572; 0,26652664; 0,82487506; Aggressive
HIGH; SELF; MARRIED; 1,1175871E-08; 1,1175871E-08; 1; 0,52698046; 0,29727113; 0,8512653; 0,20577562; Idle
HIGH; SELF; MARRIED; 0,30000004; 0,30000004; 0,7000003; 0,04525894; 0,82381445; 0,35832006; 0,34126794; PatrolWalk
HIGH; SELF; MARRIED; 0,3; 0,3; 0,7000003; 0,8083208; 0,57096624; 0,009571195; 0,7012924; Aggressive
HIGH; SELF; MARRIED; 0; 0; 1; 0,3956468; 0,78708667; 0,6533997; 0,27106583; Idle
HIGH; SELF; MARRIED; 0,6000001; 0,6000001; 0,4000004; 0,2532897; 0,42628545; 0,51204646; 0,23890954; PatrolWalk
HIGH; SELF; MARRIED; 0,30000004; 0,30000004; 0,7000003; 0,13413876; 0,22997528; 0,096306086; 0,0335263; Aggressive
HIGH; SELF; MARRIED; 0,6000001; 0,6000001; 0,4000004; 0,73883194; 0,49878412; 0,57649016; 0,9634059; Investigation
HIGH; SELF; MARRIED; 0,3; 0,3; 0,7000003; 0,23702133; 0,028564632; 0,12004626; 0,58374935; Aggressive
HIGH; SELF; MARRIED; 0,30000004; 0,30000004; 0,7000003; 0,39806247; 0,9520161; 0,09479326; 0,41966528; Aggressive
HIGH; SELF; MARRIED; 1,1175871E-08; 1,1175871E-08; 1; 0,35038412; 0,59429026; 0,117417276; 0,51558596; Aggressive
HIGH; SELF; MARRIED; 0,30000004; 0,30000004; 0,7000003; 0,62360823; 0,47518396; 0,19963592; 0,78762156; Aggressive
HIGH; SELF; MARRIED; 1,1175871E-08; 1,1175871E-08; 1; 0,4383996; 0,9537108; 0,7179162; 0,54234767; Idle
HIGH; SELF; MARRIED; 1; 1; 0; 0,23391098; 0,15658265; 0,99542254; 0,9384332; Investigation
HIGH; SELF; MARRIED; 0; 0; 1; 0,2174784; 0,066302955; 0,9420254; 0,8890798; Idle
HIGH; SELF; MARRIED; 0,30000004; 0,30000004; 0,7000003; 0,6775179; 0,49347407; 0,04547572; 0,8644036; Aggressive
HIGH; SELF; MARRIED; 0,3; 0,3; 0,7000003; 0,35343212; 0,33515912; 0,18886548; 0,34886885; Aggressive
HIGH; SELF; MARRIED; 1,1175871E-08; 1,1175871E-08; 1; 0,6609539; 0,17934233; 0,4471587; 0,52840436; Idle
HIGH; SELF; MARRIED; 0,3; 0,3; 0,7000003; 0,031399608; 0,31712425; 0,23879987; 0,5659489; Aggressive
HIGH; SELF; MARRIED; 0; 0; 1; 0,06822866; 0,27854174; 0,31538105; 0,48276186; Idle
HIGH; SELF; MARRIED; 1,1175871E-08; 1,1175871E-08; 1; 0,235376; 0,88753134; 0,7404131; 0,81019586; Idle
HIGH; SELF; MARRIED; 0; 0; 1; 0,06510526; 0,6752396; 0,66704226; 0,9118517; Idle
HIGH; SELF; MARRIED; 1,1175871E-08; 1,1175871E-08; 1; 0,47780395; 0,6022551; 0,52664864; 0,5218924; Idle
HIGH; SELF; MARRIED; 0,30000004; 0,30000004; 0,7000003; 0,8157554; 0,74873626; 0,73093843; 0,98084795; PatrolWalk
HIGH; SELF; MARRIED; 0,30000004; 0,30000004; 0,7000003; 0,620076; 0,90336114; 0,6349109; 0,00891006; PatrolWalk
HIGH; SELF; MARRIED; 1,1175871E-08; 1,1175871E-08; 1; 0,94166046; 0,22515237; 0,60397947; 0,07714826; Idle
HIGH; SELF; MARRIED; 0; 0; 1; 0,55987155; 0,18108279; 0,8683369; 0,07040256; Idle
HIGH; SELF; MARRIED; 0,30000004; 0,30000004; 0,7000003; 0,65140486; 0,38695866; 0,7047715; 0,12077135; Idle
HIGH; SELF; MARRIED; 0; 0; 1; 0,9989736; 0,18451762; 0,66042167; 0,38397187; Idle
HIGH; SELF; MARRIED; 0,30000004; 0,30000004; 0,7000003; 0,9130471; 0,33772224; 0,90366924; 0,21534294; PatrolWalk
HIGH; SELF; MARRIED; 0,30000004; 0,30000004; 0,7000003; 0,69135904; 0,08856481; 0,92822045; 0,46716225; Idle
HIGH; SELF; MARRIED; 0,30000004; 0,30000004; 0,7000003; 0,88527066; 0,65778184; 0,07243049; 0,44433403; Aggressive
HIGH; SELF; MARRIED; 0,30000004; 0,30000004; 0,7000003; 0,10355717; 0,17805958; 0,81832606; 0,33878797; PatrolWalk
HIGH; SELF; MARRIED; 1,1175871E-08; 1,1175871E-08; 1; 0,10390133; 0,6761305; 0,92665905; 0,57941234; Idle
HIGH; SELF; MARRIED; 0; 0; 1; 0,512325; 0,46263403; 0,50125974; 0,40635234; Idle
HIGH; SELF; MARRIED; 0,31666672; 0,31666672; 0,68333364; 0,9411768; 0,858454; 0,5960976; 0,8888603; Interact
HIGH; SELF; MARRIED; 0,31666672; 0,31666672; 0,68333364; 0,11141151; 0,5424407; 0,26751095; 0,41122133; Aggressive
HIGH; SELF; MARRIED; 0,61666673; 0,61666673; 0,3833337; 0,439516; 0,05708891; 0,5633074; 0,9813897; Investigation
HIGH; SELF; MARRIED; 0,31666672; 0,31666672; 0,68333364; 0,90445536; 0,9246201; 0,9192214; 0,667446; Interact
HIGH; SELF; MARRIED; 0; 0; 1; 0,26540357; 0,17911547; 0,16165513; 0,62616116; Aggressive
HIGH; SELF; MARRIED; 0,61666673; 0,61666673; 0,3833337; 0,95219433; 0,71554375; 0,6220508; 0,8210603; Investigation
HIGH; SELF; MARRIED; 0; 0; 1; 0,81718796; 0,11343247; 0,31757903; 0,084168136; Idle
HIGH; SELF; MARRIED; 0; 0; 1; 0,26322508; 0,49060476; 0,9715052; 0,33924347; Idle
HIGH; SELF; MARRIED; 0,31666672; 0,31666672; 0,68333364; 0,8376643; 0,98673874; 0,27419007; 0,76752865; Interact
HIGH; SELF; MARRIED; 0,30000004; 0,30000004; 0,7000003; 0,05058998; 0,9228042; 0,75977486; 0,8877165; Idle
HIGH; SELF; MARRIED; 0,016666679; 0,016666679; 0,98333335; 0,14735228; 0,03707415; 0,030338526; 0,01392889; Aggressive
HIGH; SELF; MARRIED; 0,016666679; 0,016666679; 0,98333335; 0,67664284; 0,5685881; 0,16744351; 0,73906446; Aggressive
HIGH; SELF; MARRIED; 0,3166667; 0,3166667; 0,68333364; 0,49700963; 0,061591983; 0,71620494; 0,7985826; Idle
HIGH; SELF; MARRIED; 0,016666679; 0,016666679; 0,98333335; 0,06438869; 0,12894917; 0,81753194; 0,7990472; Idle
HIGH; SELF; MARRIED; 0; 0; 1; 0,31140542; 0,7769547; 0,13663; 0,09475511; Aggressive
HIGH; SELF; MARRIED; 0,3166667; 0,3166667; 0,68333364; 0,779525; 0,27650946; 0,92643183; 0,85184574; Interact
HIGH; SELF; MARRIED; 0,30000004; 0,30000004; 0,7000003; 0,949869; 0,029869258; 0,84718573; 0,1873923; PatrolWalk
HIGH; SELF; MARRIED; 0,30000004; 0,30000004; 0,7000003; 0,37960708; 0,1181255; 0,35327917; 0,21966851; PatrolWalk
HIGH; SELF; MARRIED; 0,016666679; 0,016666679; 0,98333335; 0,18244106; 0,16753483; 0,25822628; 0,0070240498; Aggressive
HIGH; SELF; MARRIED; 0,6000001; 0,6000001; 0,4000004; 0,42238164; 0,8037234; 0,30597562; 0,45997614; PatrolWalk
HIGH; SELF; MARRIED; 0; 0; 1; 0,5264586; 0,4360041; 0,3642702; 0,31730264; Idle
HIGH; SELF; MARRIED; 0; 0; 1; 0,960709; 0,5011262; 0,5602985; 0,440655; Idle
HIGH; SELF; MARRIED; 0,61666673; 0,61666673; 0,3833337; 0,45942962; 0,62463194; 0,63797545; 0,70705724; Investigation
HIGH; SELF; MARRIED; 0,31666672; 0,31666672; 0,68333364; 0,7683127; 0,027052581; 0,4154696; 0,3321963; Interact
HIGH; SELF; MARRIED; 0; 0; 1; 0,9879406; 0,27968138; 0,04832971; 0,5160789; Aggressive
HIGH; SELF; MARRIED; 0,016666664; 0,016666664; 0,98333335; 0,28759426; 0,7609633; 0,09935528; 0,012766421; Aggressive
HIGH; SELF; MARRIED; 1,1175871E-08; 1,1175871E-08; 1; 0,49897468; 0,18825668; 0,96469223; 0,55362535; Idle
HIGH; SELF; MARRIED; 1,1175871E-08; 1,1175871E-08; 1; 0,055969775; 0,62261575; 0,8937565; 0,91799736; Idle
HIGH; SELF; MARRIED; 0; 0; 1; 0,62380284; 0,8497309; 0,7747902; 0,20160282; Idle
HIGH; SELF; MARRIED; 0,3; 0,3; 0,7000003; 0,76844805; 0,5874947; 0,98719907; 0,36448163; Idle
HIGH; SELF; MARRIED; 0,30000004; 0,30000004; 0,7000003; 0,43772507; 0,84055847; 0,9398067; 0,617992; PatrolWalk
HIGH; SELF; MARRIED; 0,30000004; 0,30000004; 0,7000003; 0,79403466; 0,7961739; 0,06299746; 0,7798776; Aggressive
HIGH; SELF; MARRIED; 0,3166667; 0,3166667; 0,68333364; 0,9822704; 0,40941745; 0,40787226; 0,28599662; Interact
HIGH; SELF; MARRIED; 0,016666679; 0,016666679; 0,98333335; 0,8127909; 0,23017752; 0,5860277; 0,78607017; Idle
HIGH; SELF; MARRIED; 0; 0; 1; 0,864948; 0,8837508; 0,3035723; 0,69764596; Idle
HIGH; SELF; MARRIED; 0; 0; 1; 0,17490649; 0,53253746; 0,9501249; 0,11638278; Idle
HIGH; SELF; MARRIED; 0,30000004; 0,30000004; 0,7000003; 0,01955986; 0,8971482; 0,49447894; 0,54634374; Idle
HIGH; SELF; MARRIED; 0,30000004; 0,30000004; 0,7000003; 0,02465278; 0,120674014; 0,7436735; 0,4279101; Idle
HIGH; SELF; MARRIED; 0,30000004; 0,30000004; 0,7000003; 0,013243914; 0,46771973; 0,42514813; 0,0051925182; PatrolWalk
HIGH; SELF; MARRIED; 0,6000001; 0,6000001; 0,4000004; 0,44385558; 0,47746086; 0,3146965; 0,9041473; Investigation
HIGH; SELF; MARRIED; 1,1175871E-08; 1,1175871E-08; 1; 0,5107724; 0,9700844; 0,4506827; 0,11596483; Idle
HIGH; SELF; MARRIED; 1,1175871E-08; 1,1175871E-08; 1; 0,6737764; 0,07998896; 0,45574814; 0,5061318; Idle
HIGH; SELF; MARRIED; 0,016666664; 0,016666664; 0,98333335; 0,29190904; 0,5274988; 0,4189992; 0,8128532; Idle
HIGH; SELF; MARRIED; 0,31666672; 0,31666672; 0,68333364; 0,8790069; 0,40537822; 0,34115493; 0,8997439; Interact
HIGH; SELF; MARRIED; 0,30000004; 0,30000004; 0,7000003; 0,97428596; 0,32940072; 0,76662415; 0,97105694; PatrolWalk
HIGH; SELF; MARRIED; 0,30000004; 0,30000004; 0,7000003; 0,0063501; 0,9953688; 0,6150063; 0,41179335; PatrolWalk
HIGH; SELF; MARRIED; 0,6000001; 0,6000001; 0,4000004; 0,8525483; 0,004080415; 0,20922047; 0,55018765; Interact
HIGH; SELF; MARRIED; 0,6000001; 0,6000001; 0,4000004; 0,2384643; 0,37575358; 0,7672406; 0,9234495; Investigation
HIGH; SELF; MARRIED; 1,1175871E-08; 1,1175871E-08; 1; 0,18928856; 0,5463108; 0,16078973; 0,3593948; Aggressive
HIGH; SELF; MARRIED; 0,3; 0,3; 0,7000003; 0,9812183; 0,10022259; 0,18628728; 0,78669643; Aggressive
HIGH; SELF; MARRIED; 0,30000004; 0,30000004; 0,7000003; 0,29289973; 0,36271054; 0,42245877; 0,07282925; PatrolWalk
HIGH; SELF; MARRIED; 0,30000004; 0,30000004; 0,7000003; 0,9538021; 0,7532737; 0,7114718; 0,3748598; PatrolWalk
HIGH; SELF; MARRIED; 0,3166667; 0,3166667; 0,68333364; 0,9040276; 0,5523516; 0,1868043; 0,640245; Interact
HIGH; SELF; MARRIED; 0,016666679; 0,016666679; 0,98333335; 0,95809716; 0,20882124; 0,5854015; 0,81877786; Idle
HIGH; SELF; MARRIED; 1,1175871E-08; 1,1175871E-08; 1; 0,7702238; 0,8983986; 0,085368216; 0,41115034; Aggressive
HIGH; SELF; MARRIED; 1,1175871E-08; 1,1175871E-08; 1; 0,55589396; 0,53313434; 0,67364246; 0,84696734; Idle
HIGH; SELF; MARRIED; 0,3; 0,3; 0,7000003; 0,6261724; 0,62889516; 0,72405636; 0,56864476; PatrolWalk
HIGH; SELF; MARRIED; 0,3; 0,3; 0,7000003; 0,08954507; 0,22498757; 0,07796985; 0,9338907; Aggressive
HIGH; SELF; MARRIED; 0; 0; 1; 0,3474589; 0,77763844; 0,47638106; 0,024680078; Idle
HIGH; SELF; MARRIED; 0; 0; 1; 0,55690134; 0,4761781; 0,23276031; 0,1345917; Aggressive
HIGH; SELF; MARRIED; 1,1175871E-08; 1,1175871E-08; 1; 0,05035186; 0,0028497577; 0,5925581; 0,17097932; Idle
HIGH; SELF; MARRIED; 1,1175871E-08; 1,1175871E-08; 1; 0,4757598; 0,29299587; 0,2519101; 0,14993894; Aggressive
HIGH; SELF; MARRIED; 0,016666664; 0,016666664; 0,98333335; 0,019978404; 0,6052052; 0,39520937; 0,45246923; Idle
HIGH; SELF; MARRIED; 0,31666672; 0,31666672; 0,68333364; 0,60082114; 0,7420248; 0,60657036; 0,24987233; Interact
HIGH; SELF; MARRIED; 0; 0; 1; 0,51610523; 0,01871854; 0,11617839; 0,49437767; Aggressive
HIGH; SELF; MARRIED; 0,30000004; 0,30000004; 0,7000003; 0,9861824; 0,31076646; 0,34036136; 0,2768607; Idle
HIGH; SELF; MARRIED; 0; 0; 1; 0,9570057; 0,90672094; 0,61066204; 0,8769106; Idle
HIGH; SELF; MARRIED; 0; 0; 1; 0,9293759; 0,433093; 0,9802377; 0,61684376; Idle
HIGH; SELF; MARRIED; 0,30000004; 0,30000004; 0,7000003; 0,6628503; 0,4532658; 0,6150286; 0,98028845; PatrolWalk
HIGH; SELF; MARRIED; 0; 0; 1; 0,33062613; 0,24542922; 0,8801663; 0,39172775; Idle
HIGH; SELF; MARRIED; 0,30000004; 0,30000004; 0,7000003; 0,096082985; 0,40451568; 0,1843791; 0,76230896; Aggressive
HIGH; SELF; MARRIED; 0; 0; 1; 0,4209699; 0,93325895; 0,07372856; 0,16232818; Aggressive
HIGH; SELF; MARRIED; 0,3166667; 0,3166667; 0,68333364; 0,17923379; 0,57173556; 0,4502986; 0,45117903; PatrolWalk
HIGH; SELF; MARRIED; 0,016666679; 0,016666679; 0,98333335; 0,6224858; 0,7829751; 0,98972696; 0,80465704; Idle
HIGH; SELF; MARRIED; 0; 0; 1; 0,24543059; 0,030456722; 0,7239715; 0,8473617; Idle
HIGH; SELF; MARRIED; 0,6000001; 0,6000001; 0,4000004; 0,87646806; 0,9102333; 0,39869016; 0,4064455; Interact
HIGH; SELF; MARRIED; 0,30000004; 0,30000004; 0,7000003; 0,84919894; 0,005075693; 0,2900647; 0,31982988; Aggressive
HIGH; SELF; MARRIED; 0,30000004; 0,30000004; 0,7000003; 0,25926143; 0,99905956; 0,35558242; 0,34996706; Idle
HIGH; SELF; MARRIED; 1,1175871E-08; 1,1175871E-08; 1; 0,52985036; 0,8406331; 0,8979408; 0,22761732; Idle
HIGH; SELF; MARRIED; 0; 0; 1; 0,2741983; 0,65633893; 0,17235804; 0,37715065; Aggressive
HIGH; SELF; MARRIED; 0,30000004; 0,30000004; 0,7000003; 0,36770386; 0,32556897; 0,28780907; 0,010848999; Aggressive
HIGH; SELF; MARRIED; 1,1175871E-08; 1,1175871E-08; 1; 0,60400236; 0,06589615; 0,51369697; 0,42802995; Idle
HIGH; SELF; MARRIED; 0; 0; 1; 0,9576401; 0,06152165; 0,6402228; 0,3233016; Idle
HIGH; SELF; MARRIED; 0,016666664; 0,016666664; 0,98333335; 0,8688138; 0,8712244; 0,09005684; 0,16331387; Aggressive
HIGH; SELF; MARRIED; 0,31666672; 0,31666672; 0,68333364; 0,2008909; 0,782813; 0,56950927; 0,9771579; PatrolWalk
HIGH; SELF; MARRIED; 0,30000004; 0,30000004; 0,7000003; 0,5899662; 0,053227067; 0,32647526; 0,6486209; Idle
HIGH; SELF; MARRIED; 0,3; 0,3; 0,7000003; 0,34122062; 0,79880965; 0,34694546; 0,25721902; Idle
HIGH; SELF; MARRIED; 1,1175871E-08; 1,1175871E-08; 1; 0,43838197; 0,8054858; 0,41371566; 0,108064055; Idle
HIGH; SELF; MARRIED; 0,6000001; 0,6000001; 0,4000004; 0,33795798; 0,25899398; 0,68726885; 0,34175628; Idle
HIGH; SELF; MARRIED; 0,30000004; 0,30000004; 0,7000003; 0,5659445; 0,91849756; 0,8974066; 0,34203732; PatrolWalk
HIGH; SELF; MARRIED; 1,1175871E-08; 1,1175871E-08; 1; 0,091457844; 0,70380336; 0,71770793; 0,7978708; Idle
HIGH; SELF; MARRIED; 0,30000004; 0,30000004; 0,7000003; 0,4051667; 0,21560293; 0,68268627; 0,06772852; PatrolWalk
HIGH; SELF; MARRIED; 0,30000004; 0,30000004; 0,7000003; 0,194794; 0,4850992; 0,1828059; 0,4915083; Aggressive
HIGH; SELF; MARRIED; 0; 0; 1; 0,0104907155; 0,82809657; 0,91497535; 0,5542163; Idle
HIGH; SELF; MARRIED; 0,016666679; 0,016666679; 0,98333335; 0,04926145; 0,4689166; 0,09104103; 0,32712215; Aggressive
HIGH; SELF; MARRIED; 0,6000001; 0,6000001; 0,4000004; 0,2779867; 0,04871595; 0,96423376; 0,415514; PatrolWalk
HIGH; SELF; MARRIED; 0,6000001; 0,6000001; 0,4000004; 0,605575; 0,45216894; 0,8297815; 0,37449586; Interact
HIGH; SELF; MARRIED; 0,30000004; 0,30000004; 0,7000003; 0,92367435; 0,1285119; 0,7373878; 0,06771016; Idle
HIGH; SELF; MARRIED; 0,8999998; 0,8999998; 0,10000028; 0,5940104; 0,8214108; 0,10268873; 0,60222006; Investigation
HIGH; SELF; MARRIED; 1,1175871E-08; 1,1175871E-08; 1; 0,008690298; 0,7657733; 0,9566171; 0,6025497; Idle
HIGH; SELF; MARRIED; 0,31666672; 0,31666672; 0,68333364; 0,9849557; 0,91322464; 0,49004364; 0,7909378; Interact
HIGH; SELF; MARRIED; 0; 0; 1; 0,5264779; 0,12375653; 0,28745794; 0,006449163; Aggressive
HIGH; SELF; MARRIED; 0; 0; 1; 0,69129986; 0,14276624; 0,44299513; 0,37505215; Idle
HIGH; SELF; MARRIED; 0,31666672; 0,31666672; 0,68333364; 0,6194103; 0,4182614; 0,9793223; 0,9021925; Interact
HIGH; SELF; MARRIED; 0; 0; 1; 0,8607572; 0,55579704; 0,050510764; 0,26053715; Aggressive
HIGH; SELF; MARRIED; 0,28333333; 0,28333333; 0,71666694; 0,34719306; 0,081631124; 0,2167933; 0,6247674; Aggressive
HIGH; SELF; MARRIED; 0,28333333; 0,28333333; 0,71666694; 0,24515498; 0,026090026; 0,6526553; 0,53187895; Idle
HIGH; SELF; MARRIED; 0,61666673; 0,61666673; 0,3833337; 0,11160165; 0,30537033; 0,24049932; 0,70445865; Investigation
HIGH; SELF; MARRIED; 0,58333343; 0,58333343; 0,41666707; 0,37832195; 0,077243626; 0,9835122; 0,15423262; Idle
HIGH; SELF; MARRIED; 0,31666672; 0,31666672; 0,68333364; 0,7987761; 0,8555223; 0,80313855; 0,42967945; Interact
HIGH; SELF; MARRIED; 0,016666679; 0,016666679; 0,98333335; 0,98750085; 0,7028636; 0,21344262; 0,839604; Aggressive
HIGH; SELF; MARRIED; 0; 0; 1; 0,28716648; 0,15978974; 0,46252334; 0,6203188; Idle
HIGH; SELF; MARRIED; 0,30000004; 0,30000004; 0,7000003; 0,67309725; 0,36831445; 0,15163714; 0,035765648; Aggressive
HIGH; SELF; MARRIED; 0,016666679; 0,016666679; 0,98333335; 0,5226092; 0,29214036; 0,18328172; 0,3010314; Aggressive
HIGH; SELF; MARRIED; 0; 0; 1; 0,36651808; 0,91305494; 0,22051913; 0,51273227; Aggressive
HIGH; SELF; MARRIED; 0; 0; 1; 0,9830283; 0,7560294; 0,7322838; 0,5848311; Idle
HIGH; SELF; MARRIED; 0,58333343; 0,58333343; 0,41666707; 0,62122995; 0,34753627; 0,6852958; 0,47634357; Interact
HIGH; SELF; MARRIED; 0,3166667; 0,3166667; 0,68333364; 0,31430727; 0,63256663; 0,73083204; 0,43241984; Idle
HIGH; SELF; MARRIED; 0,88333315; 0,88333315; 0,11666694; 0,25497818; 0,9697543; 0,010157943; 0,4040972; Idle
HIGH; SELF; MARRIED; 0,016666679; 0,016666679; 0,98333335; 0,16283983; 0,5528375; 0,9045731; 0,8831601; Idle
HIGH; SELF; MARRIED; 0; 0; 1; 0,9397763; 0,9977398; 0,83420354; 0,9421445; Idle
HIGH; SELF; MARRIED; 0,30000004; 0,30000004; 0,7000003; 0,51243067; 0,54212326; 0,6265933; 0,60903496; PatrolWalk
HIGH; SELF; MARRIED; 1,1175871E-08; 1,1175871E-08; 1; 0,56480056; 0,37021488; 0,7192759; 0,67679065; Idle
HIGH; SELF; MARRIED; 0; 0; 1; 0,44454652; 0,6998375; 0,9210958; 0,4682961; Idle
HIGH; SELF; MARRIED; 0; 0; 1; 0,5208731; 0,63503945; 0,5347362; 0,08874017; Idle
HIGH; SELF; MARRIED; 0,30000004; 0,30000004; 0,7000003; 0,45139372; 0,496732; 0,8376331; 0,56790406; Idle
HIGH; SELF; MARRIED; 0,28333333; 0,28333333; 0,71666694; 0,27410275; 0,472615; 0,5694986; 0,49045616; PatrolWalk
HIGH; SELF; MARRIED; 0,61666673; 0,61666673; 0,3833337; 0,10309225; 0,28272444; 0,9360334; 0,04153955; Idle
HIGH; SELF; MARRIED; 1; 1; 0; 0,033794105; 0,55702853; 0,58858985; 0,99378854; Investigation
HIGH; SELF; MARRIED; 0,31666672; 0,31666672; 0,68333364; 0,76220155; 0,52429265; 0,8460484; 0,30906475; Interact
HIGH; SELF; MARRIED; 0,30000004; 0,30000004; 0,7000003; 0,9983798; 0,6730296; 0,96227604; 0,46278465; PatrolWalk
HIGH; SELF; MARRIED; 1,1175871E-08; 1,1175871E-08; 1; 0,88546467; 0,40388966; 0,2177934; 0,76181966; Aggressive
HIGH; SELF; MARRIED; 0,30000004; 0,30000004; 0,7000003; 0,049010873; 0,2580784; 0,38640177; 0,29862744; Idle
HIGH; SELF; MARRIED; 0,30000004; 0,30000004; 0,7000003; 0,25434488; 0,04444337; 0,50194865; 0,5103274; Idle
HIGH; SELF; MARRIED; 0,30000004; 0,30000004; 0,7000003; 0,7518668; 0,51767683; 0,13708067; 0,48281717; Aggressive
HIGH; SELF; MARRIED; 0,6000001; 0,6000001; 0,4000004; 0,25823134; 0,11039513; 0,051000535; 0,9322631; Investigation
HIGH; SELF; MARRIED; 0; 0; 1; 0,2560001; 0,5591353; 0,15982372; 0,4646821; Aggressive
HIGH; SELF; MARRIED; 0,91666645; 0,91666645; 0,08333361; 0,34609073; 0,10584986; 0,13223404; 0,27932364; PatrolWalk
HIGH; SELF; MARRIED; 0,7000003; 0,7000003; 0,30000004; 0,53247464; 0,10602188; 0,3463167; 0,5956775; Interact
HIGH; SELF; MARRIED; 0,016666679; 0,016666679; 0,98333335; 0,87939775; 0,83539635; 0,24358636; 0,40573514; Aggressive
HIGH; SELF; MARRIED; 1,1175871E-08; 1,1175871E-08; 1; 0,856845; 0,8947895; 0,31849307; 0,067882895; Idle
HIGH; SELF; MARRIED; 0; 0; 1; 0,8643173; 0,17890263; 0,28257257; 0,2751032; Aggressive
HIGH; SELF; MARRIED; 0,6000001; 0,6000001; 0,4000004; 0,3852827; 0,8023654; 0,44495827; 0,420322; Idle
HIGH; SELF; MARRIED; 0,6000001; 0,6000001; 0,4000004; 0,9776176; 0,55519253; 0,31346166; 0,84007794; Investigation
HIGH; SELF; MARRIED; 1,1175871E-08; 1,1175871E-08; 1; 0,06126076; 0,51938206; 0,60671943; 0,46550447; Idle
HIGH; SELF; MARRIED; 0,3; 0,3; 0,7000003; 0,45188206; 0,6752897; 0,9094136; 0,46939707; PatrolWalk
HIGH; SELF; MARRIED; 0; 0; 1; 0,96994025; 0,68221533; 0,41000682; 0,7388986; Idle
HIGH; SELF; MARRIED; 0,61666673; 0,61666673; 0,3833337; 0,29377222; 0,596544; 0,8542635; 0,3610822; Idle
HIGH; SELF; MARRIED; 0,4000004; 0,4000004; 0,6000001; 0,38122964; 0,14757794; 0,4233942; 0,9328367; Investigation
HIGH; SELF; MARRIED; 0; 0; 1; 0,21932101; 0,9206427; 0,86835563; 0,42668766; Idle
HIGH; SELF; MARRIED; 0,30000004; 0,30000004; 0,7000003; 0,5629601; 0,8504961; 0,033438563; 0,76782906; Aggressive
HIGH; SELF; MARRIED; 0; 0; 1; 0,1922369; 0,7088128; 0,74976647; 0,34536916; Idle
HIGH; SELF; MARRIED; 0,8999998; 0,8999998; 0,10000028; 0,22029358; 0,0555951; 0,42884517; 0,7840352; Investigation
HIGH; SELF; MARRIED; 0,3; 0,3; 0,7000003; 0,8650481; 0,41904902; 0,14836174; 0,4050647; Aggressive
HIGH; SELF; MARRIED; 0,30000004; 0,30000004; 0,7000003; 0,9082434; 0,35567576; 0,81450695; 0,9782543; PatrolWalk
HIGH; SELF; MARRIED; 0; 0; 1; 0,9066052; 0,14185607; 0,57236195; 0,4313441; Idle
HIGH; SELF; MARRIED; 0,30000004; 0,30000004; 0,7000003; 0,46432966; 0,6948861; 0,45079958; 0,7445581; PatrolWalk
HIGH; SELF; MARRIED; 0,91666645; 0,91666645; 0,08333361; 0,9145927; 0,9876219; 0,91486573; 0,40825963; Interact
HIGH; SELF; MARRIED; 0,10000028; 0,10000028; 0,8999998; 0,6718504; 0,10559541; 0,35481668; 0,89535767; Idle
HIGH; SELF; MARRIED; 0,30000004; 0,30000004; 0,7000003; 0,91155803; 0,32188398; 0,7907499; 0,9298927; PatrolWalk
HIGH; SELF; MARRIED; 1,1175871E-08; 1,1175871E-08; 1; 0,76528287; 0,89067066; 0,38567686; 0,48463422; Idle
HIGH; SELF; MARRIED; 0,30000004; 0,30000004; 0,7000003; 0,18343014; 0,46347386; 0,5859665; 0,04094118; PatrolWalk
HIGH; SELF; MARRIED; 0,6000001; 0,6000001; 0,4000004; 0,908291; 0,083830774; 0,43228543; 0,48908758; Interact
HIGH; SELF; MARRIED; 0; 0; 1; 0,7974368; 0,7989133; 0,4721799; 0,029683769; Idle
HIGH; SELF; MARRIED; 1,1175871E-08; 1,1175871E-08; 1; 0,8750575; 0,3071242; 0,45163488; 0,82363117; Idle
HIGH; SELF; MARRIED; 0,30000004; 0,30000004; 0,7000003; 0,8652777; 0,5740211; 0,6245976; 0,7711317; PatrolWalk
HIGH; SELF; MARRIED; 1,1175871E-08; 1,1175871E-08; 1; 0,7953506; 0,48261636; 0,49726975; 0,46197957; Idle
HIGH; SELF; MARRIED; 0,61666673; 0,61666673; 0,3833337; 0,9872997; 0,9637318; 0,8783565; 0,8989701; Investigation
HIGH; SELF; MARRIED; 0,4000004; 0,4000004; 0,6000001; 0,5610579; 0,8656364; 0,64681476; 0,42435306; Interact
HIGH; SELF; MARRIED; 1,1175871E-08; 1,1175871E-08; 1; 0,8983212; 0,57098985; 0,37425816; 0,9172103; Idle
HIGH; SELF; MARRIED; 0,30000004; 0,30000004; 0,7000003; 0,34969014; 0,61316663; 0,33229828; 0,6920998; PatrolWalk
HIGH; SELF; MARRIED; 1,1175871E-08; 1,1175871E-08; 1; 0,76901275; 0,87154555; 0,18940324; 0,29654425; Aggressive
HIGH; SELF; MARRIED; 0,3; 0,3; 0,7000003; 0,6595882; 0,2404396; 0,94256896; 0,6371732; PatrolWalk
HIGH; SELF; MARRIED; 0,30000004; 0,30000004; 0,7000003; 0,6684389; 0,8916063; 0,6535085; 0,82684267; PatrolWalk
HIGH; SELF; MARRIED; 0,30000004; 0,30000004; 0,7000003; 0,22641194; 0,20014137; 0,1292435; 0,22231418; Aggressive
HIGH; SELF; MARRIED; 1,1175871E-08; 1,1175871E-08; 1; 0,67148876; 0,012648582; 0,031124592; 0,92988384; Aggressive
HIGH; SELF; MARRIED; 0,30000004; 0,30000004; 0,7000003; 0,5867997; 0,67148185; 0,49218053; 0,6845269; PatrolWalk
HIGH; SELF; MARRIED; 0,3166667; 0,3166667; 0,68333364; 0,5581413; 0,35918897; 0,88507915; 0,010669172; Interact
HIGH; SELF; MARRIED; 0,10000028; 0,10000028; 0,8999998; 0,6634337; 0,1871975; 0,21312463; 0,49570876; Aggressive
HIGH; SELF; MARRIED; 0,30000004; 0,30000004; 0,7000003; 0,39980674; 0,42638713; 0,80203784; 0,44126713; PatrolWalk
HIGH; SELF; MARRIED; 0; 0; 1; 0,23906815; 0,2614681; 0,4034934; 0,4031285; Idle
HIGH; SELF; MARRIED; 1,1175871E-08; 1,1175871E-08; 1; 0,02283281; 0,3233657; 0,818855; 0,23433053; Idle
HIGH; SELF; MARRIED; 0; 0; 1; 0,57657933; 0,6210954; 0,64497507; 0,35993952; Idle
HIGH; SELF; MARRIED; 0; 0; 1; 0,6096007; 0,14448333; 0,89861166; 0,81265545; Idle
HIGH; SELF; MARRIED; 1,1175871E-08; 1,1175871E-08; 1; 0,60085803; 0,49561983; 0,044355333; 0,53427625; Aggressive
HIGH; SELF; MARRIED; 1,1175871E-08; 1,1175871E-08; 1; 0,34779197; 0,058238328; 0,13314939; 0,4394347; Aggressive
HIGH; SELF; MARRIED; 0; 0; 1; 0,91990465; 0,54214984; 0,25383043; 0,82320285; Aggressive
HIGH; SELF; MARRIED; 1,1175871E-08; 1,1175871E-08; 1; 0,47558558; 0,86647755; 0,6951714; 0,22696918; Idle
HIGH; SELF; MARRIED; 0,016666664; 0,016666664; 0,98333335; 0,1646874; 0,14294803; 0,5441711; 0,3080414; Idle
HIGH; SELF; MARRIED; 0; 0; 1; 0,8737722; 0,7061613; 0,9027648; 0,92052776; Idle
HIGH; SELF; MARRIED; 1,1175871E-08; 1,1175871E-08; 1; 0,2952897; 0,86285055; 0,07243687; 0,32023132; Aggressive
HIGH; SELF; MARRIED; 0,30000004; 0,30000004; 0,7000003; 0,059972823; 0,8306328; 0,32004732; 0,46557778; Idle
HIGH; SELF; MARRIED; 0,30000004; 0,30000004; 0,7000003; 0,88398576; 0,9515894; 0,95630914; 0,111558735; Idle
HIGH; SELF; MARRIED; 0,30000004; 0,30000004; 0,7000003; 0,5493727; 0,21952897; 0,31085736; 0,09559238; PatrolWalk
HIGH; SELF; MARRIED; 0; 0; 1; 0,22135669; 0,14063507; 0,37819988; 0,59477407; Idle
HIGH; SELF; MARRIED; 0; 0; 1; 0,9126285; 0,10974389; 0,5139662; 0,28184408; Idle
HIGH; SELF; MARRIED; 0; 0; 1; 0,09448767; 0,06556082; 0,33582973; 0,7550398; Idle
HIGH; SELF; MARRIED; 0,30000004; 0,30000004; 0,7000003; 0,5878364; 0,5349569; 0,33637273; 0,59502685; PatrolWalk
HIGH; SELF; MARRIED; 0,3166667; 0,3166667; 0,68333364; 0,08942187; 0,63532656; 0,12448448; 0,60440576; Aggressive
HIGH; SELF; MARRIED; 0,30000004; 0,30000004; 0,7000003; 0,4676649; 0,48196483; 0,5583916; 0,3970223; Idle
HIGH; SELF; MARRIED; 0; 0; 1; 0,5584638; 0,13592625; 0,7298972; 0,69238704; Idle
HIGH; SELF; MARRIED; 0,61666673; 0,61666673; 0,3833337; 0,49015844; 0,15240186; 0,27322823; 0,5135015; Aggressive
HIGH; SELF; MARRIED; 0,61666673; 0,61666673; 0,3833337; 0,4092095; 0,80123734; 0,25928134; 0,5897852; Aggressive
HIGH; SELF; MARRIED; 0; 0; 1; 0,516639; 0,06170219; 0,34704798; 0,83445406; Idle
HIGH; SELF; MARRIED; 0,31666672; 0,31666672; 0,68333364; 0,53866917; 0,20818782; 0,30425912; 0,8827823; Interact
HIGH; SELF; MARRIED; 0,31666672; 0,31666672; 0,68333364; 0,5962718; 0,4798323; 0,91575646; 0,29245138; Interact
HIGH; SELF; MARRIED; 0,31666672; 0,31666672; 0,68333364; 0,6393955; 0,8798751; 0,75011384; 0,1334356; Interact
HIGH; SELF; MARRIED; 0; 0; 1; 0,31300342; 0,42148614; 0,68848974; 0,86410767; Idle
HIGH; SELF; MARRIED; 0; 0; 1; 0,922099; 0,9312177; 0,53722733; 0,8427785; Idle
HIGH; SELF; MARRIED; 0,61666673; 0,61666673; 0,3833337; 0,3318956; 0,5956962; 0,22972089; 0,12186241; Aggressive
HIGH; SELF; MARRIED; 0,31666672; 0,31666672; 0,68333364; 0,19998783; 0,89404505; 0,65902513; 0,12847519; Idle
HIGH; SELF; MARRIED; 0,3166667; 0,3166667; 0,68333364; 0,914324; 0,603526; 0,44215214; 0,71287495; Interact
HIGH; SELF; MARRIED; 0,3166667; 0,3166667; 0,68333364; 0,13819993; 0,34633428; 0,16900241; 0,4621148; Aggressive
HIGH; SELF; MARRIED; 0,30000004; 0,30000004; 0,7000003; 0,18807864; 0,63282436; 0,63068324; 0,06771219; Idle
HIGH; SELF; MARRIED; 0,016666679; 0,016666679; 0,98333335; 0,19594675; 0,5021939; 0,33936965; 0,727766; Idle
HIGH; SELF; MARRIED; 0,016666679; 0,016666679; 0,98333335; 0,7533875; 0,9942491; 0,97971755; 0,5239019; Idle
HIGH; SELF; MARRIED; 0,016666679; 0,016666679; 0,98333335; 0,79059136; 0,35959035; 0,6994475; 0,5116199; Idle
HIGH; SELF; MARRIED; 0,30000004; 0,30000004; 0,7000003; 0,2742914; 0,49355692; 0,41600293; 0,043955088; PatrolWalk
HIGH; SELF; MARRIED; 0,30000004; 0,30000004; 0,7000003; 0,982102; 0,6774375; 0,87976503; 0,09739858; PatrolWalk
HIGH; SELF; MARRIED; 0,3166667; 0,3166667; 0,68333364; 0,13780177; 0,4036684; 0,2981156; 0,02355802; Aggressive
HIGH; SELF; MARRIED; 0,61666673; 0,61666673; 0,3833337; 0,8419554; 0,15469968; 0,20444405; 0,46390456; Interact
HIGH; SELF; MARRIED; 0,016666664; 0,016666664; 0,98333335; 0,83689284; 0,19284672; 0,82676524; 0,40090638; Idle
HIGH; SELF; MARRIED; 0,016666664; 0,016666664; 0,98333335; 0,3873374; 0,8838724; 0,68543726; 0,5543706; Idle
HIGH; SELF; MARRIED; 0,6000001; 0,6000001; 0,4000004; 0,2773407; 0,38515425; 0,49698263; 0,15326548; Idle
HIGH; SELF; MARRIED; 0,31666672; 0,31666672; 0,68333364; 0,51413363; 0,323273; 0,05281788; 0,91934097; Interact
HIGH; SELF; MARRIED; 0,31666672; 0,31666672; 0,68333364; 0,6069192; 0,61972225; 0,8063239; 0,9115194; Interact
HIGH; SELF; MARRIED; 0,31666672; 0,31666672; 0,68333364; 0,944386; 0,8175704; 0,18340069; 0,36425084; Interact
HIGH; SELF; MARRIED; 1,1175871E-08; 1,1175871E-08; 1; 0,6322689; 0,7540775; 0,089107215; 0,36396784; Aggressive
HIGH; SELF; MARRIED; 1,1175871E-08; 1,1175871E-08; 1; 0,3285315; 0,21875793; 0,007300198; 0,99053687; Aggressive
HIGH; SELF; MARRIED; 0,016666664; 0,016666664; 0,98333335; 0,95359147; 0,80211306; 0,21244437; 0,17588878; Aggressive
HIGH; SELF; MARRIED; 0,3166667; 0,3166667; 0,68333364; 0,79506296; 0,5863836; 0,60162747; 0,117610395; Interact
HIGH; SELF; MARRIED; 0,3166667; 0,3166667; 0,68333364; 0,32247454; 0,2979263; 0,49490148; 0,5428936; PatrolWalk
HIGH; SELF; MARRIED; 0,3166667; 0,3166667; 0,68333364; 0,47242707; 0,79427075; 0,4110005; 0,8724839; PatrolWalk
HIGH; SELF; MARRIED; 0,8999998; 0,8999998; 0,10000028; 0,2592436; 0,7563598; 0,4609087; 0,035490215; Idle
HIGH; SELF; MARRIED; 0,016666679; 0,016666679; 0,98333335; 0,5637665; 0,40333968; 0,94677985; 0,36704332; Idle
HIGH; SELF; MARRIED; 0,016666679; 0,016666679; 0,98333335; 0,9778992; 0,3862183; 0,008742273; 0,89549816; Aggressive
HIGH; SELF; MARRIED; 0,016666679; 0,016666679; 0,98333335; 0,6870732; 0,63839227; 0,08120507; 0,18198049; Aggressive
HIGH; SELF; MARRIED; 0; 0; 1; 0,052134216; 0,022786736; 0,8600086; 0,49840242; Idle
HIGH; SELF; MARRIED; 0; 0; 1; 0,44978547; 0,88470715; 0,77783066; 0,6322166; Idle
HIGH; SELF; MARRIED; 0; 0; 1; 0,6787579; 0,982541; 0,10835314; 0,15114576; Aggressive
HIGH; SELF; MARRIED; 0,016666664; 0,016666664; 0,98333335; 0,8465996; 0,2023632; 0,71223503; 0,658742; Idle
HIGH; SELF; MARRIED; 0,016666664; 0,016666664; 0,98333335; 0,18926233; 0,108451605; 0,13223505; 0,7414804; Aggressive
HIGH; SELF; MARRIED; 0,016666664; 0,016666664; 0,98333335; 0,06362122; 0,72681636; 0,40003228; 0,9873224; Idle
HIGH; SELF; MARRIED; 1; 1; 0; 0,70737886; 0,53518844; 0,71574247; 0,63880825; Investigation
HIGH; SELF; MARRIED; 0,31666672; 0,31666672; 0,68333364; 0,010428309; 0,7720569; 0,8838209; 0,5621345; Idle
HIGH; SELF; MARRIED; 0; 0; 1; 0,80822176; 0,06942189; 0,17256355; 0,31776947; Aggressive
HIGH; SELF; MARRIED; 0; 0; 1; 0,13107628; 0,49950188; 0,30685014; 0,8298015; Idle
HIGH; SELF; MARRIED; 0,30000004; 0,30000004; 0,7000003; 0,6920851; 0,4901691; 0,023766518; 0,82091564; Aggressive
HIGH; SELF; MARRIED; 0,30000004; 0,30000004; 0,7000003; 0,67940515; 0,030906439; 0,9279279; 0,26331586; PatrolWalk
HIGH; SELF; MARRIED; 0; 0; 1; 0,8874228; 0,3610052; 0,6877531; 0,30683005; Idle
HIGH; SELF; MARRIED; 0,3166667; 0,3166667; 0,68333364; 0,46678513; 0,24953467; 0,3940925; 0,10434908; PatrolWalk
HIGH; SELF; MARRIED; 0; 0; 1; 0,64030164; 0,1846419; 0,6653832; 0,88025266; Idle
HIGH; SELF; MARRIED; 0,3166667; 0,3166667; 0,68333364; 0,53660613; 0,49807787; 0,21766901; 0,8351816; Interact
HIGH; SELF; MARRIED; 0,7000003; 0,7000003; 0,30000004; 0,6281443; 0,17987621; 0,9284523; 0,5183041; Interact
HIGH; SELF; MARRIED; 0,61666673; 0,61666673; 0,3833337; 0,9326494; 0,43564332; 0,49012208; 0,008396506; Interact
HIGH; SELF; MARRIED; 0; 0; 1; 0,97685087; 0,7733846; 0,36755276; 0,26968098; Idle
HIGH; SELF; MARRIED; 0,30000004; 0,30000004; 0,7000003; 0,7367872; 0,6611924; 0,43537915; 0,2781996; PatrolWalk
HIGH; SELF; MARRIED; 1,1175871E-08; 1,1175871E-08; 1; 0,6844901; 0,943714; 0,6552153; 0,39000195; Idle
HIGH; SELF; MARRIED; 1,1175871E-08; 1,1175871E-08; 1; 0,39402777; 0,9140028; 0,44737756; 0,1656574; Idle
HIGH; SELF; MARRIED; 0,30000004; 0,30000004; 0,7000003; 0,14250529; 0,2898426; 0,77787316; 0,8166765; PatrolWalk
HIGH; SELF; MARRIED; 0,016666664; 0,016666664; 0,98333335; 0,90834415; 0,8486404; 0,9394389; 0,006499231; Idle
HIGH; SELF; MARRIED; 0,30000004; 0,30000004; 0,7000003; 0,7492907; 0,65715814; 0,22973603; 0,4828323; Aggressive
HIGH; SELF; MARRIED; 0,016666664; 0,016666664; 0,98333335; 0,7649008; 0,6798273; 0,48057848; 0,9574461; Idle
HIGH; SELF; MARRIED; 0,4000004; 0,4000004; 0,6000001; 0,9720065; 0,6452102; 0,7763976; 0,8053345; Investigation
HIGH; SELF; MARRIED; 0,3166667; 0,3166667; 0,68333364; 0,12595654; 0,60355353; 0,55597895; 0,8744276; Idle
HIGH; SELF; MARRIED; 0,30000004; 0,30000004; 0,7000003; 0,6761263; 0,39159226; 0,37336576; 0,17987508; Idle
HIGH; SELF; MARRIED; 1,1175871E-08; 1,1175871E-08; 1; 0,28996843; 0,23576188; 0,9516828; 0,7256266; Idle
HIGH; SELF; MARRIED; 0,30000004; 0,30000004; 0,7000003; 0,6786322; 0,38321346; 0,12680048; 0,29846603; Aggressive
HIGH; SELF; MARRIED; 0,30000004; 0,30000004; 0,7000003; 0,362724; 0,45206738; 0,5193035; 0,34356225; Idle
HIGH; SELF; MARRIED; 1,1175871E-08; 1,1175871E-08; 1; 0,76919603; 0,16517997; 0,895871; 0,75336945; Idle
HIGH; SELF; MARRIED; 0,3166667; 0,3166667; 0,68333364; 0,1273771; 0,8353548; 0,8865475; 0,4519233; PatrolWalk
HIGH; SELF; MARRIED; 1,1175871E-08; 1,1175871E-08; 1; 0,6439836; 0,08281809; 0,2980733; 0,7680152; Aggressive
HIGH; SELF; MARRIED; 0,3166667; 0,3166667; 0,68333364; 0,33778656; 0,6542121; 0,29366076; 0,105065644; Aggressive
HIGH; SELF; MARRIED; 0,10000028; 0,10000028; 0,8999998; 0,36672008; 0,38780403; 0,7993643; 0,28004903; Idle
HIGH; SELF; MARRIED; 0,61666673; 0,61666673; 0,3833337; 0,81630856; 0,4313529; 0,24694431; 0,2410869; Interact
HIGH; SELF; MARRIED; 0,6000001; 0,6000001; 0,4000004; 0,14208621; 0,1672998; 0,16121924; 0,039414108; Aggressive
HIGH; SELF; MARRIED; 0,30000004; 0,30000004; 0,7000003; 0,29638004; 0,74978226; 0,44812006; 0,5107124; PatrolWalk
HIGH; SELF; MARRIED; 1,1175871E-08; 1,1175871E-08; 1; 0,8117226; 0,7440021; 0,8643295; 0,4897499; Idle
HIGH; SELF; MARRIED; 0,6000001; 0,6000001; 0,4000004; 0,5711083; 0,1263712; 0,024522543; 0,75361395; Investigation
HIGH; SELF; MARRIED; 0,30000004; 0,30000004; 0,7000003; 0,8050601; 0,4443339; 0,4004311; 0,40733773; Idle
HIGH; SELF; MARRIED; 0,016666664; 0,016666664; 0,98333335; 0,14578712; 0,07976431; 0,6950667; 0,9323075; Idle
HIGH; SELF; MARRIED; 1; 1; 0; 0,7682807; 0,54468536; 0,23393816; 0,25520384; Interact
HIGH; SELF; MARRIED; 0; 0; 1; 0,8327647; 0,8813305; 0,9108501; 0,95875466; Idle
HIGH; SELF; MARRIED; 0,016666664; 0,016666664; 0,98333335; 0,4225613; 0,95141655; 0,587298; 0,37786216; Idle
HIGH; SELF; MARRIED; 0,4000004; 0,4000004; 0,6000001; 0,4667343; 0,8464964; 0,36488974; 0,35787004; Idle
HIGH; SELF; MARRIED; 0,3166667; 0,3166667; 0,68333364; 0,30933064; 0,7202283; 0,49437106; 0,83927166; Idle
HIGH; SELF; MARRIED; 0,3; 0,3; 0,7000003; 0,7942614; 0,2276305; 0,096167326; 0,9257368; Aggressive
HIGH; SELF; MARRIED; 1,1175871E-08; 1,1175871E-08; 1; 0,75284886; 0,6627931; 0,47300082; 0,18157; Idle
HIGH; SELF; MARRIED; 0,30000004; 0,30000004; 0,7000003; 0,20643586; 0,17228335; 0,42709476; 0,45129114; PatrolWalk
HIGH; SELF; MARRIED; 0,3; 0,3; 0,7000003; 0,05293536; 0,3455068; 0,4902348; 0,33959663; Idle
HIGH; SELF; MARRIED; 0,6000001; 0,6000001; 0,4000004; 0,09216726; 0,8203913; 0,8461434; 0,28594178; Idle
HIGH; SELF; MARRIED; 0,3166667; 0,3166667; 0,68333364; 0,35272896; 0,8370311; 0,24045211; 0,73780686; Aggressive
HIGH; SELF; MARRIED; 0,30000004; 0,30000004; 0,7000003; 0,15875864; 0,64457834; 0,541212; 0,29009116; PatrolWalk
HIGH; SELF; MARRIED; 0,3166667; 0,3166667; 0,68333364; 0,50819635; 0,07078296; 0,1591413; 0,30588502; Interact
HIGH; SELF; MARRIED; 0,7000003; 0,7000003; 0,3; 0,33705527; 0,83395183; 0,8258871; 0,14327937; Idle
HIGH; SELF; MARRIED; 0,61666673; 0,61666673; 0,3833337; 0,27336538; 0,016846955; 0,43070394; 0,5935938; PatrolWalk
HIGH; SELF; MARRIED; 0; 0; 1; 0,27157235; 0,6331417; 0,8236779; 0,07142609; Idle
HIGH; SELF; MARRIED; 0,30000004; 0,30000004; 0,7000003; 0,43935454; 0,114819765; 0,26298928; 0,07520038; Aggressive
HIGH; SELF; MARRIED; 1,1175871E-08; 1,1175871E-08; 1; 0,12895375; 0,040799856; 0,33402854; 0,031114995; Idle
HIGH; SELF; MARRIED; 0,6000001; 0,6000001; 0,4000004; 0,47638994; 0,551675; 0,8482016; 0,30028623; Idle
HIGH; SELF; MARRIED; 0,8999998; 0,8999998; 0,10000028; 0,13300347; 0,53444; 0,11284256; 0,9755543; Investigation
HIGH; SELF; MARRIED; 0,016666664; 0,016666664; 0,98333335; 0,69137937; 0,48434412; 0,922798; 0,048465252; Idle
HIGH; SELF; MARRIED; 0; 0; 1; 0,16263223; 0,08624148; 0,4308198; 0,7469781; Idle
HIGH; SELF; MARRIED; 0; 0; 1; 0,8419262; 0,95284915; 0,53082556; 0,34773928; Idle
HIGH; SELF; MARRIED; 1; 1; 0; 0,44919473; 0,95953536; 0,3166958; 0,6856809; Investigation
HIGH; SELF; MARRIED; 0,3; 0,3; 0,7000003; 0,9724388; 0,14331561; 0,4091859; 0,025563776; PatrolWalk
HIGH; SELF; MARRIED; 0,31666672; 0,31666672; 0,68333364; 0,53236467; 0,781937; 0,7492107; 0,7317644; Interact
HIGH; SELF; MARRIED; 0; 0; 1; 0,782801; 0,9925082; 0,2360571; 0,4287352; Aggressive
HIGH; SELF; MARRIED; 0,31666672; 0,31666672; 0,68333364; 0,8024611; 0,30573076; 0,75125617; 0,83696395; Interact
HIGH; SELF; MARRIED; 0,91666645; 0,91666645; 0,08333361; 0,9041094; 0,85969204; 0,73497564; 0,75308436; Investigation
HIGH; SELF; MARRIED; 0,58333343; 0,58333343; 0,41666707; 0,25484818; 0,60270834; 0,23091757; 0,4722306; Aggressive
HIGH; SELF; MARRIED; 0,33333337; 0,33333337; 0,666667; 0,23272002; 0,17067987; 0,29192144; 0,96249104; Aggressive
HIGH; SELF; MARRIED; 0,30000004; 0,30000004; 0,7000003; 0,28448516; 0,8040908; 0,5755208; 0,59969807; PatrolWalk
HIGH; SELF; MARRIED; 0,30000004; 0,30000004; 0,7000003; 0,124053895; 0,92095715; 0,624895; 0,17115557; Idle
HIGH; SELF; MARRIED; 0,7000003; 0,7000003; 0,30000004; 0,018027544; 0,23290461; 0,9001972; 0,73852694; Investigation
HIGH; SELF; MARRIED; 0; 0; 1; 0,31493974; 0,51295006; 0,029286385; 0,44205678; Aggressive
HIGH; SELF; MARRIED; 0,016666679; 0,016666679; 0,98333335; 0,6677614; 0,756816; 0,86877376; 0,4954567; Idle
HIGH; SELF; MARRIED; 0; 0; 1; 0,88980573; 0,047531545; 0,06577873; 0,86184907; Aggressive
HIGH; SELF; MARRIED; 0,016666679; 0,016666679; 0,98333335; 0,7273627; 0,31082726; 0,4601404; 0,69243395; Idle
HIGH; SELF; MARRIED; 0,61666673; 0,61666673; 0,3833337; 0,47439343; 0,26401955; 0,73269016; 0,98289067; Investigation
HIGH; SELF; MARRIED; 0,28333333; 0,28333333; 0,71666694; 0,5444438; 0,8188358; 0,5580563; 0,65545624; Idle
HIGH; SELF; MARRIED; 0,03333333; 0,03333333; 0,9666667; 0,38983983; 0,6387314; 0,42876762; 0,32793343; Idle
HIGH; SELF; MARRIED; 1,1175871E-08; 1,1175871E-08; 1; 0,05540055; 0,459733; 0,6402246; 0,69664353; Idle
HIGH; SELF; MARRIED; 0,6000001; 0,6000001; 0,4000004; 0,9423299; 0,9391521; 0,21195376; 0,5091672; Interact
HIGH; SELF; MARRIED; 0,4000004; 0,4000004; 0,6000001; 0,5888286; 0,32946128; 0,50535846; 0,14906824; Interact
HIGH; SELF; MARRIED; 0; 0; 1; 0,7427911; 0,3912987; 0,46649957; 0,6023026; Idle
HIGH; SELF; MARRIED; 0,31666672; 0,31666672; 0,68333364; 0,4942761; 0,33538002; 0,8658133; 0,25771707; PatrolWalk
HIGH; SELF; MARRIED; 0; 0; 1; 0,16184485; 0,0393067; 0,15519178; 0,41429406; Aggressive
HIGH; SELF; MARRIED; 0,31666672; 0,31666672; 0,68333364; 0,2516284; 0,73562914; 0,08924973; 0,48611993; Aggressive
HIGH; SELF; MARRIED; 0,3166667; 0,3166667; 0,68333364; 0,9419766; 0,49880195; 0,18410718; 0,07635069; Interact
HIGH; SELF; MARRIED; 0,58333343; 0,58333343; 0,41666707; 0,0816775; 0,93389034; 0,25673217; 0,07436758; Aggressive
HIGH; SELF; MARRIED; 0,33333337; 0,33333337; 0,666667; 0,27950495; 0,17137635; 0,71824825; 0,087474585; Idle
HIGH; SELF; MARRIED; 0,30000004; 0,30000004; 0,7000003; 0,14989316; 0,96850425; 0,14769763; 0,6074123; Aggressive
HIGH; SELF; MARRIED; 0,3; 0,3; 0,7000003; 0,46053332; 0,1554938; 0,6826464; 0,18372172; Idle
HIGH; SELF; MARRIED; 0,10000028; 0,10000028; 0,8999998; 0,9980085; 0,75729114; 0,36822557; 0,06748617; Idle
HIGH; SELF; MARRIED; 0,30000004; 0,30000004; 0,7000003; 0,5365242; 0,50060725; 0,24713117; 0,33830148; Aggressive
HIGH; SELF; MARRIED; 0,016666679; 0,016666679; 0,98333335; 0,10970724; 0,8923114; 0,55567974; 0,5751377; Idle
HIGH; SELF; MARRIED; 0; 0; 1; 0,67251813; 0,3146621; 0,35552073; 0,2211048; Idle
HIGH; SELF; MARRIED; 0,016666679; 0,016666679; 0,98333335; 0,04002434; 0,9929135; 0,10264498; 0,16641665; Aggressive
HIGH; SELF; MARRIED; 0,016666664; 0,016666664; 0,98333335; 0,35992968; 0,7164304; 0,74592006; 0,92694706; Idle
HIGH; SELF; MARRIED; 0,28333333; 0,28333333; 0,71666694; 0,5537223; 0,94821936; 0,635057; 0,4806922; PatrolWalk
HIGH; SELF; MARRIED; 0,6333334; 0,6333334; 0,36666703; 0,55912894; 0,27787536; 0,34548402; 0,5518598; Interact
HIGH; SELF; MARRIED; 1,1175871E-08; 1,1175871E-08; 1; 0,64963865; 0,82576424; 0,13019335; 0,4600349; Aggressive
HIGH; SELF; MARRIED; 0,6000001; 0,6000001; 0,4000004; 0,40388143; 0,35748893; 0,052138567; 0,22674084; Aggressive
HIGH; SELF; MARRIED; 0,4000004; 0,4000004; 0,6000001; 0,85802436; 0,06353021; 0,57548547; 0,24739563; Interact
HIGH; SELF; MARRIED; 1,1175871E-08; 1,1175871E-08; 1; 0,022492468; 0,2564935; 0,7151616; 0,26694292; Idle
HIGH; SELF; MARRIED; 0,31666672; 0,31666672; 0,68333364; 0,47517145; 0,79937404; 0,1713379; 0,28544813; Aggressive
HIGH; SELF; MARRIED; 0,30000004; 0,30000004; 0,7000003; 0,805893; 0,7344616; 0,32532436; 0,6928149; Idle
HIGH; SELF; MARRIED; 0; 0; 1; 0,8042968; 0,093521655; 0,5195946; 0,44584966; Idle
HIGH; SELF; MARRIED; 0,3166667; 0,3166667; 0,68333364; 0,22028774; 0,5318174; 0,92146164; 0,4505651; Idle
HIGH; SELF; MARRIED; 0; 0; 1; 0,5331125; 0,54578424; 0,6989226; 0,36752516; Idle
HIGH; SELF; MARRIED; 0,33333337; 0,33333337; 0,666667; 0,33477437; 0,43865126; 0,71482337; 0,9833186; PatrolWalk
HIGH; SELF; MARRIED; 0; 0; 1; 0,52015096; 0,4404691; 0,0855124; 0,052351713; Aggressive
HIGH; SELF; MARRIED; 0,3; 0,3; 0,7000003; 0,7236314; 0,2560683; 0,15921247; 0,930678; Aggressive
HIGH; SELF; MARRIED; 0,10000028; 0,10000028; 0,8999998; 0,7819758; 0,00086164474; 0,04018897; 0,48681998; Aggressive
HIGH; SELF; MARRIED; 0,30000004; 0,30000004; 0,7000003; 0,88248765; 0,14521986; 0,29146254; 0,26525033; Aggressive
HIGH; SELF; MARRIED; 0,016666679; 0,016666679; 0,98333335; 0,7716283; 0,8437525; 0,041923523; 0,3615573; Aggressive
HIGH; SELF; MARRIED; 0,6000001; 0,6000001; 0,4000004; 0,59581894; 0,19773674; 0,22347873; 0,49309045; Interact
HIGH; SELF; MARRIED; 0,30000004; 0,30000004; 0,7000003; 0,968706; 0,20847058; 0,5609474; 0,38167208; PatrolWalk
HIGH; SELF; MARRIED; 0,61666673; 0,61666673; 0,3833337; 0,50622755; 0,29032803; 0,65295124; 0,3065294; Interact
HIGH; SELF; MARRIED; 0,30000004; 0,30000004; 0,7000003; 0,63168156; 0,6278418; 0,7100585; 0,67559534; PatrolWalk
HIGH; SELF; MARRIED; 0,03333333; 0,03333333; 0,9666667; 0,6596015; 0,4429437; 0,23676068; 0,26445907; Aggressive
HIGH; SELF; MARRIED; 0; 0; 1; 0,093963146; 0,6985639; 0,24130678; 0,10567087; Aggressive
HIGH; SELF; MARRIED; 0; 0; 1; 0,16768354; 0,06695235; 0,9965378; 0,86118376; Idle
HIGH; SELF; MARRIED; 0; 0; 1; 0,26947933; 0,0034917593; 0,5467346; 0,8210801; Idle
HIGH; SELF; MARRIED; 1,1175871E-08; 1,1175871E-08; 1; 0,4043103; 0,26801133; 0,15219808; 0,038384616; Aggressive
HIGH; SELF; MARRIED; 0; 0; 1; 0,10256332; 0,51800627; 0,98874605; 0,27412057; Idle
HIGH; SELF; MARRIED; 0,3; 0,3; 0,7000003; 0,07646018; 0,6080791; 0,7986644; 0,4381736; Idle
HIGH; SELF; MARRIED; 1,1175871E-08; 1,1175871E-08; 1; 0,8780837; 0,84981173; 0,42983907; 0,06500769; Idle
HIGH; SELF; MARRIED; 0,3166667; 0,3166667; 0,68333364; 0,90824324; 0,8394507; 0,89062744; 0,19499242; Interact
HIGH; SELF; MARRIED; 1,1175871E-08; 1,1175871E-08; 1; 0,84866405; 0,4407705; 0,76308703; 0,09715575; Idle
HIGH; SELF; MARRIED; 0; 0; 1; 0,9810046; 0,29423892; 0,37167782; 0,26920897; Idle
HIGH; SELF; MARRIED; 0; 0; 1; 0,39909583; 0,861579; 0,47320765; 0,47098237; Idle
HIGH; SELF; MARRIED; 0,30000004; 0,30000004; 0,7000003; 0,8410648; 0,18391925; 0,7317566; 0,95457095; PatrolWalk
HIGH; SELF; MARRIED; 0,30000004; 0,30000004; 0,7000003; 0,29436177; 0,7183625; 0,7739579; 0,98772436; Idle
HIGH; SELF; MARRIED; 0; 0; 1; 0,73186314; 0,4089442; 0,4583171; 0,9917522; Idle
HIGH; SELF; MARRIED; 0,30000004; 0,30000004; 0,7000003; 0,57656044; 0,049236715; 0,25390762; 0,5908305; Aggressive
HIGH; SELF; MARRIED; 0,6000001; 0,6000001; 0,4000004; 0,27170938; 0,6131282; 0,63779783; 0,58715194; PatrolWalk
HIGH; SELF; MARRIED; 0,30000004; 0,30000004; 0,7000003; 0,88352853; 0,17093796; 0,8961813; 0,6944968; PatrolWalk
HIGH; SELF; MARRIED; 0,016666664; 0,016666664; 0,98333335; 0,10197443; 0,010456502; 0,20102572; 0,61150736; Aggressive
HIGH; SELF; MARRIED; 0,30000004; 0,30000004; 0,7000003; 0,53693944; 0,14523172; 0,7503492; 0,9770725; Idle
HIGH; SELF; MARRIED; 0,30000004; 0,30000004; 0,7000003; 0,16419756; 0,115599334; 0,9130916; 0,512844; PatrolWalk
HIGH; SELF; MARRIED; 0; 0; 1; 0,4708953; 0,16040093; 0,98419815; 0,38058764; Idle
HIGH; SELF; MARRIED; 0,30000004; 0,30000004; 0,7000003; 0,25721806; 0,33747452; 0,17622048; 0,8603189; Aggressive
HIGH; SELF; MARRIED; 1,1175871E-08; 1,1175871E-08; 1; 0,6306666; 0,88622504; 0,96085256; 0,50494593; Idle
HIGH; SELF; MARRIED; 0,6000001; 0,6000001; 0,4000004; 0,19091552; 0,015155494; 0,004976392; 0,41398287; Aggressive
HIGH; SELF; MARRIED; 0,30000004; 0,30000004; 0,7000003; 0,90437114; 0,04993421; 0,90814465; 0,24357694; Idle
HIGH; SELF; MARRIED; 1,1175871E-08; 1,1175871E-08; 1; 0,013505936; 0,17960113; 0,69687474; 0,9444393; Idle
HIGH; SELF; MARRIED; 0,3; 0,3; 0,7000003; 0,614012; 0,12564415; 0,6020669; 0,10997647; PatrolWalk
HIGH; SELF; MARRIED; 1,1175871E-08; 1,1175871E-08; 1; 0,65788895; 0,85844004; 0,8843349; 0,7268516; Idle
HIGH; SELF; MARRIED; 0; 0; 1; 0,3551798; 0,2016657; 0,56788754; 0,43603814; Idle
HIGH; SELF; MARRIED; 0,6000001; 0,6000001; 0,4000004; 0,47441387; 0,934366; 0,68888783; 0,14598733; PatrolWalk
HIGH; SELF; MARRIED; 1,1175871E-08; 1,1175871E-08; 1; 0,8929431; 0,5059392; 0,4574502; 0,083741665; Idle
HIGH; SELF; MARRIED; 1,1175871E-08; 1,1175871E-08; 1; 0,57569474; 0,9141472; 0,4468099; 0,14087415; Idle
HIGH; SELF; MARRIED; 0,30000004; 0,30000004; 0,7000003; 0,8660889; 0,38975704; 0,35320246; 0,15661341; PatrolWalk
HIGH; SELF; MARRIED; 0,3; 0,3; 0,7000003; 0,892083; 0,48955208; 0,7607514; 0,88136315; PatrolWalk
HIGH; SELF; MARRIED; 0,6000001; 0,6000001; 0,4000004; 0,57776517; 0,09605372; 0,15209436; 0,117505014; Interact
HIGH; SELF; MARRIED; 0,30000004; 0,30000004; 0,7000003; 0,79947656; 0,24647427; 0,9962329; 0,99453133; PatrolWalk
HIGH; SELF; MARRIED; 0; 0; 1; 0,18030137; 0,5403634; 0,102408946; 0,38467717; Aggressive
HIGH; SELF; MARRIED; 0,30000004; 0,30000004; 0,7000003; 0,39936113; 0,44596398; 0,045126796; 0,3422019; Aggressive
HIGH; SELF; MARRIED; 0,30000004; 0,30000004; 0,7000003; 0,5361832; 0,78335273; 0,4655503; 0,8112082; PatrolWalk
HIGH; SELF; MARRIED; 0,3; 0,3; 0,7000003; 0,8738004; 0,6429865; 0,21462905; 0,0617795; Aggressive
HIGH; SELF; MARRIED; 0,30000004; 0,30000004; 0,7000003; 0,11569613; 0,9919982; 0,8173556; 0,9707424; PatrolWalk
HIGH; SELF; MARRIED; 0,31666672; 0,31666672; 0,68333364; 0,2649033; 0,2673474; 0,29390073; 0,30926824; Aggressive
HIGH; SELF; MARRIED; 0; 0; 1; 0,74606544; 0,45104635; 0,6534663; 0,16193223; Idle
HIGH; SELF; MARRIED; 0; 0; 1; 0,82357067; 0,89143527; 0,45752358; 0,67222244; Idle
HIGH; SELF; MARRIED; 0,28333333; 0,28333333; 0,71666694; 0,48566276; 0,101982355; 0,12340391; 0,4142003; Aggressive
HIGH; SELF; MARRIED; 0; 0; 1; 0,5172526; 0,32726264; 0,51210773; 0,96120304; Idle
HIGH; SELF; MARRIED; 0; 0; 1; 0,86623687; 0,9738078; 0,48058176; 0,5629317; Idle
HIGH; SELF; MARRIED; 0; 0; 1; 0,8195498; 0,96890455; 0,2438311; 0,8616485; Aggressive
HIGH; SELF; MARRIED; 0; 0; 1; 0,49678665; 0,1317423; 0,9348982; 0,082479715; Idle
HIGH; SELF; MARRIED; 0; 0; 1; 0,13436711; 0,41249162; 0,17883372; 0,86375153; Aggressive
HIGH; SELF; MARRIED; 0; 0; 1; 0,109012485; 0,31711757; 0,55932695; 0,90195954; Idle
HIGH; SELF; MARRIED; 0,016666679; 0,016666679; 0,98333335; 0,5564271; 0,455777; 0,21017689; 0,45344096; Aggressive
HIGH; SELF; MARRIED; 0,30000004; 0,30000004; 0,7000003; 0,63865405; 0,16490424; 0,52248293; 0,35668826; PatrolWalk
HIGH; SELF; MARRIED; 0,30000004; 0,30000004; 0,7000003; 0,5129759; 0,73518926; 0,33047724; 0,9739501; PatrolWalk
HIGH; SELF; MARRIED; 0; 0; 1; 0,25659233; 0,5619703; 0,52966976; 0,43546814; Idle
HIGH; SELF; MARRIED; 0,30000004; 0,30000004; 0,7000003; 0,6283137; 0,5902107; 0,3855071; 0,32133496; Idle
HIGH; SELF; MARRIED; 0,30000004; 0,30000004; 0,7000003; 0,096811175; 0,87304324; 0,07208705; 0,36176413; Aggressive
HIGH; SELF; MARRIED; 0; 0; 1; 0,824274; 0,9477314; 0,6899122; 0,20020735; Idle
HIGH; SELF; MARRIED; 0,30000004; 0,30000004; 0,7000003; 0,6244038; 0,53765947; 0,1756792; 0,5395259; Aggressive
HIGH; SELF; MARRIED; 0; 0; 1; 0,6865284; 0,8625547; 0,6497497; 0,28503782; Idle
HIGH; SELF; MARRIED; 0,30000004; 0,30000004; 0,7000003; 0,3374446; 0,6347853; 0,50176364; 0,18647647; PatrolWalk
HIGH; SELF; MARRIED; 0; 0; 1; 0,47155964; 0,4276755; 0,83796006; 0,78982025; Idle
HIGH; SELF; MARRIED; 1,1175871E-08; 1,1175871E-08; 1; 0,66985816; 0,43479347; 0,30386806; 0,2308014; Idle
HIGH; SELF; MARRIED; 1,1175871E-08; 1,1175871E-08; 1; 0,5690608; 0,01600939; 0,8859584; 0,8333613; Idle
HIGH; SELF; MARRIED; 0,30000004; 0,30000004; 0,7000003; 0,42939484; 0,8886604; 0,24860847; 0,009098649; Aggressive
HIGH; SELF; MARRIED; 0,6000001; 0,6000001; 0,4000004; 0,5379713; 0,6722105; 0,27173465; 0,25750345; Interact
HIGH; SELF; MARRIED; 1,1175871E-08; 1,1175871E-08; 1; 0,80370843; 0,06464523; 0,28815413; 0,17799807; Aggressive
HIGH; SELF; MARRIED; 0,30000004; 0,30000004; 0,7000003; 0,36158115; 0,69525844; 0,8158007; 0,9807568; PatrolWalk
HIGH; SELF; MARRIED; 1,1175871E-08; 1,1175871E-08; 1; 0,98502123; 0,86630785; 0,7558221; 0,123434246; Idle
HIGH; SELF; MARRIED; 0,30000004; 0,30000004; 0,7000003; 0,77960056; 0,1386525; 0,9531502; 0,21255922; Idle
HIGH; SELF; MARRIED; 1,1175871E-08; 1,1175871E-08; 1; 0,34551698; 0,9491884; 0,35016698; 0,29170054; Idle
HIGH; SELF; MARRIED; 0,30000004; 0,30000004; 0,7000003; 0,9738796; 0,51971143; 0,2646073; 0,4014035; Aggressive
HIGH; SELF; MARRIED; 0,30000004; 0,30000004; 0,7000003; 0,82136494; 0,6633901; 0,051546812; 0,11073005; Aggressive
HIGH; SELF; MARRIED; 0,30000004; 0,30000004; 0,7000003; 0,21756715; 0,09267473; 0,9904515; 0,5865105; PatrolWalk
HIGH; SELF; MARRIED; 1,1175871E-08; 1,1175871E-08; 1; 0,61887735; 0,5058213; 0,86860174; 0,21245342; Idle
HIGH; SELF; MARRIED; 0,3; 0,3; 0,7000003; 0,11823565; 0,79720867; 0,33176535; 0,006613791; Idle
HIGH; SELF; MARRIED; 0; 0; 1; 0,43910027; 0,8577278; 0,8518764; 0,17011935; Idle
HIGH; SELF; MARRIED; 1,1175871E-08; 1,1175871E-08; 1; 0,7422386; 0,931309; 0,9814299; 0,34055322; Idle
HIGH; SELF; MARRIED; 0,30000004; 0,30000004; 0,7000003; 0,19748545; 0,072381675; 0,25243473; 0,59984463; Aggressive
HIGH; SELF; MARRIED; 0,6000001; 0,6000001; 0,4000004; 0,954723; 0,7598744; 0,50137395; 0,4653536; Interact
HIGH; SELF; MARRIED; 0,30000004; 0,30000004; 0,7000003; 0,6228395; 0,95629525; 0,26588964; 0,37568313; Aggressive
HIGH; SELF; MARRIED; 1,1175871E-08; 1,1175871E-08; 1; 0,42804283; 0,3463661; 0,26464152; 0,039870143; Aggressive
HIGH; SELF; MARRIED; 1,1175871E-08; 1,1175871E-08; 1; 0,86367995; 0,7339059; 0,6572905; 0,81816226; Idle
HIGH; SELF; MARRIED; 1,1175871E-08; 1,1175871E-08; 1; 0,84834194; 0,050896585; 0,8027046; 0,9653248; Idle
HIGH; SELF; MARRIED; 0,30000004; 0,30000004; 0,7000003; 0,14695454; 0,91282475; 0,12586242; 0,7428767; Aggressive
HIGH; SELF; MARRIED; 0,6000001; 0,6000001; 0,4000004; 0,83296585; 0,6287412; 0,8512142; 0,6672059; Investigation
HIGH; SELF; MARRIED; 0,30000004; 0,30000004; 0,7000003; 0,4463002; 0,064954996; 0,8352594; 0,42341846; PatrolWalk
HIGH; SELF; MARRIED; 0,30000004; 0,30000004; 0,7000003; 0,7089704; 0,5737733; 0,5303951; 0,66628456; PatrolWalk
HIGH; SELF; MARRIED; 1,1175871E-08; 1,1175871E-08; 1; 0,29065216; 0,96461624; 0,066351116; 0,08413327; Aggressive
HIGH; SELF; MARRIED; 0,3; 0,3; 0,7000003; 0,36158425; 0,7683518; 0,8559256; 0,4780336; Idle
HIGH; SELF; MARRIED; 1,1175871E-08; 1,1175871E-08; 1; 0,98026633; 0,35950643; 0,17103708; 0,69965625; Aggressive
HIGH; SELF; MARRIED; 0; 0; 1; 0,68489796; 0,41784728; 0,45389915; 0,96564233; Idle
HIGH; SELF; MARRIED; 0,30000004; 0,30000004; 0,7000003; 0,4705671; 0,9063377; 0,69747525; 0,5962489; PatrolWalk
HIGH; SELF; MARRIED; 0,30000004; 0,30000004; 0,7000003; 0,18906677; 0,71656036; 0,0018827915; 0,6878157; Aggressive
HIGH; SELF; MARRIED; 1,1175871E-08; 1,1175871E-08; 1; 0,121813655; 0,63048476; 0,6690286; 0,2664687; Idle
HIGH; SELF; MARRIED; 0,3; 0,3; 0,7000003; 0,23638439; 0,119931996; 0,1754834; 0,47940755; Aggressive
HIGH; SELF; MARRIED; 1,1175871E-08; 1,1175871E-08; 1; 0,004235089; 0,37972027; 0,9101319; 0,8165231; Idle
HIGH; SELF; MARRIED; 1,1175871E-08; 1,1175871E-08; 1; 0,77460694; 0,9032185; 0,28679723; 0,43363947; Aggressive
HIGH; SELF; MARRIED; 0; 0; 1; 0,5249833; 0,86616594; 0,239856; 0,56581205; Aggressive
HIGH; SELF; MARRIED; 0,6000001; 0,6000001; 0,4000004; 0,5037668; 0,20154488; 0,15581256; 0,5502129; Interact
HIGH; SELF; MARRIED; 0; 0; 1; 0,92031825; 0,2679937; 0,98066676; 0,22828817; Idle
HIGH; SELF; MARRIED; 0,30000004; 0,30000004; 0,7000003; 0,86675423; 0,11207694; 0,32692802; 0,6177198; Idle
HIGH; SELF; MARRIED; 1,1175871E-08; 1,1175871E-08; 1; 0,8459866; 0,08681524; 0,14726251; 0,47107702; Aggressive
HIGH; SELF; MARRIED; 1,1175871E-08; 1,1175871E-08; 1; 0,96358395; 0,43500757; 0,50526327; 0,4805593; Idle
HIGH; SELF; MARRIED; 0,30000004; 0,30000004; 0,7000003; 0,49776274; 0,13766742; 0,6250242; 0,77795154; PatrolWalk
HIGH; SELF; MARRIED; 0; 0; 1; 0,6262184; 0,62762743; 0,8929758; 0,42913383; Idle
HIGH; SELF; MARRIED; 0,30000004; 0,30000004; 0,7000003; 0,08966869; 0,90310055; 0,11924499; 0,34905934; Aggressive
HIGH; SELF; MARRIED; 0; 0; 1; 0,2871396; 0,6183054; 0,9952715; 0,41337973; Idle
HIGH; SELF; MARRIED; 0; 0; 1; 0,6612285; 0,09859967; 0,47421807; 0,7154744; Idle
HIGH; SELF; MARRIED; 0,3; 0,3; 0,7000003; 0,36097997; 0,83816487; 0,3891099; 0,81406605; Idle
HIGH; SELF; MARRIED; 0,30000004; 0,30000004; 0,7000003; 0,1905976; 0,8104888; 0,12005705; 0,1271792; Aggressive
HIGH; SELF; MARRIED; 0,6000001; 0,6000001; 0,4000004; 0,17389607; 0,6975374; 0,63753724; 0,48511797; Idle
HIGH; SELF; MARRIED; 0; 0; 1; 0,39496833; 0,677606; 0,29842615; 0,4528774; Aggressive
HIGH; SELF; MARRIED; 0,30000004; 0,30000004; 0,7000003; 0,565888; 0,018842578; 0,05445689; 0,7751663; Aggressive
HIGH; SELF; MARRIED; 1,1175871E-08; 1,1175871E-08; 1; 0,4419319; 0,90116125; 0,6391907; 0,8961964; Idle
HIGH; SELF; MARRIED; 0,30000004; 0,30000004; 0,7000003; 0,35315353; 0,93806523; 0,2798158; 0,84808975; Aggressive
HIGH; SELF; MARRIED; 1,1175871E-08; 1,1175871E-08; 1; 0,95859206; 0,17475474; 0,5331819; 0,9127843; Idle
HIGH; SELF; MARRIED; 0,30000004; 0,30000004; 0,7000003; 0,9779007; 0,43598628; 0,0805338; 0,22308743; Aggressive
HIGH; SELF; MARRIED; 0,30000004; 0,30000004; 0,7000003; 0,9158412; 0,98659456; 0,38467056; 0,40573347; PatrolWalk
HIGH; SELF; MARRIED; 0,6000001; 0,6000001; 0,4000004; 0,42430413; 0,2449022; 0,716067; 0,9538928; Investigation
HIGH; SELF; MARRIED; 1,1175871E-08; 1,1175871E-08; 1; 0,62284; 0,025917709; 0,51528436; 0,7974938; Idle
HIGH; SELF; MARRIED; 1; 1; 0; 0,5578086; 0,078473985; 0,19099718; 0,34709793; Interact
HIGH; SELF; MARRIED; 0,8999998; 0,8999998; 0,10000028; 0,83596003; 0,85100734; 0,021347523; 0,93946284; Investigation
HIGH; SELF; MARRIED; 0; 0; 1; 0,078733265; 0,24950463; 0,194017; 0,5461762; Aggressive
HIGH; SELF; MARRIED; 1,1175871E-08; 1,1175871E-08; 1; 0,37680507; 0,15500772; 0,7312344; 0,44711947; Idle
HIGH; SELF; MARRIED; 0,30000004; 0,30000004; 0,7000003; 0,7341801; 0,29116458; 0,17373687; 0,6904748; Aggressive
HIGH; SELF; MARRIED; 1,1175871E-08; 1,1175871E-08; 1; 0,21452981; 0,42581093; 0,2986765; 0,73297554; Aggressive
HIGH; SELF; MARRIED; 0,30000004; 0,30000004; 0,7000003; 0,065977514; 0,84264123; 0,9341218; 0,50340563; PatrolWalk
HIGH; SELF; MARRIED; 1,1175871E-08; 1,1175871E-08; 1; 0,9456678; 0,6545271; 0,95855784; 0,8938031; Idle
HIGH; SELF; MARRIED; 1,1175871E-08; 1,1175871E-08; 1; 0,66445506; 0,4393751; 0,116770804; 0,27167618; Aggressive
HIGH; SELF; MARRIED; 0,3; 0,3; 0,7000003; 0,96976453; 0,5280814; 0,83865714; 0,9933218; PatrolWalk
HIGH; SELF; MARRIED; 0,30000004; 0,30000004; 0,7000003; 0,02698028; 0,5211502; 0,08339751; 0,9018743; Aggressive
HIGH; SELF; MARRIED; 0,6000001; 0,6000001; 0,4000004; 0,8366778; 0,39847064; 0,85917586; 0,35074264; Interact
HIGH; SELF; MARRIED; 0; 0; 1; 0,3573187; 0,5823599; 0,62371; 0,6143889; Idle
HIGH; SELF; MARRIED; 0,30000004; 0,30000004; 0,7000003; 0,69580513; 0,68643564; 0,8526005; 0,31925815; PatrolWalk
HIGH; SELF; MARRIED; 1,1175871E-08; 1,1175871E-08; 1; 0,815177; 0,8533883; 0,3782062; 0,7279297; Idle
HIGH; SELF; MARRIED; 0; 0; 1; 0,099944174; 0,20776176; 0,8560707; 0,5607077; Idle
HIGH; SELF; MARRIED; 1,1175871E-08; 1,1175871E-08; 1; 0,88163316; 0,07226187; 0,2034027; 0,18454343; Aggressive
HIGH; SELF; MARRIED; 0,30000004; 0,30000004; 0,7000003; 0,9289681; 0,1358425; 0,65359914; 0,9310268; Idle
HIGH; SELF; MARRIED; 0; 0; 1; 0,930353; 0,7318682; 0,61749077; 0,5570305; Idle
HIGH; SELF; MARRIED; 0; 0; 1; 0,84112775; 0,8634059; 0,81388384; 0,9707154; Idle
HIGH; SELF; MARRIED; 1,1175871E-08; 1,1175871E-08; 1; 0,506431; 0,5327789; 0,5200504; 0,82276875; Idle
HIGH; SELF; MARRIED; 0,28333333; 0,28333333; 0,71666694; 0,022405386; 0,9365146; 0,9283093; 0,6230458; Idle
HIGH; SELF; MARRIED; 0,31666672; 0,31666672; 0,68333364; 0,9088125; 0,18944597; 0,7871069; 0,17430937; Interact
HIGH; SELF; MARRIED; 0; 0; 1; 0,6807426; 0,7176751; 0,15950811; 0,5569832; Aggressive
HIGH; SELF; MARRIED; 0,31666672; 0,31666672; 0,68333364; 0,5990778; 0,8609935; 0,75917137; 0,41461617; Interact
HIGH; SELF; MARRIED; 0,31666672; 0,31666672; 0,68333364; 0,7611371; 0,6033701; 0,9533626; 0,18581164; Interact
HIGH; SELF; MARRIED; 0; 0; 1; 0,03283894; 0,6896661; 0,87101823; 0,98616; Idle
HIGH; SELF; MARRIED; 0,61666673; 0,61666673; 0,3833337; 0,54762256; 0,9291236; 0,4718064; 0,08576888; Interact
HIGH; SELF; MARRIED; 0,31666672; 0,31666672; 0,68333364; 0,6310109; 0,55013746; 0,69977355; 0,33950448; Interact
HIGH; SELF; MARRIED; 0,31666672; 0,31666672; 0,68333364; 0,44884938; 0,8975844; 0,3061781; 0,74461555; Idle
HIGH; SELF; MARRIED; 0,31666672; 0,31666672; 0,68333364; 0,501809; 0,5633053; 0,12213838; 0,028820574; Interact
HIGH; SELF; MARRIED; 0,58333343; 0,58333343; 0,41666707; 0,8135632; 0,72839606; 0,59147334; 0,6187269; Investigation
HIGH; SELF; MARRIED; 0,016666679; 0,016666679; 0,98333335; 0,6576855; 0,26181263; 0,9805492; 0,7036634; Idle
HIGH; SELF; MARRIED; 0; 0; 1; 0,80216676; 0,5303539; 0,7156558; 0,41690058; Idle
HIGH; SELF; MARRIED; 0,016666679; 0,016666679; 0,98333335; 0,190413; 0,86801255; 0,4235525; 0,86827624; Idle
HIGH; SELF; MARRIED; 0,016666679; 0,016666679; 0,98333335; 0,79204607; 0,41969782; 0,37798238; 0,22026998; Idle
HIGH; SELF; MARRIED; 0,30000004; 0,30000004; 0,7000003; 0,23934281; 0,41203785; 0,5689818; 0,8853771; PatrolWalk
HIGH; SELF; MARRIED; 0,3166667; 0,3166667; 0,68333364; 0,39592624; 0,4592045; 0,013352513; 0,20036429; Aggressive
HIGH; SELF; MARRIED; 0,016666679; 0,016666679; 0,98333335; 0,75199604; 0,6015475; 0,60017663; 0,9341638; Idle
HIGH; SELF; MARRIED; 0,61666673; 0,61666673; 0,3833337; 0,45341212; 0,42292058; 0,14303178; 0,56001616; Aggressive
HIGH; SELF; MARRIED; 0,016666679; 0,016666679; 0,98333335; 0,37554955; 0,23986757; 0,8269289; 0,79135454; Idle
HIGH; SELF; MARRIED; 0,28333333; 0,28333333; 0,71666694; 0,40263498; 0,20115095; 0,21075737; 0,0056552887; Aggressive
HIGH; SELF; MARRIED; 0,31666672; 0,31666672; 0,68333364; 0,2799477; 0,75672054; 0,8068329; 0,47528368; Idle
HIGH; SELF; MARRIED; 0,30000004; 0,30000004; 0,7000003; 0,8427213; 0,130746; 0,6410839; 0,2364456; Idle
HIGH; SELF; MARRIED; 0,31666672; 0,31666672; 0,68333364; 0,88795286; 0,10821235; 0,11502755; 0,19714761; Interact
HIGH; SELF; MARRIED; 0,31666672; 0,31666672; 0,68333364; 0,7339273; 0,84556633; 0,746706; 0,8292655; Interact
HIGH; SELF; MARRIED; 1,1175871E-08; 1,1175871E-08; 1; 0,96757495; 0,023959577; 0,6986911; 0,12915182; Idle
HIGH; SELF; MARRIED; 0,016666664; 0,016666664; 0,98333335; 0,22889698; 0,9404383; 0,33934706; 0,47115123; Idle
HIGH; SELF; MARRIED; 0,31666672; 0,31666672; 0,68333364; 0,013756454; 0,3271495; 0,673888; 0,42243582; PatrolWalk
HIGH; SELF; MARRIED; 0,3166667; 0,3166667; 0,68333364; 0,6666568; 0,17268032; 0,61372834; 0,5495628; Interact
HIGH; SELF; MARRIED; 0,31666672; 0,31666672; 0,68333364; 0,7811829; 0,52836543; 0,5792651; 0,08138436; Interact
HIGH; SELF; MARRIED; 0; 0; 1; 0,48129898; 0,2273922; 0,07428664; 0,8879014; Aggressive
HIGH; SELF; MARRIED; 0,61666673; 0,61666673; 0,3833337; 0,47667342; 0,31545484; 0,4739893; 0,36253554; PatrolWalk
HIGH; SELF; MARRIED; 0,6000001; 0,6000001; 0,4000004; 0,5473423; 0,9508634; 0,012417138; 0,7698659; Investigation
HIGH; SELF; MARRIED; 0,016666679; 0,016666679; 0,98333335; 0,53297454; 0,5342769; 0,848102; 0,5709551; Idle
HIGH; SELF; MARRIED; 0,016666679; 0,016666679; 0,98333335; 0,85012245; 0,91851217; 0,69557375; 0,77117926; Idle
HIGH; SELF; MARRIED; 0,30000004; 0,30000004; 0,7000003; 0,3309679; 0,2767967; 0,85700345; 0,23471987; PatrolWalk
HIGH; SELF; MARRIED; 0,3166667; 0,3166667; 0,68333364; 0,9472493; 0,20651102; 0,2407949; 0,19362378; Interact
HIGH; SELF; MARRIED; 0,016666679; 0,016666679; 0,98333335; 0,9744873; 0,20371348; 0,31043196; 0,69523406; Idle
HIGH; SELF; MARRIED; 0,016666664; 0,016666664; 0,98333335; 0,08782947; 0,7888283; 0,5309133; 0,31889826; Idle
HIGH; SELF; MARRIED; 0,016666679; 0,016666679; 0,98333335; 0,71900755; 0,3738132; 0,61650676; 0,6660449; Idle
HIGH; SELF; MARRIED; 0; 0; 1; 0,19558209; 0,33669472; 0,631216; 0,88873285; Idle
HIGH; SELF; MARRIED; 0,3166667; 0,3166667; 0,68333364; 0,92840993; 0,85065013; 0,92973906; 0,9982931; Interact
HIGH; SELF; MARRIED; 0,3; 0,3; 0,7000003; 0,009921312; 0,79579985; 0,5980923; 0,19418973; PatrolWalk
HIGH; SELF; MARRIED; 0,31666672; 0,31666672; 0,68333364; 0,7782835; 0,20934814; 0,07267237; 0,5962432; Interact
HIGH; SELF; MARRIED; 0,31666672; 0,31666672; 0,68333364; 0,27520055; 0,78856385; 0,5762998; 0,5917792; PatrolWalk
HIGH; SELF; MARRIED; 1,1175871E-08; 1,1175871E-08; 1; 0,7146135; 0,028042853; 0,5683207; 0,018174231; Idle
HIGH; SELF; MARRIED; 0,016666664; 0,016666664; 0,98333335; 0,58743674; 0,5468655; 0,2547605; 0,45442408; Aggressive
HIGH; SELF; MARRIED; 0,31666672; 0,31666672; 0,68333364; 0,10176742; 0,24123096; 0,16250366; 0,53981936; Aggressive
HIGH; SELF; MARRIED; 0,3166667; 0,3166667; 0,68333364; 0,8349556; 0,99047595; 0,83308387; 0,8741771; Interact
HIGH; SELF; MARRIED; 0,31666672; 0,31666672; 0,68333364; 0,33787447; 0,3928544; 0,28652167; 0,074979246; Aggressive
HIGH; SELF; MARRIED; 0,30000004; 0,30000004; 0,7000003; 0,7092795; 0,80889225; 0,7565666; 0,46729082; Idle
HIGH; SELF; MARRIED; 0,016666664; 0,016666664; 0,98333335; 0,7237296; 0,7522728; 0,5672005; 0,80089056; Idle
HIGH; SELF; MARRIED; 0; 0; 1; 0,6056708; 0,04156947; 0,07237089; 0,92177635; Aggressive
HIGH; SELF; MARRIED; 0,016666679; 0,016666679; 0,98333335; 0,9870193; 0,8834224; 0,858483; 0,063480735; Idle
HIGH; SELF; MARRIED; 0,016666679; 0,016666679; 0,98333335; 0,6104767; 0,6750258; 0,5351999; 0,76502514; Idle
HIGH; SELF; MARRIED; 0,30000004; 0,30000004; 0,7000003; 0,75535256; 0,2171455; 0,3617987; 0,83893806; PatrolWalk
HIGH; SELF; MARRIED; 0; 0; 1; 0,5814134; 0,8600774; 0,6452833; 0,03898853; Idle
HIGH; SELF; MARRIED; 0,016666679; 0,016666679; 0,98333335; 0,28616703; 0,6502147; 0,31510723; 0,99794346; Idle
HIGH; SELF; MARRIED; 0,016666664; 0,016666664; 0,98333335; 0,011551201; 0,14310187; 0,72965604; 0,29803163; Idle
HIGH; SELF; MARRIED; 0,016666679; 0,016666679; 0,98333335; 0,68375367; 0,32158655; 0,22893059; 0,9003438; Aggressive
HIGH; SELF; MARRIED; 0,6000001; 0,6000001; 0,4000004; 0,9239019; 0,0989629; 0,52302426; 0,3515904; Interact
HIGH; SELF; MARRIED; 0,3166667; 0,3166667; 0,68333364; 0,50796425; 0,6121264; 0,30342537; 0,9076149; Interact
HIGH; SELF; MARRIED; 0; 0; 1; 0,2256394; 0,48656392; 0,8693247; 0,6516796; Idle
HIGH; SELF; MARRIED; 0,31666672; 0,31666672; 0,68333364; 0,7072022; 0,27929276; 0,7088935; 0,18919837; Interact
HIGH; SELF; MARRIED; 0,31666672; 0,31666672; 0,68333364; 0,4958893; 0,8340164; 0,33706427; 0,76911134; PatrolWalk
HIGH; SELF; MARRIED; 1,1175871E-08; 1,1175871E-08; 1; 0,22515863; 0,40161616; 0,74854714; 0,20432246; Idle
HIGH; SELF; MARRIED; 0,30000004; 0,30000004; 0,7000003; 0,64563996; 0,91009593; 0,44558758; 0,42790103; PatrolWalk
HIGH; SELF; MARRIED; 0,31666672; 0,31666672; 0,68333364; 0,53378; 0,27441514; 0,10296655; 0,9230542; Interact
HIGH; SELF; MARRIED; 0,3166667; 0,3166667; 0,68333364; 0,42684317; 0,91481024; 0,71776944; 0,5658376; Idle
HIGH; SELF; MARRIED; 0; 0; 1; 0,64356494; 0,84018105; 0,119487345; 0,45989376; Aggressive
HIGH; SELF; MARRIED; 0,3; 0,3; 0,7000003; 0,72420245; 0,5240449; 0,8142856; 0,96045476; Idle
HIGH; SELF; MARRIED; 0,016666664; 0,016666664; 0,98333335; 0,81603473; 0,14572191; 0,12353498; 0,9986322; Aggressive
HIGH; SELF; MARRIED; 0,30000004; 0,30000004; 0,7000003; 0,48611104; 0,99932635; 0,54882306; 0,50398403; PatrolWalk
HIGH; SELF; MARRIED; 0,016666679; 0,016666679; 0,98333335; 0,43674678; 0,9093242; 0,42893183; 0,115351856; Idle
HIGH; SELF; MARRIED; 0,016666679; 0,016666679; 0,98333335; 0,38669485; 0,789961; 0,5778559; 0,32304686; Idle
HIGH; SELF; MARRIED; 0,30000004; 0,30000004; 0,7000003; 0,2701676; 0,8479179; 0,9917972; 0,6158541; PatrolWalk
HIGH; SELF; MARRIED; 1,1175871E-08; 1,1175871E-08; 1; 0,18262261; 0,8344075; 0,42828494; 0,45306873; Idle
HIGH; SELF; MARRIED; 0,016666679; 0,016666679; 0,98333335; 0,10513711; 0,45484048; 0,80381685; 0,094073355; Idle
HIGH; SELF; MARRIED; 0,61666673; 0,61666673; 0,3833337; 0,4273733; 0,6345424; 0,7445576; 0,8654052; Investigation
HIGH; SELF; MARRIED; 0; 0; 1; 0,51166636; 0,37833565; 0,15067726; 0,5821316; Aggressive
HIGH; SELF; MARRIED; 0; 0; 1; 0,99840134; 0,7068383; 0,38756502; 0,8940485; Idle
HIGH; SELF; MARRIED; 0,6000001; 0,6000001; 0,4000004; 0,6200345; 0,06728822; 0,7472458; 0,011666298; Interact
HIGH; SELF; MARRIED; 0; 0; 1; 0,6633843; 0,40172398; 0,5151056; 0,9968615; Idle
HIGH; SELF; MARRIED; 1,1175871E-08; 1,1175871E-08; 1; 0,079214156; 0,26499277; 0,86792165; 0,28376228; Idle
HIGH; SELF; MARRIED; 0,31666672; 0,31666672; 0,68333364; 0,3284523; 0,13961357; 0,17063624; 0,27832854; Aggressive
HIGH; SELF; MARRIED; 0,31666672; 0,31666672; 0,68333364; 0,8355019; 0,5353294; 0,6763756; 0,6564824; Interact
HIGH; SELF; MARRIED; 1,1175871E-08; 1,1175871E-08; 1; 0,43329865; 0,37030923; 0,25463808; 0,013593674; Aggressive
HIGH; SELF; MARRIED; 0,30000004; 0,30000004; 0,7000003; 0,98949265; 0,24506807; 0,9278225; 0,3521521; PatrolWalk
HIGH; SELF; MARRIED; 0,31666672; 0,31666672; 0,68333364; 0,38452423; 0,5457968; 0,7614249; 0,13864177; Idle
HIGH; SELF; MARRIED; 0,3166667; 0,3166667; 0,68333364; 0,44400442; 0,08786535; 0,60306096; 0,03281766; PatrolWalk
HIGH; SELF; MARRIED; 0; 0; 1; 0,7970581; 0,060007095; 0,6161026; 0,39194816; Idle
HIGH; SELF; MARRIED; 0,3; 0,3; 0,7000003; 0,46036863; 0,059667587; 0,9905224; 0,6207746; PatrolWalk
HIGH; SELF; MARRIED; 0,30000004; 0,30000004; 0,7000003; 0,36415637; 0,06603575; 0,12972236; 0,9971027; Aggressive
HIGH; SELF; MARRIED; 0,30000004; 0,30000004; 0,7000003; 0,52666914; 0,29235566; 0,63346004; 0,67066187; PatrolWalk
HIGH; SELF; MARRIED; 0,016666679; 0,016666679; 0,98333335; 0,20164281; 0,8933734; 0,9025376; 0,04048568; Idle
HIGH; SELF; MARRIED; 0,016666679; 0,016666679; 0,98333335; 0,19679165; 0,08361608; 0,19200414; 0,15627211; Aggressive
HIGH; SELF; MARRIED; 0; 0; 1; 0,7221133; 0,6779638; 0,11846399; 0,40612936; Aggressive
HIGH; SELF; MARRIED; 1,1175871E-08; 1,1175871E-08; 1; 0,56991744; 0,76797515; 0,99523985; 0,68980986; Idle
HIGH; SELF; MARRIED; 0,61666673; 0,61666673; 0,3833337; 0,18972462; 0,50372213; 0,846479; 0,57449776; Idle
HIGH; SELF; MARRIED; 0,016666664; 0,016666664; 0,98333335; 0,9373874; 0,37071735; 0,44515914; 0,820898; Idle
HIGH; SELF; MARRIED; 0,30000004; 0,30000004; 0,7000003; 0,072519064; 0,43962437; 0,74671227; 0,78163946; Idle
HIGH; SELF; MARRIED; 0; 0; 1; 0,8092181; 0,55281824; 0,11441797; 0,8001558; Aggressive
HIGH; SELF; MARRIED; 0; 0; 1; 0,773745; 0,78112274; 0,69878; 0,0572111; Idle
HIGH; SELF; MARRIED; 0; 0; 1; 0,31068957; 0,87210137; 0,65574086; 0,02150762; Idle
HIGH; SELF; MARRIED; 0,3333334; 0,3333334; 0,666667; 0,32789338; 0,25413555; 0,8799458; 0,7353199; Idle
HIGH; SELF; MARRIED; 0; 0; 1; 0,42556262; 0,7320667; 0,61511487; 0,9979169; Idle
HIGH; SELF; MARRIED; 0; 0; 1; 0,23402232; 0,60755986; 0,09672594; 0,9317736; Aggressive
HIGH; SELF; MARRIED; 0,31666672; 0,31666672; 0,68333364; 0,14902556; 0,9433513; 0,1622029; 0,17672181; Aggressive
HIGH; SELF; MARRIED; 0,9333331; 0,9333331; 0,066666946; 0,8939333; 0,1776554; 0,6456522; 0,3366477; Interact
HIGH; SELF; MARRIED; 0,33333337; 0,33333337; 0,666667; 0,29720604; 0,5824322; 0,77552813; 0,4465695; Idle
HIGH; SELF; MARRIED; 0,61666673; 0,61666673; 0,3833337; 0,30953795; 0,67317146; 0,9932317; 0,73027366; Investigation
HIGH; SELF; MARRIED; 0; 0; 1; 0,9693302; 0,16025835; 0,5538137; 0,9938057; Idle
HIGH; SELF; MARRIED; 0,30000004; 0,30000004; 0,7000003; 0,46350533; 0,93511474; 0,6990134; 0,6445013; PatrolWalk
HIGH; SELF; MARRIED; 0,30000004; 0,30000004; 0,7000003; 0,8102144; 0,8068885; 0,44453806; 0,11610222; Idle
HIGH; SELF; MARRIED; 0,6333334; 0,6333334; 0,36666703; 0,6655825; 0,6257878; 0,32265043; 0,91019994; Investigation
HIGH; SELF; MARRIED; 0,30000004; 0,30000004; 0,7000003; 0,48715365; 0,5191686; 0,020902514; 0,11416656; Aggressive
HIGH; SELF; MARRIED; 0; 0; 1; 0,6719417; 0,6128523; 0,85742086; 0,0333606; Idle
HIGH; SELF; MARRIED; 0,016666679; 0,016666679; 0,98333335; 0,58816713; 0,018539727; 0,4471662; 0,6208814; Idle
HIGH; SELF; MARRIED; 0,6333334; 0,6333334; 0,36666703; 0,506013; 0,8916187; 0,37659746; 0,97039074; Investigation
HIGH; SELF; MARRIED; 0,6333334; 0,6333334; 0,36666703; 0,0038434863; 0,39754283; 0,988281; 0,87238735; Investigation
HIGH; SELF; MARRIED; 0,3166667; 0,3166667; 0,68333364; 0,586106; 0,77574074; 0,28791368; 0,35992265; Interact
HIGH; SELF; MARRIED; 0,30000004; 0,30000004; 0,7000003; 0,042761087; 0,95289916; 0,592193; 0,088967204; Idle
HIGH; SELF; MARRIED; 1,1175871E-08; 1,1175871E-08; 1; 0,20109558; 0,484308; 0,10970986; 0,73724025; Aggressive
HIGH; SELF; MARRIED; 0,6000001; 0,6000001; 0,4000004; 0,37142283; 0,8502095; 0,23354298; 0,9607236; Investigation
HIGH; SELF; MARRIED; 0,33333337; 0,33333337; 0,666667; 0,79002285; 0,8465725; 0,26213354; 0,2168951; Interact
HIGH; SELF; MARRIED; 1,1175871E-08; 1,1175871E-08; 1; 0,5409271; 0,44027466; 0,6088219; 0,71411353; Idle
HIGH; SELF; MARRIED; 0,30000004; 0,30000004; 0,7000003; 0,8755653; 0,12449473; 0,9999228; 0,30238914; PatrolWalk
HIGH; SELF; MARRIED; 0,31666672; 0,31666672; 0,68333364; 0,7833984; 0,4726948; 0,44820297; 0,3207355; Interact
HIGH; SELF; MARRIED; 0,33333337; 0,33333337; 0,666667; 0,2593037; 0,5805517; 0,24733579; 0,2192179; Aggressive
HIGH; SELF; MARRIED; 0,33333337; 0,33333337; 0,666667; 0,6832773; 0,3353731; 0,8013836; 0,8070712; Interact
HIGH; SELF; MARRIED; 0,016666664; 0,016666664; 0,98333335; 0,23269045; 0,7299718; 0,00066435337; 0,66682035; Aggressive
HIGH; SELF; MARRIED; 0,6000001; 0,6000001; 0,4000004; 0,7881889; 0,57112324; 0,725815; 0,124922335; Interact
HIGH; SELF; MARRIED; 0; 0; 1; 0,5203922; 0,52232337; 0,9256304; 0,5271821; Idle
HIGH; SELF; MARRIED; 0,3; 0,3; 0,7000003; 0,14931381; 0,3094678; 0,74384737; 0,88201237; Idle
HIGH; SELF; MARRIED; 0,03333333; 0,03333333; 0,9666667; 0,78164047; 0,32416105; 0,16553658; 0,4559425; Aggressive
HIGH; SELF; MARRIED; 0,30000004; 0,30000004; 0,7000003; 0,88165104; 0,64503694; 0,24924678; 0,6039319; Aggressive
HIGH; SELF; MARRIED; 1,1175871E-08; 1,1175871E-08; 1; 0,33305985; 0,089987814; 0,70168823; 0,2875347; Idle
HIGH; SELF; MARRIED; 0,016666679; 0,016666679; 0,98333335; 0,040062547; 0,21525985; 0,3053621; 0,28427923; Idle
HIGH; SELF; MARRIED; 0,03333333; 0,03333333; 0,9666667; 0,036040246; 0,15514529; 0,13941193; 0,14198238; Aggressive
HIGH; SELF; MARRIED; 0,03333333; 0,03333333; 0,9666667; 0,5521298; 0,9435317; 0,9504756; 0,8000734; Idle
HIGH; SELF; MARRIED; 0; 0; 1; 0,018820524; 0,54971206; 0,65130484; 0,38209772; Idle
HIGH; SELF; MARRIED; 0,3; 0,3; 0,7000003; 0,36911094; 0,47723514; 0,83532727; 0,2245205; Idle
HIGH; SELF; MARRIED; 0,30000004; 0,30000004; 0,7000003; 0,7840687; 0,015800834; 0,5681868; 0,99331504; Idle
HIGH; SELF; MARRIED; 0,6000001; 0,6000001; 0,4000004; 0,5412983; 0,18511802; 0,17650145; 0,2640403; Interact
HIGH; SELF; MARRIED; 0; 0; 1; 0,6281192; 0,70168793; 0,1589666; 0,77138305; Aggressive
HIGH; SELF; MARRIED; 1,1175871E-08; 1,1175871E-08; 1; 0,68292594; 0,113042295; 0,58456707; 0,58354115; Idle
HIGH; SELF; MARRIED; 0,30000004; 0,30000004; 0,7000003; 0,16776472; 0,22560984; 0,07494408; 0,7053967; Aggressive
HIGH; SELF; MARRIED; 0,31666672; 0,31666672; 0,68333364; 0,71162283; 0,02092266; 0,5713959; 0,6904908; Interact
HIGH; SELF; MARRIED; 0; 0; 1; 0,2704901; 0,46122932; 0,14650202; 0,6562695; Aggressive
HIGH; SELF; MARRIED; 0,33333337; 0,33333337; 0,666667; 0,93305665; 0,6656971; 0,69541574; 0,4680429; Interact
HIGH; SELF; MARRIED; 0,30000004; 0,30000004; 0,7000003; 0,62111557; 0,3904925; 0,45660794; 0,42517555; Idle
HIGH; SELF; MARRIED; 0,6000001; 0,6000001; 0,4000004; 0,512904; 0,8466893; 0,63965666; 0,50082123; Interact
HIGH; SELF; MARRIED; 0,6000001; 0,6000001; 0,4000004; 0,21185511; 0,6622311; 0,64492464; 0,6005534; Investigation
HIGH; SELF; MARRIED; 0,3; 0,3; 0,7000003; 0,23858315; 0,46746814; 0,20746535; 0,26731366; Aggressive
HIGH; SELF; MARRIED; 0; 0; 1; 0,60204923; 0,32787132; 0,21689796; 0,50936896; Aggressive
HIGH; SELF; MARRIED; 0,30000004; 0,30000004; 0,7000003; 0,71856296; 0,93112904; 0,8842307; 0,26792985; Idle
HIGH; SELF; MARRIED; 1,1175871E-08; 1,1175871E-08; 1; 0,6368559; 0,40545642; 0,4795168; 0,68630403; Idle
HIGH; SELF; MARRIED; 0,016666679; 0,016666679; 0,98333335; 0,36701965; 0,3346691; 0,8123444; 0,3977598; Idle
HIGH; SELF; MARRIED; 0; 0; 1; 0,11283767; 0,5102606; 0,65726763; 0,27486157; Idle
HIGH; SELF; MARRIED; 0,03333333; 0,03333333; 0,9666667; 0,89235115; 0,8508712; 0,9234457; 0,6839385; Idle
HIGH; SELF; MARRIED; 0,6000001; 0,6000001; 0,4000004; 0,045105696; 0,30342633; 0,7490185; 0,686782; Investigation
HIGH; SELF; MARRIED; 0,3; 0,3; 0,7000003; 0,842136; 0,90264654; 0,65084666; 0,21157032; PatrolWalk
HIGH; SELF; MARRIED; 0,3; 0,3; 0,7000003; 0,048003078; 0,3860134; 0,25769585; 0,99808717; Aggressive
HIGH; SELF; MARRIED; 0; 0; 1; 0,3765325; 0,39521062; 0,6108886; 0,60980165; Idle
HIGH; SELF; MARRIED; 0; 0; 1; 0,67774814; 0,99105084; 0,10425335; 0,40040904; Aggressive
HIGH; SELF; MARRIED; 0,6000001; 0,6000001; 0,4000004; 0,63114077; 0,28067136; 0,92987096; 0,94163924; Investigation
HIGH; SELF; MARRIED; 0,30000004; 0,30000004; 0,7000003; 0,81018096; 0,732819; 0,17962813; 0,16021955; Aggressive
HIGH; SELF; MARRIED; 0,31666672; 0,31666672; 0,68333364; 0,972147; 0,35180902; 0,022349358; 0,5588288; Interact
HIGH; SELF; MARRIED; 0,30000004; 0,30000004; 0,7000003; 0,56881326; 0,27618682; 0,80896175; 0,07196194; Idle
HIGH; SELF; MARRIED; 0,33333337; 0,33333337; 0,666667; 0,23697668; 0,47479898; 0,7600894; 0,043418348; PatrolWalk
HIGH; SELF; MARRIED; 0,3; 0,3; 0,7000003; 0,8871386; 0,39765227; 0,14538598; 0,2614444; Aggressive
HIGH; SELF; MARRIED; 0; 0; 1; 0,9711101; 0,8618615; 0,95340955; 0,117405176; Idle
HIGH; SELF; MARRIED; 0; 0; 1; 0,16262937; 0,29223675; 0,8542242; 0,8478668; Idle
HIGH; SELF; MARRIED; 0,30000004; 0,30000004; 0,7000003; 0,840741; 0,10226399; 0,75687695; 0,21721417; Idle
HIGH; SELF; MARRIED; 0; 0; 1; 0,5656255; 0,8497132; 0,9547694; 0,2012766; Idle
HIGH; SELF; MARRIED; 0,3; 0,3; 0,7000003; 0,61573786; 0,99926114; 0,5421938; 0,078376055; PatrolWalk
HIGH; SELF; MARRIED; 1,1175871E-08; 1,1175871E-08; 1; 0,86790514; 0,22220749; 0,16010433; 0,13385618; Aggressive
HIGH; SELF; MARRIED; 0,016666679; 0,016666679; 0,98333335; 0,5414436; 0,6353736; 0,79115456; 0,09548545; Idle
HIGH; SELF; MARRIED; 0,6000001; 0,6000001; 0,4000004; 0,9636258; 0,68893975; 0,6582497; 0,6461558; Investigation
HIGH; SELF; MARRIED; 0,03333333; 0,03333333; 0,9666667; 0,92384166; 0,20150143; 0,62454516; 0,3819062; Idle
HIGH; SELF; MARRIED; 0; 0; 1; 0,31123465; 0,8587634; 0,9058927; 0,69659185; Idle
HIGH; SELF; MARRIED; 1; 1; 0; 0,39076596; 0,4663121; 0,11785722; 0,105787635; PatrolWalk
HIGH; SELF; MARRIED; 0,30000004; 0,30000004; 0,7000003; 0,092440605; 0,35065782; 0,39171678; 0,58481336; PatrolWalk
HIGH; SELF; MARRIED; 0,30000004; 0,30000004; 0,7000003; 0,6634458; 0,3675568; 0,64132726; 0,62014586; Idle
HIGH; SELF; MARRIED; 0,6000001; 0,6000001; 0,4000004; 0,9038758; 0,7351509; 0,44590008; 0,048345566; Interact
HIGH; SELF; MARRIED; 0,30000004; 0,30000004; 0,7000003; 0,77187115; 0,06628156; 0,58753926; 0,0893358; PatrolWalk
HIGH; SELF; MARRIED; 0; 0; 1; 0,6415127; 0,16511863; 0,2540437; 0,4553041; Aggressive
HIGH; SELF; MARRIED; 0; 0; 1; 0,9512348; 0,59036225; 0,9988498; 0,8224452; Idle
HIGH; SELF; MARRIED; 0,31666672; 0,31666672; 0,68333364; 0,96672577; 0,41683018; 0,7482661; 0,19413716; Interact
HIGH; SELF; MARRIED; 0,3; 0,3; 0,7000003; 0,05906737; 0,9155826; 0,74517715; 0,9630688; Idle
HIGH; SELF; MARRIED; 0,33333337; 0,33333337; 0,666667; 0,58735526; 0,44294417; 0,8939377; 0,58158135; Interact
HIGH; SELF; MARRIED; 0,30000004; 0,30000004; 0,7000003; 0,90915173; 0,79439574; 0,78087175; 0,6874216; PatrolWalk
HIGH; SELF; MARRIED; 1,1175871E-08; 1,1175871E-08; 1; 0,5128198; 0,67968637; 0,44668257; 0,014960408; Idle
HIGH; SELF; MARRIED; 0,6000001; 0,6000001; 0,4000004; 0,89596975; 0,7037037; 0,6619579; 0,50624734; Interact
HIGH; SELF; MARRIED; 0,3; 0,3; 0,7000003; 0,77462834; 0,65837866; 0,23843461; 0,5166671; Aggressive
HIGH; SELF; MARRIED; 1,1175871E-08; 1,1175871E-08; 1; 0,70363563; 0,8513494; 0,23281711; 0,57733047; Aggressive
HIGH; SELF; MARRIED; 0; 0; 1; 0,8651874; 0,61033195; 0,16890037; 0,9323417; Aggressive
HIGH; SELF; MARRIED; 0,30000004; 0,30000004; 0,7000003; 0,34622133; 0,14331454; 0,9355147; 0,12395656; PatrolWalk
HIGH; SELF; MARRIED; 0,016666679; 0,016666679; 0,98333335; 0,15396756; 0,4052971; 0,9832267; 0,42531985; Idle
HIGH; SELF; MARRIED; 0,6000001; 0,6000001; 0,4000004; 0,4885028; 0,3293864; 0,9565228; 0,6725681; Investigation
HIGH; SELF; MARRIED; 0,03333333; 0,03333333; 0,9666667; 0,4797799; 0,96598977; 0,84483147; 0,29874688; Idle
HIGH; SELF; MARRIED; 1,1175871E-08; 1,1175871E-08; 1; 0,7374947; 0,150724; 0,60475063; 0,91948706; Idle
HIGH; SELF; MARRIED; 0,31666672; 0,31666672; 0,68333364; 0,037243903; 0,06683451; 0,9257418; 0,7274336; Idle
HIGH; SELF; MARRIED; 0,28333333; 0,28333333; 0,71666694; 0,89059937; 0,07333869; 0,3691808; 0,9328413; PatrolWalk
HIGH; SELF; MARRIED; 0; 0; 1; 0,8487586; 0,69952387; 0,46085775; 0,5560117; Idle
HIGH; SELF; MARRIED; 0; 0; 1; 0,4512154; 0,62051296; 0,94458616; 0,2629258; Idle
HIGH; SELF; MARRIED; 0; 0; 1; 0,5712154; 0,19434804; 0,6237545; 0,6204958; Idle
HIGH; SELF; MARRIED; 0; 0; 1; 0,7852375; 0,76953584; 0,13821894; 0,21879911; Aggressive
HIGH; SELF; MARRIED; 0,3333334; 0,3333334; 0,666667; 0,63347745; 0,4447809; 0,2812562; 0,9323554; Interact
HIGH; SELF; MARRIED; 0,28333333; 0,28333333; 0,71666694; 0,45477003; 0,55180883; 0,42704064; 0,92619413; PatrolWalk
HIGH; SELF; MARRIED; 0,35000005; 0,35000005; 0,65000033; 0,4929344; 0,60856175; 0,47135264; 0,902148; Idle
HIGH; SELF; MARRIED; 0,31666672; 0,31666672; 0,68333364; 0,58027756; 0,37732482; 0,983414; 0,6998378; Interact
HIGH; SELF; MARRIED; 0,61666673; 0,61666673; 0,3833337; 0,88081616; 0,6261833; 0,6767138; 0,73205763; Investigation
HIGH; SELF; MARRIED; 0; 0; 1; 0,3448078; 0,89718753; 0,9964609; 0,8128816; Idle
HIGH; SELF; MARRIED; 0,30000004; 0,30000004; 0,7000003; 0,1409285; 0,32024848; 0,114355326; 0,27095968; Aggressive
HIGH; SELF; MARRIED; 0,30000004; 0,30000004; 0,7000003; 0,22580117; 0,36688036; 0,38786143; 0,6373799; PatrolWalk
HIGH; SELF; MARRIED; 0,30000004; 0,30000004; 0,7000003; 0,22887558; 0,5614853; 0,9379933; 0,099547505; PatrolWalk
HIGH; SELF; MARRIED; 0; 0; 1; 0,37313002; 0,81511486; 0,6993688; 0,9333417; Idle
HIGH; SELF; MARRIED; 0,033333346; 0,033333346; 0,9666667; 0,64559877; 0,058763266; 0,7229456; 0,5892028; Idle
HIGH; SELF; MARRIED; 0; 0; 1; 0,1580326; 0,8089545; 0,22444886; 0,09174979; Aggressive
HIGH; SELF; MARRIED; 0,65000004; 0,65000004; 0,35000035; 0,37093562; 0,59823996; 0,2422108; 0,54147714; Aggressive
HIGH; SELF; MARRIED; 0,016666679; 0,016666679; 0,98333335; 0,7888601; 0,12967998; 0,29721963; 0,6895829; Aggressive
HIGH; SELF; MARRIED; 0,3166667; 0,3166667; 0,68333364; 0,8597667; 0,695284; 0,6271873; 0,87156093; Interact
HIGH; SELF; MARRIED; 0,30000004; 0,30000004; 0,7000003; 0,09537858; 0,11714721; 0,27475142; 0,04456669; Aggressive
HIGH; SELF; MARRIED; 1,1175871E-08; 1,1175871E-08; 1; 0,5919422; 0,943815; 0,4718446; 0,6049955; Idle
HIGH; SELF; MARRIED; 1,1175871E-08; 1,1175871E-08; 1; 0,8340169; 0,023596823; 0,7379319; 0,6064147; Idle
HIGH; SELF; MARRIED; 1,1175871E-08; 1,1175871E-08; 1; 0,25243533; 0,24029642; 0,8017128; 0,22604877; Idle
HIGH; SELF; MARRIED; 0,30000004; 0,30000004; 0,7000003; 0,11583948; 0,95036733; 0,5973809; 0,6883205; Idle
HIGH; SELF; MARRIED; 0,3333334; 0,3333334; 0,666667; 0,77488625; 0,22513044; 0,462551; 0,51069975; Interact
HIGH; SELF; MARRIED; 0; 0; 1; 0,44140744; 0,9566107; 0,23684937; 0,89206415; Aggressive
HIGH; SELF; MARRIED; 0,35000005; 0,35000005; 0,65000033; 0,6758861; 0,9709177; 0,97334963; 0,8684896; Interact
HIGH; SELF; MARRIED; 0; 0; 1; 0,56993324; 0,17846215; 0,9242114; 0,15358543; Idle
HIGH; SELF; MARRIED; 0,016666664; 0,016666664; 0,98333335; 0,97076726; 0,7166999; 0,5774703; 0,7254052; Idle
HIGH; SELF; MARRIED; 1,1175871E-08; 1,1175871E-08; 1; 0,028409839; 0,24773812; 0,45274407; 0,64641434; Idle
HIGH; SELF; MARRIED; 0,30000004; 0,30000004; 0,7000003; 0,5632932; 0,0415442; 0,027902067; 0,6743857; Aggressive
HIGH; SELF; MARRIED; 0,30000004; 0,30000004; 0,7000003; 0,16100675; 0,19110954; 0,70843464; 0,21668768; PatrolWalk
HIGH; SELF; MARRIED; 0,30000004; 0,30000004; 0,7000003; 0,95869243; 0,31684; 0,3944136; 0,2143274; PatrolWalk
HIGH; SELF; MARRIED; 0,6000001; 0,6000001; 0,4000004; 0,27975047; 0,39523864; 0,15026724; 0,87405485; Investigation
HIGH; SELF; MARRIED; 0,033333346; 0,033333346; 0,9666667; 0,4583099; 0,3903805; 0,40626508; 0,6722591; Idle
HIGH; SELF; MARRIED; 0; 0; 1; 0,32900184; 0,31055045; 0,3792302; 0,7790391; Idle
HIGH; SELF; MARRIED; 0,049999997; 0,049999997; 0,95000005; 0,63009953; 0,20964223; 0,014569521; 0,64245224; Aggressive
HIGH; SELF; MARRIED; 0,30000004; 0,30000004; 0,7000003; 0,0787949; 0,4838882; 0,072086275; 0,8486109; Aggressive
HIGH; SELF; MARRIED; 0,3166667; 0,3166667; 0,68333364; 0,8277378; 0,35826433; 0,7630204; 0,5728202; Interact
HIGH; SELF; MARRIED; 0,30000004; 0,30000004; 0,7000003; 0,18363762; 0,801014; 0,9856369; 0,416318; PatrolWalk
HIGH; SELF; MARRIED; 1,1175871E-08; 1,1175871E-08; 1; 0,6704394; 0,9716758; 0,32639176; 0,7686904; Idle
HIGH; SELF; MARRIED; 1,1175871E-08; 1,1175871E-08; 1; 0,7171978; 0,80520725; 0,35655057; 0,66446465; Idle
HIGH; SELF; MARRIED; 1,1175871E-08; 1,1175871E-08; 1; 0,5174858; 0,23782486; 0,9690139; 0,97947526; Idle
HIGH; SELF; MARRIED; 0,3; 0,3; 0,7000003; 0,53900266; 0,76730955; 0,8047043; 0,83100015; Idle
HIGH; SELF; MARRIED; 0,3333334; 0,3333334; 0,666667; 0,7242354; 0,50647545; 0,71172243; 0,41993672; Interact
HIGH; SELF; MARRIED; 0,30000004; 0,30000004; 0,7000003; 0,19006073; 0,5747216; 0,7396009; 0,033611834; PatrolWalk
HIGH; SELF; MARRIED; 0; 0; 1; 0,30277485; 0,3561793; 0,75473386; 0,24196953; Idle
HIGH; SELF; MARRIED; 1,1175871E-08; 1,1175871E-08; 1; 0,5362358; 0,6089631; 0,3417276; 0,5291715; Idle
HIGH; SELF; MARRIED; 0,016666664; 0,016666664; 0,98333335; 0,38968652; 0,44054627; 0,57359976; 0,08110446; Idle
HIGH; SELF; MARRIED; 1,1175871E-08; 1,1175871E-08; 1; 0,7608509; 0,05519271; 0,026970923; 0,5322525; Aggressive
HIGH; SELF; MARRIED; 0,30000004; 0,30000004; 0,7000003; 0,9624168; 0,0544976; 0,7943822; 0,49888802; PatrolWalk
HIGH; SELF; MARRIED; 0,30000004; 0,30000004; 0,7000003; 0,12630779; 0,30244046; 0,7367671; 0,62860215; PatrolWalk
HIGH; SELF; MARRIED; 0,30000004; 0,30000004; 0,7000003; 0,56119716; 0,68694377; 0,9402166; 0,32886338; PatrolWalk
HIGH; SELF; MARRIED; 0,6000001; 0,6000001; 0,4000004; 0,2899891; 0,5997791; 0,07581192; 0,27455235; Aggressive
HIGH; SELF; MARRIED; 0,033333346; 0,033333346; 0,9666667; 0,9342874; 0,62966293; 0,99471956; 0,9781647; Idle
HIGH; SELF; MARRIED; 1,1175871E-08; 1,1175871E-08; 1; 0,049876153; 0,700356; 0,55436313; 0,113625586; Idle
HIGH; SELF; MARRIED; 0,30000004; 0,30000004; 0,7000003; 0,1981129; 0,4309488; 0,04826665; 0,5692968; Aggressive
HIGH; SELF; MARRIED; 0,30000004; 0,30000004; 0,7000003; 0,2881418; 0,4496007; 0,98256767; 0,79630494; Idle
HIGH; SELF; MARRIED; 0,3166667; 0,3166667; 0,68333364; 0,78348196; 0,45706993; 0,57900745; 0,7294173; Interact
HIGH; SELF; MARRIED; 0; 0; 1; 0,70919853; 0,3181196; 0,73241216; 0,23982412; Idle
HIGH; SELF; MARRIED; 1,1175871E-08; 1,1175871E-08; 1; 0,4291365; 0,8205311; 0,7183557; 0,93825245; Idle
HIGH; SELF; MARRIED; 1,1175871E-08; 1,1175871E-08; 1; 0,10321009; 0,3641609; 0,17668885; 0,9584422; Aggressive
HIGH; SELF; MARRIED; 1,1175871E-08; 1,1175871E-08; 1; 0,9575199; 0,1621533; 0,3797452; 0,7518854; Idle
HIGH; SELF; MARRIED; 0,3; 0,3; 0,7000003; 0,4026994; 0,4808715; 0,13178545; 0,9120409; Aggressive
HIGH; SELF; MARRIED; 0,3333334; 0,3333334; 0,666667; 0,5235276; 0,6383754; 0,50328153; 0,6897907; Interact
HIGH; SELF; MARRIED; 0,30000004; 0,30000004; 0,7000003; 0,024051964; 0,8532429; 0,29457837; 0,75610566; Aggressive
HIGH; SELF; MARRIED; 1,1175871E-08; 1,1175871E-08; 1; 0,6454428; 0,525366; 0,39025867; 0,103111684; Idle
HIGH; SELF; MARRIED; 0,6000001; 0,6000001; 0,4000004; 0,25680482; 0,91841066; 0,09060806; 0,2416594; Aggressive
HIGH; SELF; MARRIED; 0,016666664; 0,016666664; 0,98333335; 0,07330161; 0,4649681; 0,095712185; 0,38819736; Aggressive
HIGH; SELF; MARRIED; 0,30000004; 0,30000004; 0,7000003; 0,06291103; 0,8155807; 0,81937695; 0,13277191; PatrolWalk
HIGH; SELF; MARRIED; 0,30000004; 0,30000004; 0,7000003; 0,51331645; 0,9351671; 0,011655927; 0,04395598; Aggressive
HIGH; SELF; MARRIED; 0; 0; 1; 0,2828281; 0,006743431; 0,3340795; 0,8188749; Idle
HIGH; SELF; MARRIED; 0,30000004; 0,30000004; 0,7000003; 0,9009187; 0,6357944; 0,5911654; 0,00729686; PatrolWalk
HIGH; SELF; MARRIED; 0; 0; 1; 0,6073076; 0,0621382; 0,69835573; 0,7663805; Idle
HIGH; SELF; MARRIED; 0,033333346; 0,033333346; 0,9666667; 0,74298525; 0,74650604; 0,13347119; 0,50784796; Aggressive
HIGH; SELF; MARRIED; 1,1175871E-08; 1,1175871E-08; 1; 0,22276282; 0,41309267; 0,6839629; 0,18474662; Idle
HIGH; SELF; MARRIED; 0,30000004; 0,30000004; 0,7000003; 0,6036401; 0,6504947; 0,5674027; 0,40775108; PatrolWalk
HIGH; SELF; MARRIED; 0,3; 0,3; 0,7000003; 0,98352206; 0,23713261; 0,16836947; 0,119538486; Aggressive
HIGH; SELF; MARRIED; 0; 0; 1; 0,6970697; 0,26716584; 0,40275973; 0,39792323; Idle
HIGH; SELF; MARRIED; 0; 0; 1; 0,8248963; 0,87300247; 0,16008228; 0,7302014; Aggressive
HIGH; SELF; MARRIED; 1,1175871E-08; 1,1175871E-08; 1; 0,57897043; 0,0670805; 0,617607; 0,6744812; Idle
HIGH; SELF; MARRIED; 1,1175871E-08; 1,1175871E-08; 1; 0,042786956; 0,27757967; 0,29790372; 0,961083; Aggressive
HIGH; SELF; MARRIED; 0,30000004; 0,30000004; 0,7000003; 0,41530806; 0,44785577; 0,16901815; 0,074579895; Aggressive
HIGH; SELF; MARRIED; 1,1175871E-08; 1,1175871E-08; 1; 0,15679574; 0,49311244; 0,7903866; 0,8822634; Idle
HIGH; SELF; MARRIED; 0,30000004; 0,30000004; 0,7000003; 0,8971694; 0,7106672; 0,09182429; 0,13963348; Aggressive
HIGH; SELF; MARRIED; 0; 0; 1; 0,8777629; 0,65260863; 0,21214128; 0,398333; Aggressive
HIGH; SELF; MARRIED; 0,30000004; 0,30000004; 0,7000003; 0,22865367; 0,48049176; 0,61404556; 0,49771792; PatrolWalk
HIGH; SELF; MARRIED; 1,1175871E-08; 1,1175871E-08; 1; 0,66418624; 0,8988849; 0,6888612; 0,71513563; Idle
HIGH; SELF; MARRIED; 0; 0; 1; 0,2181654; 0,13305849; 0,15933001; 0,17382193; Aggressive
HIGH; SELF; MARRIED; 0; 0; 1; 0,5962737; 0,10981834; 0,5520505; 0,228158; Idle
HIGH; SELF; MARRIED; 0,30000004; 0,30000004; 0,7000003; 0,35484463; 0,43172753; 0,69605273; 0,78158784; PatrolWalk
HIGH; SELF; MARRIED; 0; 0; 1; 0,50754184; 0,7010262; 0,5578567; 0,49103534; Idle
HIGH; SELF; MARRIED; 1,1175871E-08; 1,1175871E-08; 1; 0,078249514; 0,63229495; 0,64408755; 0,42715096; Idle
HIGH; SELF; MARRIED; 0,30000004; 0,30000004; 0,7000003; 0,92844135; 0,9898839; 0,07135397; 0,07669288; Aggressive
HIGH; SELF; MARRIED; 1,1175871E-08; 1,1175871E-08; 1; 0,27929026; 0,62728757; 0,82673776; 0,12831485; Idle
HIGH; SELF; MARRIED; 0; 0; 1; 0,9445311; 0,8829329; 0,7871369; 0,40537757; Idle
HIGH; SELF; MARRIED; 1,1175871E-08; 1,1175871E-08; 1; 0,4890386; 0,23489821; 0,4814844; 0,29259288; Idle
HIGH; SELF; MARRIED; 0,30000004; 0,30000004; 0,7000003; 0,0915432; 0,6873479; 0,4612106; 0,4490162; PatrolWalk
HIGH; SELF; MARRIED; 0; 0; 1; 0,248204; 0,5204193; 0,81857634; 0,5876327; Idle
HIGH; SELF; MARRIED; 0,31666672; 0,31666672; 0,68333364; 0,79561824; 0,52822983; 0,9492123; 0,25753182; Interact
HIGH; SELF; MARRIED; 0; 0; 1; 0,6180571; 0,8977438; 0,11807442; 0,33229184; Aggressive
HIGH; SELF; MARRIED; 0,31666672; 0,31666672; 0,68333364; 0,14527738; 0,15852273; 0,77391493; 0,046204865; PatrolWalk
HIGH; SELF; MARRIED; 0,31666672; 0,31666672; 0,68333364; 0,73387766; 0,849852; 0,5353624; 0,4369349; Interact
HIGH; SELF; MARRIED; 0; 0; 1; 0,7784538; 0,5049487; 0,19087154; 0,42659885; Aggressive
HIGH; SELF; MARRIED; 0,31666672; 0,31666672; 0,68333364; 0,7965812; 0,75240695; 0,56095773; 0,17925084; Interact
HIGH; SELF; MARRIED; 0,31666672; 0,31666672; 0,68333364; 0,5050775; 0,42168826; 0,75454026; 0,33532488; Interact
HIGH; SELF; MARRIED; 0,31666672; 0,31666672; 0,68333364; 0,53950787; 0,4507966; 0,7352973; 0,7894848; Interact
HIGH; SELF; MARRIED; 0; 0; 1; 0,87113875; 0,92178375; 0,6683212; 0,4660988; Idle
HIGH; SELF; MARRIED; 0,31666672; 0,31666672; 0,68333364; 0,6399268; 0,7773519; 0,5108677; 0,12048125; Interact
HIGH; SELF; MARRIED; 0,016666679; 0,016666679; 0,98333335; 0,26147485; 0,2877286; 0,8330574; 0,96688706; Idle
HIGH; SELF; MARRIED; 0; 0; 1; 0,89329135; 0,50834894; 0,5189928; 0,6892956; Idle
HIGH; SELF; MARRIED; 0,016666679; 0,016666679; 0,98333335; 0,72724104; 0,66439176; 0,35478044; 0,9761294; Idle
HIGH; SELF; MARRIED; 0,016666679; 0,016666679; 0,98333335; 0,20237172; 0,042650044; 0,17022204; 0,0009980202; Aggressive
HIGH; SELF; MARRIED; 0; 0; 1; 0,36254114; 0,0857622; 0,61003107; 0,43085432; Idle
HIGH; SELF; MARRIED; 0,016666679; 0,016666679; 0,98333335; 0,6102217; 0,41760254; 0,91224855; 0,6411135; Idle
HIGH; SELF; MARRIED; 0,016666679; 0,016666679; 0,98333335; 0,71719325; 0,37675315; 0,41819608; 0,27622306; Idle
HIGH; SELF; MARRIED; 0,016666679; 0,016666679; 0,98333335; 0,554293; 0,1173892; 0,070721805; 0,08240163; Aggressive
HIGH; SELF; MARRIED; 0,30000004; 0,30000004; 0,7000003; 0,86281794; 0,61566883; 0,45604908; 0,059344053; Idle
HIGH; SELF; MARRIED; 0,016666679; 0,016666679; 0,98333335; 0,63888353; 0,42894655; 0,78015035; 0,75272053; Idle
HIGH; SELF; MARRIED; 0,31666672; 0,31666672; 0,68333364; 0,55707186; 0,8542432; 0,00080406666; 0,45520574; Interact
HIGH; SELF; MARRIED; 0,30000004; 0,30000004; 0,7000003; 0,7013902; 0,93634063; 0,6113973; 0,10381687; PatrolWalk
HIGH; SELF; MARRIED; 0,31666672; 0,31666672; 0,68333364; 0,8330576; 0,95573324; 0,89160967; 0,79156816; Interact
HIGH; SELF; MARRIED; 0; 0; 1; 0,52829015; 0,122906685; 0,1197173; 0,49098366; Aggressive
HIGH; SELF; MARRIED; 0,30000004; 0,30000004; 0,7000003; 0,4578833; 0,99832636; 0,66009814; 0,13735747; Idle
HIGH; SELF; MARRIED; 0,31666672; 0,31666672; 0,68333364; 0,46380252; 0,1214782; 0,8668598; 0,5497744; PatrolWalk
HIGH; SELF; MARRIED; 0,31666672; 0,31666672; 0,68333364; 0,7801672; 0,054878652; 0,66726214; 0,5803503; Interact
HIGH; SELF; MARRIED; 0; 0; 1; 0,1977421; 0,04874277; 0,19091022; 0,98684895; Aggressive
HIGH; SELF; MARRIED; 0,6000001; 0,6000001; 0,4000004; 0,084590435; 0,4951108; 0,41249985; 0,7353855; Investigation
HIGH; SELF; MARRIED; 0,31666672; 0,31666672; 0,68333364; 0,013364196; 0,18933594; 0,53753; 0,61322314; PatrolWalk
HIGH; SELF; MARRIED; 0,016666679; 0,016666679; 0,98333335; 0,39131796; 0,33437592; 0,76459193; 0,36625832; Idle
HIGH; SELF; MARRIED; 1,1175871E-08; 1,1175871E-08; 1; 0,29621994; 0,15646595; 0,9191971; 0,74872935; Idle
HIGH; SELF; MARRIED; 0,016666679; 0,016666679; 0,98333335; 0,58557016; 0,95792717; 0,027637482; 0,8752631; Aggressive
HIGH; SELF; MARRIED; 0; 0; 1; 0,60778266; 0,95629394; 0,5008446; 0,3911882; Idle
HIGH; SELF; MARRIED; 0,6000001; 0,6000001; 0,4000004; 0,08980751; 0,6655775; 0,7273957; 0,40092546; PatrolWalk
HIGH; SELF; MARRIED; 0,016666679; 0,016666679; 0,98333335; 0,68872756; 0,14625031; 0,5255765; 0,6492336; Idle
HIGH; SELF; MARRIED; 0,016666679; 0,016666679; 0,98333335; 0,34764045; 0,579161; 0,25196075; 0,32494974; Aggressive
HIGH; SELF; MARRIED; 0; 0; 1; 0,51862264; 0,66567373; 0,14765942; 0,6707713; Aggressive
HIGH; SELF; MARRIED; 0,3; 0,3; 0,7000003; 0,8127107; 0,018724501; 0,9312051; 0,076431036; Idle
HIGH; SELF; MARRIED; 0,016666679; 0,016666679; 0,98333335; 0,6236529; 0,5741969; 0,058041036; 0,7315209; Aggressive
HIGH; SELF; MARRIED; 0,31666672; 0,31666672; 0,68333364; 0,3544981; 0,37636626; 0,5548197; 0,303146; PatrolWalk
HIGH; SELF; MARRIED; 0,30000004; 0,30000004; 0,7000003; 0,73741925; 0,43561256; 0,6782829; 0,12688828; PatrolWalk
HIGH; SELF; MARRIED; 0; 0; 1; 0,37676668; 0,2758863; 0,952039; 0,09639132; Idle
HIGH; SELF; MARRIED; 0,30000004; 0,30000004; 0,7000003; 0,23438245; 0,49925905; 0,7124637; 0,0075772405; Idle
HIGH; SELF; MARRIED; 0,3; 0,3; 0,7000003; 0,48721033; 0,41645247; 0,26458132; 0,4727863; Aggressive
HIGH; SELF; MARRIED; 0,31666672; 0,31666672; 0,68333364; 0,23869735; 0,973179; 0,70110846; 0,0042461157; Idle
HIGH; SELF; MARRIED; 0; 0; 1; 0,41827315; 0,9356702; 0,62988263; 0,6992742; Idle
HIGH; SELF; MARRIED; 0; 0; 1; 0,6862198; 0,13177192; 0,09048718; 0,079753995; Aggressive
HIGH; SELF; MARRIED; 0,6000001; 0,6000001; 0,4000004; 0,16666734; 0,67442507; 0,39360338; 0,39197809; Idle
HIGH; SELF; MARRIED; 0; 0; 1; 0,65337163; 0,5806584; 0,19760758; 0,016340375; Aggressive
HIGH; SELF; MARRIED; 0,016666679; 0,016666679; 0,98333335; 0,34609103; 0,8854468; 0,36730313; 0,6559; Idle
HIGH; SELF; MARRIED; 1,1175871E-08; 1,1175871E-08; 1; 0,70429665; 0,88108814; 0,26584965; 0,4567045; Aggressive
HIGH; SELF; MARRIED; 0,30000004; 0,30000004; 0,7000003; 0,80081594; 0,19273138; 0,2571683; 0,6486359; Aggressive
HIGH; SELF; MARRIED; 0,6000001; 0,6000001; 0,4000004; 0,56895447; 0,6631486; 0,7468499; 0,9956613; Investigation
HIGH; SELF; MARRIED; 0; 0; 1; 0,7669429; 0,23331529; 0,4297642; 0,29145765; Idle
HIGH; SELF; MARRIED; 0,61666673; 0,61666673; 0,3833337; 0,69176674; 0,6756955; 0,38653362; 0,38981324; Interact
HIGH; SELF; MARRIED; 0,30000004; 0,30000004; 0,7000003; 0,2232498; 0,8817156; 0,6274395; 0,36436963; PatrolWalk
HIGH; SELF; MARRIED; 0; 0; 1; 0,32472783; 0,96858835; 0,12289089; 0,17752218; Aggressive
HIGH; SELF; MARRIED; 0,8999998; 0,8999998; 0,10000028; 0,95766485; 0,9151877; 0,6928512; 0,15036303; Interact
HIGH; SELF; MARRIED; 0; 0; 1; 0,20026481; 0,5695523; 0,33343124; 0,9253114; Idle
HIGH; SELF; MARRIED; 0,31666672; 0,31666672; 0,68333364; 0,40076363; 0,53662187; 0,29824293; 0,0069000125; Aggressive
HIGH; SELF; MARRIED; 0; 0; 1; 0,3925665; 0,68081415; 0,6154197; 0,26499248; Idle
HIGH; SELF; MARRIED; 1,1175871E-08; 1,1175871E-08; 1; 0,54681104; 0,08814305; 0,24184084; 0,08918232; Aggressive
HIGH; SELF; MARRIED; 0,3; 0,3; 0,7000003; 0,0115042925; 0,8876281; 0,2762642; 0,5514721; Aggressive
HIGH; SELF; MARRIED; 0,30000004; 0,30000004; 0,7000003; 0,13028783; 0,5256137; 0,6165606; 0,13829821; PatrolWalk
HIGH; SELF; MARRIED; 0,3166667; 0,3166667; 0,68333364; 0,42644274; 0,042384088; 0,8589907; 0,23148775; Idle
HIGH; SELF; MARRIED; 1,1175871E-08; 1,1175871E-08; 1; 0,57358027; 0,83473456; 0,2018053; 0,011427939; Aggressive
HIGH; SELF; MARRIED; 0; 0; 1; 0,4627676; 0,5603877; 0,81651396; 0,22846109; Idle
HIGH; SELF; MARRIED; 0,6000001; 0,6000001; 0,4000004; 0,2552349; 0,22307485; 0,6839232; 0,12727666; Idle
HIGH; SELF; MARRIED; 0,30000004; 0,30000004; 0,7000003; 0,0081195235; 0,101659656; 0,9892595; 0,090663135; Idle
HIGH; SELF; MARRIED; 0,016666679; 0,016666679; 0,98333335; 0,5031263; 0,310036; 0,15746808; 0,04439366; Aggressive
HIGH; SELF; MARRIED; 0,30000004; 0,30000004; 0,7000003; 0,37400603; 0,22964877; 0,2809199; 0,32655638; Aggressive
HIGH; SELF; MARRIED; 0; 0; 1; 0,55069023; 0,14861774; 0,40605086; 0,4167409; Idle
HIGH; SELF; MARRIED; 0; 0; 1; 0,36093068; 0,4578389; 0,86885965; 0,41536695; Idle
HIGH; SELF; MARRIED; 1,1175871E-08; 1,1175871E-08; 1; 0,520381; 0,26966345; 0,14946389; 0,4697714; Aggressive
HIGH; SELF; MARRIED; 0,61666673; 0,61666673; 0,3833337; 0,27869368; 0,84112257; 0,91005296; 0,42778808; PatrolWalk
HIGH; SELF; MARRIED; 0; 0; 1; 0,30965704; 0,30023444; 0,23406643; 0,0546574; Aggressive
HIGH; SELF; MARRIED; 0,30000004; 0,30000004; 0,7000003; 0,6460091; 0,120775044; 0,55995107; 0,8889313; Idle
HIGH; SELF; MARRIED; 0,8999998; 0,8999998; 0,10000028; 0,40031242; 0,71095324; 0,38438207; 0,645198; Investigation
HIGH; SELF; MARRIED; 0,6000001; 0,6000001; 0,4000004; 0,22377348; 0,45116293; 0,3372066; 0,5553465; PatrolWalk
HIGH; SELF; MARRIED; 1; 1; 0; 0,23231387; 0,9451119; 0,18849206; 0,13390064; PatrolWalk
HIGH; SELF; MARRIED; 0; 0; 1; 0,3772235; 0,5819668; 0,41511446; 0,68039817; Idle
HIGH; SELF; MARRIED; 1,1175871E-08; 1,1175871E-08; 1; 0,013992071; 0,9116285; 0,18403846; 0,2776687; Aggressive
HIGH; SELF; MARRIED; 0,30000004; 0,30000004; 0,7000003; 0,12939662; 0,4275558; 0,39566863; 0,589861; PatrolWalk
HIGH; SELF; MARRIED; 0,30000004; 0,30000004; 0,7000003; 0,18005049; 0,8793514; 0,62005; 0,9259392; Idle
HIGH; SELF; MARRIED; 0; 0; 1; 0,14887619; 0,9262497; 0,034185052; 0,06371361; Aggressive
HIGH; SELF; MARRIED; 0,3166667; 0,3166667; 0,68333364; 0,34973723; 0,7488104; 0,10131967; 0,6217141; Aggressive
HIGH; SELF; MARRIED; 0; 0; 1; 0,026228726; 0,18512791; 0,883148; 0,18049413; Idle
HIGH; SELF; MARRIED; 0,6000001; 0,6000001; 0,4000004; 0,3091157; 0,029506147; 0,15031546; 0,30089152; Aggressive
HIGH; SELF; MARRIED; 0,6000001; 0,6000001; 0,4000004; 0,87474537; 0,27040732; 0,5382681; 0,3678378; Interact
HIGH; SELF; MARRIED; 0,3; 0,3; 0,7000003; 0,17983103; 0,9248388; 0,7806716; 0,70480937; PatrolWalk
HIGH; SELF; MARRIED; 0,30000004; 0,30000004; 0,7000003; 0,3909195; 0,15615952; 0,34727758; 0,6644658; PatrolWalk
HIGH; SELF; MARRIED; 0; 0; 1; 0,80540526; 0,6911408; 0,43262124; 0,08590132; Idle
HIGH; SELF; MARRIED; 1,1175871E-08; 1,1175871E-08; 1; 0,5889047; 0,74776345; 0,025921524; 0,21041888; Aggressive
HIGH; SELF; MARRIED; 0,6000001; 0,6000001; 0,4000004; 0,74609894; 0,1730113; 0,24663007; 0,14347088; Interact
HIGH; SELF; MARRIED; 0; 0; 1; 0,36365908; 0,053306997; 0,77360594; 0,04302889; Idle
HIGH; SELF; MARRIED; 0,016666664; 0,016666664; 0,98333335; 0,3134225; 0,5324448; 0,3230827; 0,65941805; Idle
HIGH; SELF; MARRIED; 0,30000004; 0,30000004; 0,7000003; 0,91168827; 0,3723153; 0,22654212; 0,2300505; Aggressive
HIGH; SELF; MARRIED; 0,3; 0,3; 0,7000003; 0,22625637; 0,18348372; 0,46741837; 0,9493469; PatrolWalk
HIGH; SELF; MARRIED; 0,3; 0,3; 0,7000003; 0,4254657; 0,77879095; 0,7866877; 0,620731; Idle
HIGH; SELF; MARRIED; 0; 0; 1; 0,051698804; 0,80730724; 0,2991566; 0,43601513; Aggressive
HIGH; SELF; MARRIED; 0; 0; 1; 0,97182626; 0,34324026; 0,28369558; 0,727933; Aggressive
HIGH; SELF; MARRIED; 0,31666672; 0,31666672; 0,68333364; 0,26693082; 0,9167563; 0,87749994; 0,52114046; PatrolWalk
HIGH; SELF; MARRIED; 0; 0; 1; 0,6492602; 0,10036719; 0,7770944; 0,31586486; Idle
HIGH; SELF; MARRIED; 0,28333333; 0,28333333; 0,71666694; 0,43665165; 0,093580425; 0,82170904; 0,3724087; PatrolWalk
HIGH; SELF; MARRIED; 0,31666672; 0,31666672; 0,68333364; 0,75608814; 0,39104843; 0,4572035; 0,47198248; Interact
HIGH; SELF; MARRIED; 0,33333337; 0,33333337; 0,666667; 0,15972298; 0,5613962; 0,075559735; 0,38485897; Aggressive
HIGH; SELF; MARRIED; 0; 0; 1; 0,5673413; 0,6581307; 0,79927397; 0,58567184; Idle
HIGH; SELF; MARRIED; 0; 0; 1; 0,79156023; 0,31936604; 0,45443273; 0,2102552; Idle
HIGH; SELF; MARRIED; 0,61666673; 0,61666673; 0,3833337; 0,19569159; 0,5088826; 0,4929428; 0,942581; Investigation
HIGH; SELF; MARRIED; 0; 0; 1; 0,09569448; 0,37595022; 0,13105434; 0,00039833784; Aggressive
HIGH; SELF; MARRIED; 0; 0; 1; 0,24843717; 0,58048916; 0,9888106; 0,76709217; Idle
HIGH; SELF; MARRIED; 0,016666679; 0,016666679; 0,98333335; 0,46173966; 0,9553205; 0,44791692; 0,24496466; Idle
HIGH; SELF; MARRIED; 0,30000004; 0,30000004; 0,7000003; 0,0036821365; 0,74072605; 0,839299; 0,48205614; Idle
HIGH; SELF; MARRIED; 0; 0; 1; 0,7209476; 0,8692785; 0,009766102; 0,47240233; Aggressive
HIGH; SELF; MARRIED; 0,016666679; 0,016666679; 0,98333335; 0,20312387; 0,4216714; 0,6470465; 0,74500686; Idle
HIGH; SELF; MARRIED; 0,03333333; 0,03333333; 0,9666667; 0,35559708; 0,76854306; 0,4790029; 0,77022666; Idle
HIGH; SELF; MARRIED; 0,30000004; 0,30000004; 0,7000003; 0,828282; 0,31309086; 0,2221272; 0,3150292; Aggressive
HIGH; SELF; MARRIED; 0,30000004; 0,30000004; 0,7000003; 0,46217287; 0,05544412; 0,4735009; 0,86007744; Idle
HIGH; SELF; MARRIED; 0,3166667; 0,3166667; 0,68333364; 0,033901036; 0,13842648; 0,49876422; 0,40746182; Idle
HIGH; SELF; MARRIED; 0; 0; 1; 0,44953448; 0,48984903; 0,32127464; 0,6811272; Idle
HIGH; SELF; MARRIED; 0,30000004; 0,30000004; 0,7000003; 0,13430941; 0,9613097; 0,89485663; 0,13551253; Idle
HIGH; SELF; MARRIED; 0,31666672; 0,31666672; 0,68333364; 0,5004933; 0,2777984; 0,7230895; 0,8944862; Interact
HIGH; SELF; MARRIED; 0,6000001; 0,6000001; 0,4000004; 0,11175287; 0,84836984; 0,0701434; 0,4357295; Aggressive
HIGH; SELF; MARRIED; 0; 0; 1; 0,3881805; 0,78143054; 0,60561323; 0,98039347; Idle
HIGH; SELF; MARRIED; 0,31666672; 0,31666672; 0,68333364; 0,5405271; 0,25677735; 0,22981638; 0,26573908; Interact
HIGH; SELF; MARRIED; 0,33333337; 0,33333337; 0,666667; 0,33757102; 0,26979613; 0,69970983; 0,72985995; PatrolWalk
HIGH; SELF; MARRIED; 1,1175871E-08; 1,1175871E-08; 1; 0,0043136477; 0,030389369; 0,7069798; 0,07289708; Idle
HIGH; SELF; MARRIED; 0,6000001; 0,6000001; 0,4000004; 0,70684034; 0,17236966; 0,27742285; 0,598462; Interact
HIGH; SELF; MARRIED; 0,61666673; 0,61666673; 0,3833337; 0,90748763; 0,5560028; 0,27813762; 0,38610864; Interact
HIGH; SELF; MARRIED; 0,30000004; 0,30000004; 0,7000003; 0,4427942; 0,49839145; 0,21026593; 0,04105681; Aggressive
HIGH; SELF; MARRIED; 0,6000001; 0,6000001; 0,4000004; 0,72159815; 0,18808395; 0,08656758; 0,7112783; Investigation
HIGH; SELF; MARRIED; 0,016666679; 0,016666679; 0,98333335; 0,5507936; 0,2514314; 0,010933697; 0,4555636; Aggressive
HIGH; SELF; MARRIED; 0,3; 0,3; 0,7000003; 0,7969118; 0,87890595; 0,023759604; 0,3431555; Aggressive
HIGH; SELF; MARRIED; 0,30000004; 0,30000004; 0,7000003; 0,69412464; 0,110813856; 0,06609386; 0,04195583; Aggressive
HIGH; SELF; MARRIED; 0,016666679; 0,016666679; 0,98333335; 0,035363495; 0,5703747; 0,5101424; 0,93614054; Idle
HIGH; SELF; MARRIED; 0,03333333; 0,03333333; 0,9666667; 0,94663376; 0,18324888; 0,030161202; 0,29218096; Aggressive
HIGH; SELF; MARRIED; 0,30000004; 0,30000004; 0,7000003; 0,22889912; 0,78578633; 0,5392861; 0,92467344; PatrolWalk
HIGH; SELF; MARRIED; 0,3; 0,3; 0,7000003; 0,8488955; 0,88524675; 0,15700698; 0,21263987; Aggressive
HIGH; SELF; MARRIED; 0,3166667; 0,3166667; 0,68333364; 0,7394615; 0,7098985; 0,83678573; 0,8064452; Interact
HIGH; SELF; MARRIED; 1,1175871E-08; 1,1175871E-08; 1; 0,48324484; 0,79265183; 0,64141786; 0,28879607; Idle
HIGH; SELF; MARRIED; 0,3; 0,3; 0,7000003; 0,017996848; 0,8228319; 0,87014484; 0,04599476; Idle
HIGH; SELF; MARRIED; 0; 0; 1; 0,6170109; 0,71673036; 0,39625102; 0,52961046; Idle
HIGH; SELF; MARRIED; 0; 0; 1; 0,35819423; 0,10431886; 0,77458876; 0,041003406; Idle
HIGH; SELF; MARRIED; 1,1175871E-08; 1,1175871E-08; 1; 0,7827244; 0,18460041; 0,922302; 0,98676306; Idle
HIGH; SELF; MARRIED; 0,31666672; 0,31666672; 0,68333364; 0,04889357; 0,83132774; 0,9772165; 0,027500749; Idle
HIGH; SELF; MARRIED; 0; 0; 1; 0,08016056; 0,6190598; 0,063963056; 0,7755245; Aggressive
HIGH; SELF; MARRIED; 1,1175871E-08; 1,1175871E-08; 1; 0,904698; 0,5435728; 0,17045575; 0,578046; Aggressive
HIGH; SELF; MARRIED; 0; 0; 1; 0,15686929; 0,78393906; 0,5334379; 0,24017215; Idle
HIGH; SELF; MARRIED; 0,016666664; 0,016666664; 0,98333335; 0,21211249; 0,005733609; 0,58146936; 0,13007158; Idle
HIGH; SELF; MARRIED; 0,30000004; 0,30000004; 0,7000003; 0,17017633; 0,85898656; 0,20948374; 0,41754788; Aggressive
HIGH; SELF; MARRIED; 0,6000001; 0,6000001; 0,4000004; 0,80147374; 0,7982016; 0,8540514; 0,88962615; Investigation
HIGH; SELF; MARRIED; 0,30000004; 0,30000004; 0,7000003; 0,32660985; 0,82637763; 0,3726014; 0,96325016; Idle
HIGH; SELF; MARRIED; 0,30000004; 0,30000004; 0,7000003; 0,12579614; 0,451719; 0,11165047; 0,4747278; Aggressive
HIGH; SELF; MARRIED; 0,30000004; 0,30000004; 0,7000003; 0,1277011; 0,42197752; 0,5886166; 0,24172461; Idle
HIGH; SELF; MARRIED; 0,61666673; 0,61666673; 0,3833337; 0,2142033; 0,72070783; 0,446397; 0,9716359; Investigation
HIGH; SELF; MARRIED; 0; 0; 1; 0,37350672; 0,095908344; 0,95187247; 0,3157726; Idle
HIGH; SELF; MARRIED; 0; 0; 1; 0,19779867; 0,58746046; 0,4629438; 0,0050187707; Idle
HIGH; SELF; MARRIED; 0,30000004; 0,30000004; 0,7000003; 0,585375; 0,9306795; 0,686463; 0,9455846; PatrolWalk
HIGH; SELF; MARRIED; 0,3166667; 0,3166667; 0,68333364; 0,1507492; 0,34934717; 0,693087; 0,25110507; PatrolWalk
HIGH; SELF; MARRIED; 1,1175871E-08; 1,1175871E-08; 1; 0,30543852; 0,05569136; 0,03245461; 0,56080675; Aggressive
HIGH; SELF; MARRIED; 0,3; 0,3; 0,7000003; 0,14307791; 0,13504976; 0,26434314; 0,051833212; Aggressive
HIGH; SELF; MARRIED; 0,6000001; 0,6000001; 0,4000004; 0,72512573; 0,5671483; 0,783867; 0,23626763; Interact
HIGH; SELF; MARRIED; 1,1175871E-08; 1,1175871E-08; 1; 0,27042252; 0,34064603; 0,43410838; 0,77976894; Idle
HIGH; SELF; MARRIED; 0,6000001; 0,6000001; 0,4000004; 0,14778888; 0,13652778; 0,33058113; 0,058314145; PatrolWalk
HIGH; SELF; MARRIED; 0,3166667; 0,3166667; 0,68333364; 0,5627099; 0,20752239; 0,16925281; 0,51103234; Interact
HIGH; SELF; MARRIED; 0,30000004; 0,30000004; 0,7000003; 0,53655607; 0,3177237; 0,7801775; 0,85334086; Idle
HIGH; SELF; MARRIED; 0,30000004; 0,30000004; 0,7000003; 0,06770384; 0,12960792; 0,2641741; 0,9368305; Aggressive
HIGH; SELF; MARRIED; 1,1175871E-08; 1,1175871E-08; 1; 0,40416205; 0,6336495; 0,40920472; 0,6384614; Idle
HIGH; SELF; MARRIED; 0,016666664; 0,016666664; 0,98333335; 0,91973454; 0,18825805; 0,06603092; 0,08716118; Aggressive
HIGH; SELF; MARRIED; 0; 0; 1; 0,5737541; 0,32845038; 0,22997946; 0,044170022; Aggressive
HIGH; SELF; MARRIED; 0; 0; 1; 0,9782186; 0,6257156; 0,7108464; 0,30076754; Idle
HIGH; SELF; MARRIED; 0,3; 0,3; 0,7000003; 0,08740103; 0,3732921; 0,0053130984; 0,55658877; Aggressive
HIGH; SELF; MARRIED; 0,30000004; 0,30000004; 0,7000003; 0,20746958; 0,83561605; 0,8223602; 0,119304895; PatrolWalk
HIGH; SELF; MARRIED; 0,3; 0,3; 0,7000003; 0,87843055; 0,012183368; 0,062716484; 0,6534163; Aggressive
HIGH; SELF; MARRIED; 0,016666664; 0,016666664; 0,98333335; 0,33801413; 0,027623475; 0,03504622; 0,91137993; Aggressive
HIGH; SELF; MARRIED; 0,6000001; 0,6000001; 0,4000004; 0,06562251; 0,69263077; 0,13247454; 0,19909292; Aggressive
HIGH; SELF; MARRIED; 1,1175871E-08; 1,1175871E-08; 1; 0,27817392; 0,50562507; 0,68165815; 0,017243862; Idle
HIGH; SELF; MARRIED; 0,30000004; 0,30000004; 0,7000003; 0,24274677; 0,83692163; 0,19349825; 0,12251508; Aggressive
HIGH; SELF; MARRIED; 0; 0; 1; 0,5718374; 0,29786003; 0,29008794; 0,77723116; Aggressive
HIGH; SELF; MARRIED; 0; 0; 1; 0,25117463; 0,4588669; 0,2321834; 0,36696112; Aggressive
HIGH; SELF; MARRIED; 0; 0; 1; 0,2991616; 0,21137083; 0,044670165; 0,53598917; Aggressive
HIGH; SELF; MARRIED; 0,30000004; 0,30000004; 0,7000003; 0,489434; 0,40130472; 0,6253376; 0,46159512; Idle
HIGH; SELF; MARRIED; 0; 0; 1; 0,2448911; 0,55099714; 0,97597665; 0,77778023; Idle
HIGH; SELF; MARRIED; 1,1175871E-08; 1,1175871E-08; 1; 0,9582182; 0,22661668; 0,23887014; 0,029264629; Aggressive
HIGH; SELF; MARRIED; 0; 0; 1; 0,032588184; 0,35082078; 0,94428164; 0,55010295; Idle
HIGH; SELF; MARRIED; 0; 0; 1; 0,32221526; 0,81546104; 0,3268693; 0,44346446; Idle
HIGH; SELF; MARRIED; 0,3; 0,3; 0,7000003; 0,17755455; 0,97610176; 0,18903702; 0,53269994; Aggressive
HIGH; SELF; MARRIED; 0,30000004; 0,30000004; 0,7000003; 0,79928166; 0,6374925; 0,038912594; 0,2967146; Aggressive
HIGH; SELF; MARRIED; 1,1175871E-08; 1,1175871E-08; 1; 0,54471433; 0,89549077; 0,51175916; 0,61538815; Idle
HIGH; SELF; MARRIED; 0; 0; 1; 0,7099794; 0,71178794; 0,12576151; 0,2803824; Aggressive
HIGH; SELF; MARRIED; 0; 0; 1; 0,9854607; 0,28902858; 0,96996623; 0,6054902; Idle
HIGH; SELF; MARRIED; 0,6000001; 0,6000001; 0,4000004; 0,18771178; 0,6008393; 0,9163873; 0,54269654; PatrolWalk
HIGH; SELF; MARRIED; 0,30000004; 0,30000004; 0,7000003; 0,3823409; 0,17007399; 0,10809058; 0,27101547; Aggressive
HIGH; SELF; MARRIED; 0; 0; 1; 0,38070554; 0,7674154; 0,258478; 0,58209544; Aggressive
HIGH; SELF; MARRIED; 0,30000004; 0,30000004; 0,7000003; 0,59401417; 0,057509184; 0,72254354; 0,5510813; PatrolWalk
HIGH; SELF; MARRIED; 0,30000004; 0,30000004; 0,7000003; 0,3568498; 0,24372745; 0,24036074; 0,08624637; Aggressive
HIGH; SELF; MARRIED; 0; 0; 1; 0,9985094; 0,29298538; 0,6677219; 0,68880314; Idle
HIGH; SELF; MARRIED; 1,1175871E-08; 1,1175871E-08; 1; 0,9367229; 0,05479741; 0,408827; 0,40788436; Idle
HIGH; SELF; MARRIED; 0,30000004; 0,30000004; 0,7000003; 0,7996867; 0,7730133; 0,03371322; 0,07491702; Aggressive
HIGH; SELF; MARRIED; 0; 0; 1; 0,6394463; 0,022965074; 0,93719375; 0,122837245; Idle
HIGH; SELF; MARRIED; 0,30000004; 0,30000004; 0,7000003; 0,96516794; 0,011769533; 0,32654214; 0,19076121; Idle
HIGH; SELF; MARRIED; 0,28333333; 0,28333333; 0,71666694; 0,21119261; 0,63102573; 0,55448866; 0,77997166; Idle
HIGH; SELF; MARRIED; 0; 0; 1; 0,9569194; 0,957954; 0,74014413; 0,50815666; Idle
HIGH; SELF; MARRIED; 0; 0; 1; 0,8618088; 0,4947614; 0,951752; 0,44887203; Idle
HIGH; SELF; MARRIED; 0; 0; 1; 0,39035803; 0,71801466; 0,116190076; 0,47183925; Aggressive
HIGH; SELF; MARRIED; 0; 0; 1; 0,7677902; 0,33156437; 0,8193811; 0,51750785; Idle
HIGH; SELF; MARRIED; 0,31666672; 0,31666672; 0,68333364; 0,84754205; 0,113833964; 0,11109668; 0,23707056; Interact
HIGH; SELF; MARRIED; 0,31666672; 0,31666672; 0,68333364; 0,889581; 0,4781257; 0,3248651; 0,8615513; Interact
HIGH; SELF; MARRIED; 0; 0; 1; 0,67629296; 0,36043048; 0,6493419; 0,2167663; Idle
HIGH; SELF; MARRIED; 0,31666672; 0,31666672; 0,68333364; 0,62827414; 0,33083832; 0,5860754; 0,10495269; Interact
HIGH; SELF; MARRIED; 0,61666673; 0,61666673; 0,3833337; 0,64956295; 0,08106238; 0,92695844; 0,007486105; Interact
HIGH; SELF; MARRIED; 0,58333343; 0,58333343; 0,41666707; 0,7114214; 0,91474193; 0,8725073; 0,869914; Investigation
HIGH; SELF; MARRIED; 0,30000004; 0,30000004; 0,7000003; 0,5534877; 0,12369394; 0,048145235; 0,15670049; Aggressive
HIGH; SELF; MARRIED; 0,30000004; 0,30000004; 0,7000003; 0,046175122; 0,6539011; 0,1888966; 0,8028412; Aggressive
HIGH; SELF; MARRIED; 0; 0; 1; 0,025054455; 0,9273083; 0,07226145; 0,77267355; Aggressive
HIGH; SELF; MARRIED; 0,30000004; 0,30000004; 0,7000003; 0,9529978; 0,6069059; 0,9628763; 0,25398517; PatrolWalk
HIGH; SELF; MARRIED; 0,016666679; 0,016666679; 0,98333335; 0,5243171; 0,47354043; 0,44913477; 0,32899606; Idle
HIGH; SELF; MARRIED; 0,016666679; 0,016666679; 0,98333335; 0,4529916; 0,65558827; 0,7811264; 0,36284935; Idle
HIGH; SELF; MARRIED; 0,30000004; 0,30000004; 0,7000003; 0,6790909; 0,46547562; 0,4211735; 0,050774932; PatrolWalk
HIGH; SELF; MARRIED; 0,016666679; 0,016666679; 0,98333335; 0,6375496; 0,84739625; 0,98180175; 0,5225819; Idle
HIGH; SELF; MARRIED; 0,3166667; 0,3166667; 0,68333364; 0,67950916; 0,6729343; 0,32305473; 0,20277709; Interact
HIGH; SELF; MARRIED; 0,28333333; 0,28333333; 0,71666694; 0,22976893; 0,18847495; 0,38335615; 0,36278856; Idle
HIGH; SELF; MARRIED; 1,1175871E-08; 1,1175871E-08; 1; 0,3293755; 0,5892883; 0,30002338; 0,47304845; Idle
HIGH; SELF; MARRIED; 1,1175871E-08; 1,1175871E-08; 1; 0,9561932; 0,75449926; 0,11622864; 0,15824193; Aggressive
HIGH; SELF; MARRIED; 0; 0; 1; 0,8345817; 0,64469296; 0,14920807; 0,1983903; Aggressive
HIGH; SELF; MARRIED; 1,1175871E-08; 1,1175871E-08; 1; 0,2215684; 0,20667833; 0,22030824; 0,060530186; Aggressive
HIGH; SELF; MARRIED; 0,31666672; 0,31666672; 0,68333364; 0,51299024; 0,9142685; 0,0918901; 0,2922321; Interact
HIGH; SELF; MARRIED; 0,31666672; 0,31666672; 0,68333364; 0,1390807; 0,75177836; 0,08153778; 0,1600985; Aggressive
HIGH; SELF; MARRIED; 1,1175871E-08; 1,1175871E-08; 1; 0,55705583; 0,12976491; 0,69192946; 0,4054004; Idle
HIGH; SELF; MARRIED; 0,31666672; 0,31666672; 0,68333364; 0,21535027; 0,7923936; 0,9920806; 0,06665772; PatrolWalk
HIGH; SELF; MARRIED; 0,016666664; 0,016666664; 0,98333335; 0,36427414; 0,33237177; 0,06804663; 0,82542604; Aggressive
HIGH; SELF; MARRIED; 0,58333343; 0,58333343; 0,41666707; 0,919864; 0,7315427; 0,31961823; 0,8976115; Investigation
HIGH; SELF; MARRIED; 0,30000004; 0,30000004; 0,7000003; 0,73847896; 0,13360965; 0,85072106; 0,17160344; Idle
HIGH; SELF; MARRIED; 0; 0; 1; 0,0017074347; 0,05345756; 0,26686352; 0,6717567; Aggressive
HIGH; SELF; MARRIED; 0; 0; 1; 0,641085; 0,8428919; 0,48593897; 0,36267358; Idle
HIGH; SELF; MARRIED; 0; 0; 1; 0,04974276; 0,5505505; 0,29234445; 0,77588683; Aggressive
HIGH; SELF; MARRIED; 0,016666679; 0,016666679; 0,98333335; 0,13008791; 0,55900615; 0,2277683; 0,59725404; Aggressive
HIGH; SELF; MARRIED; 0,016666679; 0,016666679; 0,98333335; 0,921592; 0,9149637; 0,85704976; 0,3303185; Idle
HIGH; SELF; MARRIED; 0,30000004; 0,30000004; 0,7000003; 0,80329365; 0,19260573; 0,67672384; 0,5530609; PatrolWalk
HIGH; SELF; MARRIED; 0,016666679; 0,016666679; 0,98333335; 0,20773727; 0,08465302; 0,86529344; 0,6047695; Idle
HIGH; SELF; MARRIED; 0; 0; 1; 0,40001404; 0,52762747; 0,19908768; 0,1148895; Aggressive
HIGH; SELF; MARRIED; 0,28333333; 0,28333333; 0,71666694; 0,13346511; 0,5681049; 0,5736638; 0,5375705; PatrolWalk
HIGH; SELF; MARRIED; 0,6000001; 0,6000001; 0,4000004; 0,879979; 0,18570161; 0,008823037; 0,38733315; Interact
HIGH; SELF; MARRIED; 0; 0; 1; 0,23818374; 0,95799977; 0,04491371; 0,90622985; Aggressive
HIGH; SELF; MARRIED; 0,30000004; 0,30000004; 0,7000003; 0,352647; 0,05774057; 0,005183518; 0,9209573; Aggressive
HIGH; SELF; MARRIED; 0; 0; 1; 0,29869533; 0,4868611; 0,2468375; 0,45553464; Aggressive
HIGH; SELF; MARRIED; 0; 0; 1; 0,7077724; 0,4772421; 0,3154034; 0,5596271; Idle
HIGH; SELF; MARRIED; 0,31666672; 0,31666672; 0,68333364; 0,754856; 0,3919013; 0,47058612; 0,8194261; Interact
HIGH; SELF; MARRIED; 1,1175871E-08; 1,1175871E-08; 1; 0,60311764; 0,6625402; 0,76167333; 0,63438684; Idle
HIGH; SELF; MARRIED; 0,31666672; 0,31666672; 0,68333364; 0,5020477; 0,20213437; 0,4014818; 0,07946873; Interact
HIGH; SELF; MARRIED; 0; 0; 1; 0,6838713; 0,5463918; 0,630501; 0,4440992; Idle
HIGH; SELF; MARRIED; 0; 0; 1; 0,9794093; 0,6381674; 0,8915729; 0,8941275; Idle
HIGH; SELF; MARRIED; 0,3; 0,3; 0,7000003; 0,0007302761; 0,82110757; 0,25545418; 0,07030326; Aggressive
HIGH; SELF; MARRIED; 0; 0; 1; 0,27093327; 0,8364746; 0,21808982; 0,6315663; Aggressive
HIGH; SELF; MARRIED; 1,1175871E-08; 1,1175871E-08; 1; 0,9918992; 0,16400027; 0,56397176; 0,3013646; Idle
HIGH; SELF; MARRIED; 0; 0; 1; 0,16366637; 0,34248054; 0,61110276; 0,81109256; Idle
HIGH; SELF; MARRIED; 0,30000004; 0,30000004; 0,7000003; 0,30729032; 0,45295876; 0,6612443; 0,22252452; PatrolWalk
HIGH; SELF; MARRIED; 0,016666679; 0,016666679; 0,98333335; 0,021502495; 0,67295855; 0,5653413; 0,51677287; Idle
HIGH; SELF; MARRIED; 0,30000004; 0,30000004; 0,7000003; 0,9214924; 0,032860935; 0,6213469; 0,3295138; Idle
HIGH; SELF; MARRIED; 0,016666679; 0,016666679; 0,98333335; 0,92581064; 0,4771853; 0,4525509; 0,5510151; Idle
HIGH; SELF; MARRIED; 0,30000004; 0,30000004; 0,7000003; 0,09600502; 0,97676784; 0,0036022067; 0,9806807; Aggressive
HIGH; SELF; MARRIED; 0,30000004; 0,30000004; 0,7000003; 0,07807267; 0,5344088; 0,86048126; 0,11005044; PatrolWalk
HIGH; SELF; MARRIED; 0; 0; 1; 0,9660502; 0,026713014; 0,31815606; 0,20239323; Idle
HIGH; SELF; MARRIED; 0; 0; 1; 0,9996331; 0,19006288; 0,55185467; 0,94234455; Idle
HIGH; SELF; MARRIED; 0,30000004; 0,30000004; 0,7000003; 0,24242967; 0,6325403; 0,37429327; 0,95516324; Idle
HIGH; SELF; MARRIED; 0,30000004; 0,30000004; 0,7000003; 0,3044939; 0,8881405; 0,37297076; 0,9334079; PatrolWalk
HIGH; SELF; MARRIED; 1,1175871E-08; 1,1175871E-08; 1; 0,66647; 0,600429; 0,85408217; 0,8145112; Idle
HIGH; SELF; MARRIED; 0,31666672; 0,31666672; 0,68333364; 0,18596262; 0,31361794; 0,9981344; 0,8810163; Idle
HIGH; SELF; MARRIED; 0,6000001; 0,6000001; 0,4000004; 0,91038966; 0,8175122; 0,48476642; 0,059305727; Interact
HIGH; SELF; MARRIED; 0,31666672; 0,31666672; 0,68333364; 0,47395056; 0,18424201; 0,46908188; 0,5277234; PatrolWalk
HIGH; SELF; MARRIED; 1,1175871E-08; 1,1175871E-08; 1; 0,8352912; 0,14497739; 0,33809662; 0,61517304; Idle
HIGH; SELF; MARRIED; 1,1175871E-08; 1,1175871E-08; 1; 0,0020548701; 0,030682921; 0,710585; 0,18227619; Idle
HIGH; SELF; MARRIED; 0,30000004; 0,30000004; 0,7000003; 0,42564833; 0,9913246; 0,9695572; 0,6254172; Idle
HIGH; SELF; MARRIED; 0,30000004; 0,30000004; 0,7000003; 0,36255783; 0,5915278; 0,08557814; 0,51173633; Aggressive
HIGH; SELF; MARRIED; 0,6000001; 0,6000001; 0,4000004; 0,4735496; 0,7848127; 0,8310779; 0,8582684; Investigation
HIGH; SELF; MARRIED; 1,1175871E-08; 1,1175871E-08; 1; 0,07010889; 0,31864017; 0,7771433; 0,7865146; Idle
HIGH; SELF; MARRIED; 0,30000004; 0,30000004; 0,7000003; 0,04054624; 0,22418976; 0,6077919; 0,7085852; PatrolWalk
HIGH; SELF; MARRIED; 0,61666673; 0,61666673; 0,3833337; 0,68835384; 0,5833806; 0,25876772; 0,7107411; Investigation
HIGH; SELF; MARRIED; 0,3; 0,3; 0,7000003; 0,74431187; 0,5914942; 0,9668793; 0,25258517; PatrolWalk
HIGH; SELF; MARRIED; 0,016666679; 0,016666679; 0,98333335; 0,6140421; 0,58287793; 0,67268544; 0,84086925; Idle
HIGH; SELF; MARRIED; 0,30000004; 0,30000004; 0,7000003; 0,15490353; 0,71521324; 0,60201365; 0,4299398; Idle
HIGH; SELF; MARRIED; 0; 0; 1; 0,99434805; 0,33060545; 0,08865684; 0,47404987; Aggressive
HIGH; SELF; MARRIED; 0,30000004; 0,30000004; 0,7000003; 0,43739694; 0,25009435; 0,8473058; 0,7103343; PatrolWalk
HIGH; SELF; MARRIED; 0,6000001; 0,6000001; 0,4000004; 0,19004601; 0,3487987; 0,77840734; 0,20862788; Idle
HIGH; SELF; MARRIED; 1,1175871E-08; 1,1175871E-08; 1; 0,8133154; 0,636432; 0,74039423; 0,008917034; Idle
HIGH; SELF; MARRIED; 0,3; 0,3; 0,7000003; 0,65348595; 0,538256; 0,48975354; 0,38186026; PatrolWalk
HIGH; SELF; MARRIED; 0,30000004; 0,30000004; 0,7000003; 0,8306848; 0,10623032; 0,5781883; 0,8225765; PatrolWalk
HIGH; SELF; MARRIED; 1,1175871E-08; 1,1175871E-08; 1; 0,6440576; 0,8280007; 0,33465552; 0,31425232; Idle
HIGH; SELF; MARRIED; 0,3166667; 0,3166667; 0,68333364; 0,2472313; 0,47955126; 0,024935246; 0,42891216; Aggressive
HIGH; SELF; MARRIED; 0; 0; 1; 0,8687689; 0,20390463; 0,32549292; 0,94678813; Idle
HIGH; SELF; MARRIED; 0,31666672; 0,31666672; 0,68333364; 0,9524821; 0,20218223; 0,28306258; 0,9846608; Interact
HIGH; SELF; MARRIED; 0,6000001; 0,6000001; 0,4000004; 0,09488797; 0,9164183; 0,36288106; 0,97492564; Investigation
HIGH; SELF; MARRIED; 1,1175871E-08; 1,1175871E-08; 1; 0,61073536; 0,30793047; 0,67299753; 0,92006534; Idle
HIGH; SELF; MARRIED; 0,8999998; 0,8999998; 0,10000028; 0,4384567; 0,3931886; 0,22608274; 0,49578118; PatrolWalk
HIGH; SELF; MARRIED; 0,30000004; 0,30000004; 0,7000003; 0,73753107; 0,7371713; 0,91447115; 0,60389465; Idle
HIGH; SELF; MARRIED; 0; 0; 1; 0,023592353; 0,83309036; 0,31797898; 0,63911146; Idle
HIGH; SELF; MARRIED; 1,1175871E-08; 1,1175871E-08; 1; 0,53214365; 0,13445783; 0,35757238; 0,012396872; Idle
HIGH; SELF; MARRIED; 0,30000004; 0,30000004; 0,7000003; 0,21559858; 0,21015722; 0,16399246; 0,44403106; Aggressive
HIGH; SELF; MARRIED; 0,016666664; 0,016666664; 0,98333335; 0,42813212; 0,2911046; 0,9668634; 0,7793689; Idle
HIGH; SELF; MARRIED; 0,30000004; 0,30000004; 0,7000003; 0,01820761; 0,69851327; 0,9201407; 0,9268679; Idle
HIGH; SELF; MARRIED; 0,016666679; 0,016666679; 0,98333335; 0,38813502; 0,6208073; 0,9705479; 0,9229179; Idle
HIGH; SELF; MARRIED; 0,3; 0,3; 0,7000003; 0,11822438; 0,8316763; 0,65987325; 0,053809762; PatrolWalk
HIGH; SELF; MARRIED; 0,31666672; 0,31666672; 0,68333364; 0,015640378; 0,47231722; 0,8198741; 0,8458498; PatrolWalk
HIGH; SELF; MARRIED; 0,58333343; 0,58333343; 0,41666707; 0,24030268; 0,054194093; 0,6584155; 0,30367148; PatrolWalk
HIGH; SELF; MARRIED; 0,61666673; 0,61666673; 0,3833337; 0,7742583; 0,76714444; 0,9439274; 0,49752522; Interact
HIGH; SELF; MARRIED; 0,31666672; 0,31666672; 0,68333364; 0,290424; 0,15810537; 0,34179217; 0,76973313; PatrolWalk
HIGH; SELF; MARRIED; 0,31666672; 0,31666672; 0,68333364; 0,17658222; 0,42796636; 0,22874069; 0,463745; Aggressive
HIGH; SELF; MARRIED; 0; 0; 1; 0,5282848; 0,7722716; 0,09469408; 0,5458727; Aggressive
HIGH; SELF; MARRIED; 0,33333337; 0,33333337; 0,666667; 0,9992608; 0,7855052; 0,66055894; 0,08637053; Interact
HIGH; SELF; MARRIED; 0,61666673; 0,61666673; 0,3833337; 0,20239604; 0,27587456; 0,15843302; 0,31770128; Aggressive
HIGH; SELF; MARRIED; 0,3333334; 0,3333334; 0,666667; 0,33500457; 0,7479294; 0,6697048; 0,711463; PatrolWalk
HIGH; SELF; MARRIED; 0; 0; 1; 0,70635647; 0,53080106; 0,38014364; 0,35482514; Idle
HIGH; SELF; MARRIED; 0,016666679; 0,016666679; 0,98333335; 0,14147878; 0,9813394; 0,9814326; 0,060845077; Idle
HIGH; SELF; MARRIED; 0,28333333; 0,28333333; 0,71666694; 0,5680708; 0,6011538; 0,982523; 0,27291054; PatrolWalk
HIGH; SELF; MARRIED; 0,3166667; 0,3166667; 0,68333364; 0,1730848; 0,14604819; 0,16694087; 0,2725448; Aggressive
HIGH; SELF; MARRIED; 0,016666679; 0,016666679; 0,98333335; 0,71928513; 0,9092438; 0,48250264; 0,51550066; Idle
HIGH; SELF; MARRIED; 0,016666679; 0,016666679; 0,98333335; 0,3182997; 0,71851164; 0,7818685; 0,85879654; Idle
HIGH; SELF; MARRIED; 0; 0; 1; 0,17297834; 0,088434815; 0,387456; 0,47297466; Idle
HIGH; SELF; MARRIED; 0,03333333; 0,03333333; 0,9666667; 0,20427984; 0,33056337; 0,66892314; 0,369631; Idle
HIGH; SELF; MARRIED; 0,3166667; 0,3166667; 0,68333364; 0,38241774; 0,9219252; 0,9505238; 0,27235538; PatrolWalk
HIGH; SELF; MARRIED; 0,033333346; 0,033333346; 0,9666667; 0,87392676; 0,71477205; 0,9077739; 0,6683439; Idle
HIGH; SELF; MARRIED; 0,30000004; 0,30000004; 0,7000003; 0,80225396; 0,46878898; 0,7603089; 0,47189808; PatrolWalk
HIGH; SELF; MARRIED; 0,31666672; 0,31666672; 0,68333364; 0,79593307; 0,31990248; 0,78751; 0,23010492; Interact
HIGH; SELF; MARRIED; 0; 0; 1; 0,7991904; 0,54925996; 0,84796; 0,12224847; Idle
HIGH; SELF; MARRIED; 0,016666664; 0,016666664; 0,98333335; 0,0095614195; 0,93040234; 0,39964092; 0,55708206; Idle
HIGH; SELF; MARRIED; 0,31666672; 0,31666672; 0,68333364; 0,5120134; 0,8715661; 0,97587264; 0,07903439; Interact
HIGH; SELF; MARRIED; 0,31666672; 0,31666672; 0,68333364; 0,13774621; 0,24806601; 0,36706537; 0,8183362; PatrolWalk
HIGH; SELF; MARRIED; 0,30000004; 0,30000004; 0,7000003; 0,86510015; 0,41925138; 0,8836032; 0,39494562; PatrolWalk
HIGH; SELF; MARRIED; 0,33333337; 0,33333337; 0,666667; 0,111941636; 0,61608434; 0,14089668; 0,7354362; Aggressive
HIGH; SELF; MARRIED; 0,016666664; 0,016666664; 0,98333335; 0,096561015; 0,4101447; 0,07025784; 0,8049106; Aggressive
HIGH; SELF; MARRIED; 0,3333334; 0,3333334; 0,666667; 0,7886874; 0,42837363; 0,47279608; 0,97745836; Interact
HIGH; SELF; MARRIED; 1,1175871E-08; 1,1175871E-08; 1; 0,15408093; 0,86836; 0,67659926; 0,25109494; Idle
HIGH; SELF; MARRIED; 0,016666679; 0,016666679; 0,98333335; 0,7355351; 0,34358197; 0,40722305; 0,53630257; Idle
HIGH; SELF; MARRIED; 0,30000004; 0,30000004; 0,7000003; 0,007834911; 0,65815264; 0,010120928; 0,6308966; Aggressive
HIGH; SELF; MARRIED; 0,3166667; 0,3166667; 0,68333364; 0,40356308; 0,08730656; 0,74481964; 0,827027; Idle
HIGH; SELF; MARRIED; 0,016666679; 0,016666679; 0,98333335; 0,17735583; 0,39042825; 0,5932652; 0,9932266; Idle
HIGH; SELF; MARRIED; 0,016666679; 0,016666679; 0,98333335; 0,91349983; 0,7121507; 0,63004583; 0,98648196; Idle
HIGH; SELF; MARRIED; 1,1175871E-08; 1,1175871E-08; 1; 0,06352109; 0,49490017; 0,40675563; 0,14880669; Idle
HIGH; SELF; MARRIED; 0,03333333; 0,03333333; 0,9666667; 0,72703063; 0,7770637; 0,20527548; 0,34238672; Aggressive
HIGH; SELF; MARRIED; 0; 0; 1; 0,42207474; 0,21203583; 0,23900777; 0,23207295; Aggressive
HIGH; SELF; MARRIED; 0,033333346; 0,033333346; 0,9666667; 0,21051306; 0,6718278; 0,7590036; 0,22532457; Idle
HIGH; SELF; MARRIED; 0,30000004; 0,30000004; 0,7000003; 0,74801683; 0,06540918; 0,06143427; 0,9542555; Aggressive
HIGH; SELF; MARRIED; 0,31666672; 0,31666672; 0,68333364; 0,9516351; 0,56312835; 0,4193731; 0,098865926; Interact
HIGH; SELF; MARRIED; 1,1175871E-08; 1,1175871E-08; 1; 0,60523754; 0,09855217; 0,4883393; 0,90128237; Idle
HIGH; SELF; MARRIED; 0,61666673; 0,61666673; 0,3833337; 0,48622012; 0,91503197; 0,18530977; 0,75410146; Investigation
HIGH; SELF; MARRIED; 0,31666672; 0,31666672; 0,68333364; 0,43674093; 0,6741972; 0,81562513; 0,86139953; Idle
HIGH; SELF; MARRIED; 0,31666672; 0,31666672; 0,68333364; 0,7969742; 0,55883884; 0,6842854; 0,55605155; Interact
HIGH; SELF; MARRIED; 0,30000004; 0,30000004; 0,7000003; 0,8984248; 0,9533004; 0,11539632; 0,6837284; Aggressive
HIGH; SELF; MARRIED; 0; 0; 1; 0,3809809; 0,14800268; 0,94909304; 0,9342709; Idle
HIGH; SELF; MARRIED; 0; 0; 1; 0,25528586; 0,9898827; 0,14131236; 0,07802981; Aggressive
HIGH; SELF; MARRIED; 0,3333334; 0,3333334; 0,666667; 0,56893843; 0,61468506; 0,90019137; 0,052128017; Interact
HIGH; SELF; MARRIED; 1,1175871E-08; 1,1175871E-08; 1; 0,50802916; 0,4465977; 0,2738344; 0,53817713; Aggressive
HIGH; SELF; MARRIED; 0,016666679; 0,016666679; 0,98333335; 0,80474776; 0,054263473; 0,9534178; 0,49272692; Idle
HIGH; SELF; MARRIED; 0,30000004; 0,30000004; 0,7000003; 0,18380123; 0,6095512; 0,39108133; 0,059782505; Idle
HIGH; SELF; MARRIED; 0,3166667; 0,3166667; 0,68333364; 0,09695673; 0,7763509; 0,48478508; 0,32923865; Idle
HIGH; SELF; MARRIED; 0,61666673; 0,61666673; 0,3833337; 0,555634; 0,7763139; 0,9606441; 0,6277761; Investigation
HIGH; SELF; MARRIED; 0,016666679; 0,016666679; 0,98333335; 0,45981133; 0,5692411; 0,93084764; 0,51945645; Idle
HIGH; SELF; MARRIED; 1,1175871E-08; 1,1175871E-08; 1; 0,6900102; 0,1410433; 0,7295826; 0,67997503; Idle
HIGH; SELF; MARRIED; 0,30000004; 0,30000004; 0,7000003; 0,5019384; 0,22385418; 0,067518294; 0,78205854; Aggressive
HIGH; SELF; MARRIED; 0; 0; 1; 0,13650286; 0,8805041; 0,55179733; 0,2378161; Idle
HIGH; SELF; MARRIED; 0,033333346; 0,033333346; 0,9666667; 0,48200983; 0,57897717; 0,15675426; 0,39212382; Aggressive
HIGH; SELF; MARRIED; 0; 0; 1; 0,72596455; 0,21384406; 0,4049518; 0,9373082; Idle
HIGH; SELF; MARRIED; 0,31666672; 0,31666672; 0,68333364; 0,9609536; 0,29978675; 0,13262677; 0,96702564; Interact
HIGH; SELF; MARRIED; 0,6000001; 0,6000001; 0,4000004; 0,2902403; 0,3143227; 0,88809824; 0,239663; PatrolWalk
HIGH; SELF; MARRIED; 0,61666673; 0,61666673; 0,3833337; 0,7724726; 0,75969976; 0,959125; 0,30413252; Interact
HIGH; SELF; MARRIED; 0,3166667; 0,3166667; 0,68333364; 0,46110886; 0,017564952; 0,123025954; 0,7701425; Aggressive
HIGH; SELF; MARRIED; 0,31666672; 0,31666672; 0,68333364; 0,17194444; 0,6062814; 0,82988465; 0,35203302; Idle
HIGH; SELF; MARRIED; 0,30000004; 0,30000004; 0,7000003; 0,51268655; 0,99398583; 0,20127428; 0,15447986; Aggressive
HIGH; SELF; MARRIED; 1,1175871E-08; 1,1175871E-08; 1; 0,11151379; 0,21729219; 0,041430652; 0,6891716; Aggressive
HIGH; SELF; MARRIED; 0,30000004; 0,30000004; 0,7000003; 0,12969273; 0,9261053; 0,20445877; 0,6903802; Aggressive
HIGH; SELF; MARRIED; 0; 0; 1; 0,24957669; 0,4745105; 0,26223284; 0,78458995; Aggressive
HIGH; SELF; MARRIED; 0,30000004; 0,30000004; 0,7000003; 0,12606668; 0,3258267; 0,78562653; 0,51669985; PatrolWalk
HIGH; SELF; MARRIED; 0,016666679; 0,016666679; 0,98333335; 0,24927586; 0,7005631; 0,41253173; 0,06544244; Idle
HIGH; SELF; MARRIED; 0,3; 0,3; 0,7000003; 0,1483323; 0,27450556; 0,2140683; 0,69600993; Aggressive
HIGH; SELF; MARRIED; 0,3166667; 0,3166667; 0,68333364; 0,5872501; 0,45261562; 0,57192814; 0,42718858; Interact
HIGH; SELF; MARRIED; 0,016666664; 0,016666664; 0,98333335; 0,2087946; 0,40654254; 0,37494034; 0,28300458; Idle
HIGH; SELF; MARRIED; 0,61666673; 0,61666673; 0,3833337; 0,49369746; 0,5185467; 0,17776054; 0,3057664; Aggressive
HIGH; SELF; MARRIED; 1,1175871E-08; 1,1175871E-08; 1; 0,7667958; 0,33403504; 0,036388397; 0,6670316; Aggressive
HIGH; SELF; MARRIED; 0; 0; 1; 0,17624813; 0,8522155; 0,4651965; 0,62210643; Idle
HIGH; SELF; MARRIED; 1,1175871E-08; 1,1175871E-08; 1; 0,29380715; 0,036638558; 0,6576768; 0,69431454; Idle
HIGH; SELF; MARRIED; 0; 0; 1; 0,09750843; 0,15834683; 0,9694294; 0,56216115; Idle
HIGH; SELF; MARRIED; 1,1175871E-08; 1,1175871E-08; 1; 0,8185651; 0,7063021; 0,86501753; 0,019672573; Idle
HIGH; SELF; MARRIED; 0; 0; 1; 0,91181976; 0,23795366; 0,30394214; 0,1560446; Idle
HIGH; SELF; MARRIED; 0,31666672; 0,31666672; 0,68333364; 0,9206011; 0,0894956; 0,9932811; 0,1767751; Interact
HIGH; SELF; MARRIED; 0; 0; 1; 0,7745643; 0,41686034; 0,901767; 0,9793735; Idle
HIGH; SELF; MARRIED; 0,016666664; 0,016666664; 0,98333335; 0,28347683; 0,2924201; 0,4658147; 0,014008343; Idle
HIGH; SELF; MARRIED; 0,3166667; 0,3166667; 0,68333364; 0,3127364; 0,52346736; 0,46022093; 0,6521234; PatrolWalk
HIGH; SELF; MARRIED; 0,3166667; 0,3166667; 0,68333364; 0,15228784; 0,22888684; 0,52144814; 0,15406114; Idle
HIGH; SELF; MARRIED; 0; 0; 1; 0,44745386; 0,63523185; 0,62115884; 0,6397677; Idle
HIGH; SELF; MARRIED; 0,30000004; 0,30000004; 0,7000003; 0,43911314; 0,9988466; 0,123802245; 0,14761639; Aggressive
HIGH; SELF; MARRIED; 0,30000004; 0,30000004; 0,7000003; 0,42159975; 0,7352546; 0,05185306; 0,30041152; Aggressive
HIGH; SELF; MARRIED; 0,30000004; 0,30000004; 0,7000003; 0,2965427; 0,6980885; 0,6158994; 0,5491818; Idle
HIGH; SELF; MARRIED; 0,30000004; 0,30000004; 0,7000003; 0,43346125; 0,42278033; 0,1340397; 0,80380845; Aggressive
HIGH; SELF; MARRIED; 0,016666679; 0,016666679; 0,98333335; 0,41511893; 0,8220624; 0,6863816; 0,094448864; Idle
HIGH; SELF; MARRIED; 0,30000004; 0,30000004; 0,7000003; 0,4111703; 0,4683007; 0,15937513; 0,5549559; Aggressive
HIGH; SELF; MARRIED; 0,3166667; 0,3166667; 0,68333364; 0,77608573; 0,90073615; 0,718866; 0,44737136; Interact
HIGH; SELF; MARRIED; 0,016666664; 0,016666664; 0,98333335; 0,27981877; 0,018089056; 0,73443556; 0,0088762045; Idle
HIGH; SELF; MARRIED; 0,61666673; 0,61666673; 0,3833337; 0,4032113; 0,03290069; 0,8197039; 0,3888104; PatrolWalk
HIGH; SELF; MARRIED; 0,30000004; 0,30000004; 0,7000003; 0,05170828; 0,17269349; 0,56939197; 0,8291527; Idle
HIGH; SELF; MARRIED; 1,1175871E-08; 1,1175871E-08; 1; 0,40581793; 0,77055; 0,36590755; 0,55956376; Idle
HIGH; SELF; MARRIED; 1,1175871E-08; 1,1175871E-08; 1; 0,57494307; 0,05688709; 0,6977324; 0,48923874; Idle
HIGH; SELF; MARRIED; 0,6000001; 0,6000001; 0,4000004; 0,6186913; 0,28466845; 0,942334; 0,0049344897; Interact
HIGH; SELF; MARRIED; 1,1175871E-08; 1,1175871E-08; 1; 0,7787422; 0,52045; 0,6367666; 0,06501043; Idle
HIGH; SELF; MARRIED; 0,3333334; 0,3333334; 0,666667; 0,35748905; 0,824872; 0,40906954; 0,5993837; Idle
HIGH; SELF; MARRIED; 0; 0; 1; 0,81212837; 0,7497043; 0,94698167; 0,38697803; Idle
HIGH; SELF; MARRIED; 0; 0; 1; 0,32883084; 0,87272507; 0,5558804; 0,11188638; Idle
HIGH; SELF; MARRIED; 0,33333337; 0,33333337; 0,666667; 0,10025525; 0,6090965; 0,5058857; 0,8604287; Idle
HIGH; SELF; MARRIED; 0,3; 0,3; 0,7000003; 0,7617364; 0,326384; 0,57514066; 0,5173469; PatrolWalk
HIGH; SELF; MARRIED; 0,61666673; 0,61666673; 0,3833337; 0,7271745; 0,27649695; 0,23199463; 0,86677283; Investigation
HIGH; SELF; MARRIED; 0,31666672; 0,31666672; 0,68333364; 0,601706; 0,706454; 0,8581702; 0,9605472; Interact
HIGH; SELF; MARRIED; 0,31666672; 0,31666672; 0,68333364; 0,13510257; 0,9941124; 0,5813329; 0,43522322; PatrolWalk
HIGH; SELF; MARRIED; 0,28333333; 0,28333333; 0,71666694; 0,3827778; 0,38171005; 0,8825257; 0,115668595; PatrolWalk
HIGH; SELF; MARRIED; 0,31666672; 0,31666672; 0,68333364; 0,24450976; 0,3995809; 0,27353412; 0,32302302; Aggressive
HIGH; SELF; MARRIED; 0,6333334; 0,6333334; 0,36666703; 0,6710635; 0,06632429; 0,8703385; 0,3955546; Interact
HIGH; SELF; MARRIED; 0,30000004; 0,30000004; 0,7000003; 0,6497996; 0,45809; 0,9273659; 0,72071874; Idle
HIGH; SELF; MARRIED; 0,30000004; 0,30000004; 0,7000003; 0,66416365; 0,1637693; 0,18270653; 0,8569937; Aggressive
HIGH; SELF; MARRIED; 0,6333334; 0,6333334; 0,36666703; 0,6837609; 0,9227812; 0,93151134; 0,14661527; Interact
HIGH; SELF; MARRIED; 0; 0; 1; 0,0046497583; 0,1737411; 0,19332725; 0,6246955; Aggressive
HIGH; SELF; MARRIED; 0,3166667; 0,3166667; 0,68333364; 0,34511018; 0,7292612; 0,26349276; 0,7914477; Aggressive
HIGH; SELF; MARRIED; 0,016666679; 0,016666679; 0,98333335; 0,97521734; 0,21182758; 0,96481; 0,01657188; Idle
HIGH; SELF; MARRIED; 0,016666679; 0,016666679; 0,98333335; 0,9538625; 0,7318204; 0,67268974; 0,81734014; Idle
HIGH; SELF; MARRIED; 0; 0; 1; 0,7629806; 0,97186714; 0,52069825; 0,87650406; Idle
HIGH; SELF; MARRIED; 0,016666679; 0,016666679; 0,98333335; 0,3024357; 0,44364595; 0,93403363; 0,69868493; Idle
HIGH; SELF; MARRIED; 0,33333337; 0,33333337; 0,666667; 0,3587942; 0,1968171; 0,6192528; 0,98236626; Idle
HIGH; SELF; MARRIED; 0,6000001; 0,6000001; 0,4000004; 0,42472565; 0,1779393; 0,49708813; 0,9237355; Investigation
HIGH; SELF; MARRIED; 1,1175871E-08; 1,1175871E-08; 1; 0,81195456; 0,23700595; 0,82430416; 0,2299254; Idle
HIGH; SELF; MARRIED; 0,33333337; 0,33333337; 0,666667; 0,13931644; 0,78435177; 0,64736325; 0,892079; PatrolWalk
HIGH; SELF; MARRIED; 0; 0; 1; 0,7454577; 0,631133; 0,4561137; 0,5947824; Idle
HIGH; SELF; MARRIED; 0,016666664; 0,016666664; 0,98333335; 0,107155204; 0,2921276; 0,03035134; 0,5909724; Aggressive
HIGH; SELF; MARRIED; 0,31666672; 0,31666672; 0,68333364; 0,07245332; 0,6611756; 0,42519253; 0,9791931; Idle
HIGH; SELF; MARRIED; 0,31666672; 0,31666672; 0,68333364; 0,58540606; 0,5069927; 0,03736186; 0,1096071; Interact
HIGH; SELF; MARRIED; 0,30000004; 0,30000004; 0,7000003; 0,3140086; 0,6360429; 0,30922902; 0,24621451; Idle
HIGH; SELF; MARRIED; 0,31666672; 0,31666672; 0,68333364; 0,64321595; 0,31384683; 0,829221; 0,26270336; Interact
HIGH; SELF; MARRIED; 0,6333334; 0,6333334; 0,36666703; 0,36877054; 0,5868041; 0,8933636; 0,5139788; PatrolWalk
HIGH; SELF; MARRIED; 0,3; 0,3; 0,7000003; 0,19543266; 0,4012068; 0,8031303; 0,21188587; PatrolWalk
HIGH; SELF; MARRIED; 0,30000004; 0,30000004; 0,7000003; 0,85666585; 0,75254774; 0,083291054; 0,73872143; Aggressive
HIGH; SELF; MARRIED; 0,03333333; 0,03333333; 0,9666667; 0,21925414; 0,98292303; 0,3051098; 0,098150015; Idle
HIGH; SELF; MARRIED; 0,30000004; 0,30000004; 0,7000003; 0,58820385; 0,6768968; 0,40134782; 0,17415756; PatrolWalk
HIGH; SELF; MARRIED; 0; 0; 1; 0,26100564; 0,36852908; 0,9459345; 0,23214233; Idle
HIGH; SELF; MARRIED; 0,61666673; 0,61666673; 0,3833337; 0,7990746; 0,066969514; 0,374323; 0,9990132; Investigation
HIGH; SELF; MARRIED; 0,016666679; 0,016666679; 0,98333335; 0,8220999; 0,025084436; 0,06359178; 0,8111783; Aggressive
HIGH; SELF; MARRIED; 0,6000001; 0,6000001; 0,4000004; 0,54469615; 0,102072716; 0,56634074; 0,9897855; Investigation
HIGH; SELF; MARRIED; 0,016666679; 0,016666679; 0,98333335; 0,47085994; 0,6932136; 0,81758535; 0,33917212; Idle
HIGH; SELF; MARRIED; 0,33333337; 0,33333337; 0,666667; 0,85865134; 0,89364403; 0,998987; 0,9855158; Interact
HIGH; SELF; MARRIED; 0; 0; 1; 0,22894078; 0,1041286; 0,849988; 0,61668193; Idle
HIGH; SELF; MARRIED; 1,1175871E-08; 1,1175871E-08; 1; 0,5193901; 0,4125328; 0,25128055; 0,10312706; Aggressive
HIGH; SELF; MARRIED; 0,33333337; 0,33333337; 0,666667; 0,43833303; 0,7445465; 0,76553637; 0,3159688; PatrolWalk
HIGH; SELF; MARRIED; 1,1175871E-08; 1,1175871E-08; 1; 0,97552764; 0,14889735; 0,5272524; 0,8650726; Idle
HIGH; SELF; MARRIED; 0,30000004; 0,30000004; 0,7000003; 0,4429012; 0,68130654; 0,12032032; 0,96181256; Aggressive
HIGH; SELF; MARRIED; 0,3166667; 0,3166667; 0,68333364; 0,7775946; 0,24842101; 0,43643516; 0,97662526; Interact
HIGH; SELF; MARRIED; 0; 0; 1; 0,5647773; 0,12966305; 0,07851976; 0,7135662; Aggressive
HIGH; SELF; MARRIED; 0,3; 0,3; 0,7000003; 0,9396147; 0,89279133; 0,48510253; 0,74597186; PatrolWalk
HIGH; SELF; MARRIED; 0,31666672; 0,31666672; 0,68333364; 0,010776639; 0,5340354; 0,04635465; 0,3226927; Aggressive
HIGH; SELF; MARRIED; 0,03333333; 0,03333333; 0,9666667; 0,7866765; 0,23592532; 0,7730488; 0,71317756; Idle
HIGH; SELF; MARRIED; 0,30000004; 0,30000004; 0,7000003; 0,04212576; 0,5071041; 0,15634662; 0,720479; Aggressive
HIGH; SELF; MARRIED; 0; 0; 1; 0,6867327; 0,02317363; 0,9926266; 0,85487956; Idle
HIGH; SELF; MARRIED; 0,03333333; 0,03333333; 0,9666667; 0,10921848; 0,35977268; 0,87242585; 0,27936244; Idle
HIGH; SELF; MARRIED; 0,30000004; 0,30000004; 0,7000003; 0,55185723; 0,7547074; 0,72414637; 0,79912996; Idle
HIGH; SELF; MARRIED; 1,1175871E-08; 1,1175871E-08; 1; 0,013009667; 0,6042527; 0,35089594; 0,8034456; Idle
HIGH; SELF; MARRIED; 0,016666664; 0,016666664; 0,98333335; 0,55810004; 0,5503625; 0,32370704; 0,48894644; Idle
HIGH; SELF; MARRIED; 0; 0; 1; 0,81402165; 0,24891096; 0,85253495; 0,17376125; Idle
HIGH; SELF; MARRIED; 0; 0; 1; 0,101540506; 0,2707069; 0,7239769; 0,6236568; Idle
HIGH; SELF; MARRIED; 0,016666679; 0,016666679; 0,98333335; 0,04506427; 0,04401672; 0,30727708; 0,20802093; Idle
HIGH; SELF; MARRIED; 0,33333337; 0,33333337; 0,666667; 0,23450857; 0,7485784; 0,87232316; 0,94514215; PatrolWalk
HIGH; SELF; MARRIED; 1,1175871E-08; 1,1175871E-08; 1; 0,89966637; 0,83836496; 0,81247973; 0,25347972; Idle
HIGH; SELF; MARRIED; 0,30000004; 0,30000004; 0,7000003; 0,5130394; 0,29102087; 0,17709309; 0,6019987; Aggressive
HIGH; SELF; MARRIED; 0,33333337; 0,33333337; 0,666667; 0,5952283; 0,4056551; 0,16405594; 0,067104876; Interact
HIGH; SELF; MARRIED; 0,6000001; 0,6000001; 0,4000004; 0,45722562; 0,6113026; 0,97908884; 0,85885525; Investigation
HIGH; SELF; MARRIED; 0,30000004; 0,30000004; 0,7000003; 0,23856318; 0,72545475; 0,14705956; 0,12887132; Aggressive
HIGH; SELF; MARRIED; 0,3166667; 0,3166667; 0,68333364; 0,48118466; 0,43813992; 0,99856895; 0,8110116; PatrolWalk
HIGH; SELF; MARRIED; 0,30000004; 0,30000004; 0,7000003; 0,71235305; 0,94331574; 0,18900913; 0,14950728; Aggressive
HIGH; SELF; MARRIED; 0,30000004; 0,30000004; 0,7000003; 0,5021271; 0,82337236; 0,17347509; 0,3298732; Aggressive
HIGH; SELF; MARRIED; 0,31666672; 0,31666672; 0,68333364; 0,21254325; 0,37889767; 0,21765357; 0,2563588; Aggressive
HIGH; SELF; MARRIED; 0,03333333; 0,03333333; 0,9666667; 0,04188299; 0,61182; 0,2146408; 0,5682494; Aggressive
HIGH; SELF; MARRIED; 0,30000004; 0,30000004; 0,7000003; 0,11681497; 0,33587027; 0,12046641; 0,9805782; Aggressive
HIGH; SELF; MARRIED; 1,1175871E-08; 1,1175871E-08; 1; 0,7042503; 0,7720631; 0,43340987; 0,24615824; Idle
HIGH; SELF; MARRIED; 0,03333333; 0,03333333; 0,9666667; 0,5638244; 0,590831; 0,66715056; 0,72783774; Idle
HIGH; SELF; MARRIED; 0,3; 0,3; 0,7000003; 0,81304; 0,32384157; 0,65713954; 0,4419821; Idle
HIGH; SELF; MARRIED; 1,1175871E-08; 1,1175871E-08; 1; 0,06641555; 0,0075617433; 0,34428406; 0,8823887; Idle
HIGH; SELF; MARRIED; 0,016666664; 0,016666664; 0,98333335; 0,94859445; 0,19936007; 0,1498183; 0,77619225; Aggressive
HIGH; SELF; MARRIED; 1,1175871E-08; 1,1175871E-08; 1; 0,33518547; 0,15758163; 0,123033285; 0,16449344; Aggressive
HIGH; SELF; MARRIED; 1,1175871E-08; 1,1175871E-08; 1; 0,9048822; 0,3738622; 0,46069324; 0,98411244; Idle
HIGH; SELF; MARRIED; 0,016666679; 0,016666679; 0,98333335; 0,24257845; 0,27245182; 0,37739342; 0,92548054; Idle
HIGH; SELF; MARRIED; 1; 1; 0; 0,87609094; 0,7767771; 0,37824386; 0,84009844; Investigation
HIGH; SELF; MARRIED; 0; 0; 1; 0,5942569; 0,61372215; 0,616813; 0,7901977; Idle
HIGH; SELF; MARRIED; 1,1175871E-08; 1,1175871E-08; 1; 0,8633871; 0,2675581; 0,52680737; 0,29722065; Idle
HIGH; SELF; MARRIED; 0,30000004; 0,30000004; 0,7000003; 0,29432076; 0,7716944; 0,9612437; 0,40383345; PatrolWalk
HIGH; SELF; MARRIED; 0,33333337; 0,33333337; 0,666667; 0,16015702; 0,81378925; 0,5158538; 0,7370066; Idle
HIGH; SELF; MARRIED; 0,6000001; 0,6000001; 0,4000004; 0,74814695; 0,13739061; 0,4436193; 0,71149063; Investigation
HIGH; SELF; MARRIED; 0,30000004; 0,30000004; 0,7000003; 0,9732568; 0,008634865; 0,9526519; 0,15158808; Idle
HIGH; SELF; MARRIED; 0; 0; 1; 0,59346086; 0,34993398; 0,15285778; 0,21208417; Aggressive
HIGH; SELF; MARRIED; 0; 0; 1; 0,33893663; 0,35742885; 0,3353297; 0,27589792; Idle
HIGH; SELF; MARRIED; 0,30000004; 0,30000004; 0,7000003; 0,24669647; 0,5038242; 0,7451707; 0,1637547; PatrolWalk
HIGH; SELF; MARRIED; 0,31666672; 0,31666672; 0,68333364; 0,74222094; 0,75905466; 0,352167; 0,64574534; Interact
HIGH; SELF; MARRIED; 0,30000004; 0,30000004; 0,7000003; 0,8578666; 0,5449888; 0,39407605; 0,49225128; PatrolWalk
HIGH; SELF; MARRIED; 0,30000004; 0,30000004; 0,7000003; 0,9181973; 0,310081; 0,4130659; 0,42076266; Idle
HIGH; SELF; MARRIED; 1,1175871E-08; 1,1175871E-08; 1; 0,3324349; 0,80500716; 0,09806031; 0,2601387; Aggressive
HIGH; SELF; MARRIED; 0,6333334; 0,6333334; 0,36666703; 0,7802102; 0,5876573; 0,9895128; 0,09651607; Interact
HIGH; SELF; MARRIED; 0,3; 0,3; 0,7000003; 0,27640814; 0,021280527; 0,93933046; 0,7359464; PatrolWalk
HIGH; SELF; MARRIED; 0,6000001; 0,6000001; 0,4000004; 0,16052389; 0,13792425; 0,7901382; 0,16223109; PatrolWalk
HIGH; SELF; MARRIED; 0; 0; 1; 0,41026485; 0,8070509; 0,08666265; 0,28981566; Aggressive
HIGH; SELF; MARRIED; 0,30000004; 0,30000004; 0,7000003; 0,70004374; 0,020028472; 0,7416206; 0,8892987; PatrolWalk
HIGH; SELF; MARRIED; 1,1175871E-08; 1,1175871E-08; 1; 0,26368535; 0,78581953; 0,90289176; 0,009864092; Idle
HIGH; SELF; MARRIED; 0,016666679; 0,016666679; 0,98333335; 0,05412489; 0,26392996; 0,6228303; 0,4136085; Idle
HIGH; SELF; MARRIED; 0; 0; 1; 0,6399357; 0,4917118; 0,12702948; 0,51957905; Aggressive
HIGH; SELF; MARRIED; 0,61666673; 0,61666673; 0,3833337; 0,17157108; 0,5940395; 0,6705107; 0,12573665; PatrolWalk
HIGH; SELF; MARRIED; 0; 0; 1; 0,62096894; 0,120023906; 0,2276547; 0,8674877; Aggressive
HIGH; SELF; MARRIED; 0,3166667; 0,3166667; 0,68333364; 0,7890491; 0,237557; 0,03903836; 0,8626329; Interact
HIGH; SELF; MARRIED; 0; 0; 1; 0,51608306; 0,34864634; 0,13029063; 0,7293523; Aggressive
HIGH; SELF; MARRIED; 0,28333333; 0,28333333; 0,71666694; 0,26007074; 0,22605008; 0,17657238; 0,84837794; Aggressive
HIGH; SELF; MARRIED; 0; 0; 1; 0,06815112; 0,34153992; 0,6391984; 0,20318073; Idle
HIGH; SELF; MARRIED; 0; 0; 1; 0,027448714; 0,5031866; 0,78417027; 0,67531574; Idle
HIGH; SELF; MARRIED; 0,31666672; 0,31666672; 0,68333364; 0,46533465; 0,64737034; 0,63140875; 0,71055466; PatrolWalk
HIGH; SELF; MARRIED; 0,3333334; 0,3333334; 0,666667; 0,5431751; 0,786094; 0,41461724; 0,6651806; Interact
HIGH; SELF; MARRIED; 0; 0; 1; 0,08002889; 0,115988314; 0,82418066; 0,02663964; Idle
HIGH; SELF; MARRIED; 0,3166667; 0,3166667; 0,68333364; 0,76676387; 0,9265203; 0,94353825; 0,31683886; Interact
HIGH; SELF; MARRIED; 0; 0; 1; 0,9437247; 0,16937482; 0,0397076; 0,5194668; Aggressive
HIGH; SELF; MARRIED; 0,016666664; 0,016666664; 0,98333335; 0,2003895; 0,49227995; 0,7228227; 0,38741058; Idle
HIGH; SELF; MARRIED; 0; 0; 1; 0,9295058; 0,8685843; 0,20155609; 0,60993946; Aggressive
HIGH; SELF; MARRIED; 0; 0; 1; 0,13652599; 0,17437738; 0,34785515; 0,5196389; Idle
HIGH; SELF; MARRIED; 0,30000004; 0,30000004; 0,7000003; 0,14580572; 0,12966508; 0,74856967; 0,7864643; Idle
HIGH; SELF; MARRIED; 0,30000004; 0,30000004; 0,7000003; 0,87949234; 0,550313; 0,6393884; 0,37546855; PatrolWalk
HIGH; SELF; MARRIED; 0,016666679; 0,016666679; 0,98333335; 0,77972937; 0,83172995; 0,309335; 0,11027926; Idle
HIGH; SELF; MARRIED; 0,033333346; 0,033333346; 0,9666667; 0,9266214; 0,48053777; 0,57379633; 0,8734446; Idle
HIGH; SELF; MARRIED; 0,30000004; 0,30000004; 0,7000003; 0,4472695; 0,5819786; 0,15073216; 0,99018687; Aggressive
HIGH; SELF; MARRIED; 0,016666664; 0,016666664; 0,98333335; 0,7551097; 0,5838892; 0,2870682; 0,8679802; Aggressive
HIGH; SELF; MARRIED; 0; 0; 1; 0,41677004; 0,024076939; 0,07774049; 0,8539156; Aggressive
HIGH; SELF; MARRIED; 0,3166667; 0,3166667; 0,68333364; 0,3485176; 0,37751025; 0,07216084; 0,54782677; Aggressive
HIGH; SELF; MARRIED; 0; 0; 1; 0,53716236; 0,13393056; 0,48630685; 0,8022999; Idle
HIGH; SELF; MARRIED; 0,30000004; 0,30000004; 0,7000003; 0,449987; 0,40363395; 0,6076535; 0,69964236; Idle
HIGH; SELF; MARRIED; 0,6000001; 0,6000001; 0,4000004; 0,5949071; 0,5201488; 0,04481733; 0,59860665; Interact
HIGH; SELF; MARRIED; 1,1175871E-08; 1,1175871E-08; 1; 0,34890974; 0,5052888; 0,3079896; 0,5138408; Idle
HIGH; SELF; MARRIED; 0,31666672; 0,31666672; 0,68333364; 0,60294527; 0,56378376; 0,32082355; 0,0604077; Interact
HIGH; SELF; MARRIED; 0,3333334; 0,3333334; 0,666667; 0,12169379; 0,9416162; 0,88668483; 0,99201226; Idle
HIGH; SELF; MARRIED; 1,1175871E-08; 1,1175871E-08; 1; 0,054144025; 0,4390357; 0,06121224; 0,14320308; Aggressive
HIGH; SELF; MARRIED; 0; 0; 1; 0,6986318; 0,052151144; 0,022802532; 0,08648497; Aggressive
HIGH; SELF; MARRIED; 0; 0; 1; 0,8125922; 0,1708411; 0,29487532; 0,20579791; Aggressive
HIGH; SELF; MARRIED; 0,016666664; 0,016666664; 0,98333335; 0,8959157; 0,6453028; 0,69431126; 0,8975076; Idle
HIGH; SELF; MARRIED; 0,30000004; 0,30000004; 0,7000003; 0,3188004; 0,19294816; 0,21611363; 0,3750071; Aggressive
HIGH; SELF; MARRIED; 0,6000001; 0,6000001; 0,4000004; 0,21306652; 0,99436516; 0,73766893; 0,5754717; PatrolWalk
HIGH; SELF; MARRIED; 0,3; 0,3; 0,7000003; 0,47988117; 0,5117337; 0,5558124; 0,13561308; PatrolWalk
HIGH; SELF; MARRIED; 0,30000004; 0,30000004; 0,7000003; 0,29834002; 0,3880692; 0,19360948; 0,85290706; Aggressive
HIGH; SELF; MARRIED; 0,016666679; 0,016666679; 0,98333335; 0,44251972; 0,2975517; 0,7360715; 0,39815873; Idle
HIGH; SELF; MARRIED; 0,6333334; 0,6333334; 0,36666703; 0,5955907; 0,5791491; 0,38969874; 0,55577064; Interact
HIGH; SELF; MARRIED; 0; 0; 1; 0,61897963; 0,68318546; 0,6198827; 0,7887471; Idle
HIGH; SELF; MARRIED; 0; 0; 1; 0,99713403; 0,43312675; 0,051874578; 0,49639094; Aggressive
HIGH; SELF; MARRIED; 0; 0; 1; 0,19319361; 0,3325513; 0,9058339; 0,031214893; Idle
HIGH; SELF; MARRIED; 0,3166667; 0,3166667; 0,68333364; 0,10841286; 0,45383584; 0,42086893; 0,45080954; PatrolWalk
HIGH; SELF; MARRIED; 1,1175871E-08; 1,1175871E-08; 1; 0,24009854; 0,5027966; 0,69045246; 0,4250663; Idle
HIGH; SELF; MARRIED; 0,3; 0,3; 0,7000003; 0,8189815; 0,04871756; 0,18363237; 0,16721922; Aggressive
HIGH; SELF; MARRIED; 0; 0; 1; 0,32794535; 0,04553932; 0,76400733; 0,5397572; Idle
HIGH; SELF; MARRIED; 1,1175871E-08; 1,1175871E-08; 1; 0,4219849; 0,573663; 0,6487687; 0,1479094; Idle
HIGH; SELF; MARRIED; 0,31666672; 0,31666672; 0,68333364; 0,34354317; 0,49796927; 0,5769084; 0,4074428; PatrolWalk
HIGH; SELF; MARRIED; 0,33333337; 0,33333337; 0,666667; 0,07688522; 0,75835454; 0,6578345; 0,106399596; Idle
HIGH; SELF; MARRIED; 0,30000004; 0,30000004; 0,7000003; 0,828348; 0,89681184; 0,30660015; 0,6267087; PatrolWalk
HIGH; SELF; MARRIED; 0; 0; 1; 0,86293846; 0,718544; 0,00018769503; 0,73249984; Aggressive
HIGH; SELF; MARRIED; 0,30000004; 0,30000004; 0,7000003; 0,29478794; 0,04340428; 0,31383735; 0,7215478; Idle
HIGH; SELF; MARRIED; 0,016666664; 0,016666664; 0,98333335; 0,6738976; 0,4323032; 0,5078057; 0,16162336; Idle
HIGH; SELF; MARRIED; 0,30000004; 0,30000004; 0,7000003; 0,8336771; 0,18530488; 0,500865; 0,99134284; PatrolWalk
HIGH; SELF; MARRIED; 0; 0; 1; 0,2452991; 0,50402856; 0,99060565; 0,39460623; Idle
HIGH; SELF; MARRIED; 0,30000004; 0,30000004; 0,7000003; 0,20986146; 0,8712121; 0,9170089; 0,28347296; Idle
HIGH; SELF; MARRIED; 0,30000004; 0,30000004; 0,7000003; 0,76322794; 0,059337676; 0,22697526; 0,6941978; Aggressive
HIGH; SELF; MARRIED; 0,016666679; 0,016666679; 0,98333335; 0,008141339; 0,21294081; 0,022147894; 0,91858923; Aggressive
HIGH; SELF; MARRIED; 0,6333334; 0,6333334; 0,36666703; 0,6337787; 0,88038784; 0,5329399; 0,66663945; Investigation
HIGH; SELF; MARRIED; 1,1175871E-08; 1,1175871E-08; 1; 0,9582089; 0,14402163; 0,7833096; 0,171399; Idle
HIGH; SELF; MARRIED; 0; 0; 1; 0,44669187; 0,40549266; 0,9911088; 0,4764862; Idle
HIGH; SELF; MARRIED; 0,6000001; 0,6000001; 0,4000004; 0,060769558; 0,56177956; 0,72153926; 0,5844711; PatrolWalk
HIGH; SELF; MARRIED; 0,3166667; 0,3166667; 0,68333364; 0,051026642; 0,41560316; 0,6245892; 0,09722543; Idle
HIGH; SELF; MARRIED; 1,1175871E-08; 1,1175871E-08; 1; 0,7873198; 0,5346005; 0,09031463; 0,21144187; Aggressive
HIGH; SELF; MARRIED; 0,30000004; 0,30000004; 0,7000003; 0,22334719; 0,44217294; 0,903113; 0,3398894; PatrolWalk
HIGH; SELF; MARRIED; 0,6000001; 0,6000001; 0,4000004; 0,58614004; 0,24420023; 0,93198735; 0,8131528; Investigation
HIGH; SELF; MARRIED; 1,1175871E-08; 1,1175871E-08; 1; 0,92359513; 0,49799907; 0,0130393505; 0,4030053; Aggressive
HIGH; SELF; MARRIED; 0; 0; 1; 0,27356243; 0,065090895; 0,5042185; 0,60711133; Idle
HIGH; SELF; MARRIED; 0,33333337; 0,33333337; 0,666667; 0,81372964; 0,10262716; 0,49958694; 0,75370353; Interact
HIGH; SELF; MARRIED; 0,30000004; 0,30000004; 0,7000003; 0,27396792; 0,6045783; 0,12282592; 0,697341; Aggressive
HIGH; SELF; MARRIED; 0,30000004; 0,30000004; 0,7000003; 0,19350296; 0,3297168; 0,030817926; 0,74265605; Aggressive
HIGH; SELF; MARRIED; 0,3; 0,3; 0,7000003; 0,12904632; 0,50480133; 0,31690884; 0,3277468; PatrolWalk
HIGH; SELF; MARRIED; 0,61666673; 0,61666673; 0,3833337; 0,91986394; 0,9000195; 0,9433046; 0,74580944; Investigation
HIGH; SELF; MARRIED; 0; 0; 1; 0,7968636; 0,6241287; 0,019434571; 0,66948426; Aggressive
HIGH; SELF; MARRIED; 1,1175871E-08; 1,1175871E-08; 1; 0,44011712; 0,59886575; 0,23990083; 0,043959916; Aggressive
HIGH; SELF; MARRIED; 0,3; 0,3; 0,7000003; 0,67957044; 0,68760765; 0,38783634; 0,7755031; PatrolWalk
HIGH; SELF; MARRIED; 0; 0; 1; 0,9266438; 0,8316656; 0,332811; 0,64939296; Idle
HIGH; SELF; MARRIED; 0,30000004; 0,30000004; 0,7000003; 0,653986; 0,5430172; 0,9736921; 0,62166876; Idle
HIGH; SELF; MARRIED; 0,03333333; 0,03333333; 0,9666667; 0,8918357; 0,90323365; 0,4697317; 0,4246077; Idle
HIGH; SELF; MARRIED; 0; 0; 1; 0,3578866; 0,8798031; 0,8721872; 0,12298387; Idle
HIGH; SELF; MARRIED; 1,1175871E-08; 1,1175871E-08; 1; 0,9097583; 0,04839033; 0,19965541; 0,16205382; Aggressive
HIGH; SELF; MARRIED; 1,1175871E-08; 1,1175871E-08; 1; 0,29638696; 0,82487917; 0,3359068; 0,622826; Idle
HIGH; SELF; MARRIED; 0; 0; 1; 0,7602038; 0,05722344; 0,56266725; 0,401649; Idle
HIGH; SELF; MARRIED; 0,3166667; 0,3166667; 0,68333364; 0,8838528; 0,24268842; 0,4895798; 0,15320474; Interact
HIGH; SELF; MARRIED; 0; 0; 1; 0,57452947; 0,27033937; 0,22359842; 0,13993198; Aggressive
HIGH; SELF; MARRIED; 0; 0; 1; 0,37239575; 0,06512731; 0,14048052; 0,10106027; Aggressive
HIGH; SELF; MARRIED; 0; 0; 1; 0,040878057; 0,3204242; 0,5196628; 0,09776175; Idle
HIGH; SELF; MARRIED; 0,30000004; 0,30000004; 0,7000003; 0,012517512; 0,48838252; 0,9468246; 0,2706899; Idle
HIGH; SELF; MARRIED; 0,6000001; 0,6000001; 0,4000004; 0,08297616; 0,005597949; 0,4953516; 0,7393545; Investigation
HIGH; SELF; MARRIED; 0,33333337; 0,33333337; 0,666667; 0,07639855; 0,5231699; 0,99882317; 0,94635254; Idle
HIGH; SELF; MARRIED; 0; 0; 1; 0,28141105; 0,5298062; 0,28491503; 0,76834524; Aggressive
HIGH; SELF; MARRIED; 0,30000004; 0,30000004; 0,7000003; 0,77764016; 0,23363525; 0,12940729; 0,81857586; Aggressive
HIGH; SELF; MARRIED; 0,30000004; 0,30000004; 0,7000003; 0,36210644; 0,10978705; 0,63661397; 0,74097145; PatrolWalk
HIGH; SELF; MARRIED; 0,016666664; 0,016666664; 0,98333335; 0,65018886; 0,7628569; 0,77642983; 0,09450549; Idle
HIGH; SELF; MARRIED; 0; 0; 1; 0,3994788; 0,98223835; 0,9219727; 0,9185646; Idle
HIGH; SELF; MARRIED; 0; 0; 1; 0,37302423; 0,35178888; 0,4377042; 0,26954663; Idle
HIGH; SELF; MARRIED; 0,30000004; 0,30000004; 0,7000003; 0,64789337; 0,87842894; 0,20334035; 0,93369776; Aggressive
HIGH; SELF; MARRIED; 0,6000001; 0,6000001; 0,4000004; 0,40103197; 0,22390419; 0,51106185; 0,47318447; PatrolWalk
HIGH; SELF; MARRIED; 0,3; 0,3; 0,7000003; 0,9802598; 0,28908592; 0,014398575; 0,6512453; Aggressive
HIGH; SELF; MARRIED; 0,6333334; 0,6333334; 0,36666703; 0,2741298; 0,47308248; 0,7066627; 0,53579235; Idle
HIGH; SELF; MARRIED; 0; 0; 1; 0,4127162; 0,49530452; 0,82016295; 0,8273863; Idle
HIGH; SELF; MARRIED; 0; 0; 1; 0,47125995; 0,14328957; 0,050501704; 0,2449336; Aggressive
HIGH; SELF; MARRIED; 0; 0; 1; 0,27428526; 0,36309367; 0,47882706; 0,9404107; Idle
HIGH; SELF; MARRIED; 0,33333337; 0,33333337; 0,666667; 0,70818675; 0,27145636; 0,46333992; 0,04214418; Interact
HIGH; SELF; MARRIED; 0,31666672; 0,31666672; 0,68333364; 0,09158206; 0,7679568; 0,93524766; 0,3218487; PatrolWalk
HIGH; SELF; MARRIED; 0,31666672; 0,31666672; 0,68333364; 0,79956883; 0,57185775; 0,6567998; 0,37356144; Interact
HIGH; SELF; MARRIED; 0; 0; 1; 0,62604105; 0,28545684; 0,22782171; 0,6382321; Aggressive
HIGH; SELF; MARRIED; 0,28333333; 0,28333333; 0,71666694; 0,6047932; 0,9332278; 0,6036833; 0,579567; PatrolWalk
HIGH; SELF; MARRIED; 0; 0; 1; 0,3341654; 0,5018142; 0,015439928; 0,33056808; Aggressive
HIGH; SELF; MARRIED; 0,94999975; 0,94999975; 0,05000028; 0,73409927; 0,7282902; 0,41471612; 0,9098207; Investigation
HIGH; SELF; MARRIED; 0,30000004; 0,30000004; 0,7000003; 0,25769162; 0,036182344; 0,9006641; 0,25386828; Idle
HIGH; SELF; MARRIED; 0; 0; 1; 0,6365115; 0,2806512; 0,36567634; 0,0724414; Idle
HIGH; SELF; MARRIED; 0,30000004; 0,30000004; 0,7000003; 0,21863365; 0,9088827; 0,8637059; 0,8831685; PatrolWalk
HIGH; SELF; MARRIED; 0,03333333; 0,03333333; 0,9666667; 0,9197098; 0,4422105; 0,78141177; 0,31089836; Idle
HIGH; SELF; MARRIED; 0,016666679; 0,016666679; 0,98333335; 0,72205216; 0,9668105; 0,77169263; 0,8642091; Idle
HIGH; SELF; MARRIED; 0,016666679; 0,016666679; 0,98333335; 0,7313195; 0,78507435; 0,59477335; 0,9319837; Idle
HIGH; SELF; MARRIED; 0; 0; 1; 0,27859467; 0,46127307; 0,21189457; 0,5885236; Aggressive
HIGH; SELF; MARRIED; 0; 0; 1; 0,005773723; 0,014109731; 0,7246536; 0,84372586; Idle
HIGH; SELF; MARRIED; 0; 0; 1; 0,5128875; 0,37645698; 0,74819785; 0,82063395; Idle
HIGH; SELF; MARRIED; 0,65000004; 0,65000004; 0,35000035; 0,0832662; 0,7446162; 0,26486164; 0,13546938; Aggressive
HIGH; SELF; MARRIED; 0,6000001; 0,6000001; 0,4000004; 0,68604785; 0,6891773; 0,15056771; 0,95093054; Investigation
HIGH; SELF; MARRIED; 0,30000004; 0,30000004; 0,7000003; 0,66893256; 0,09848833; 0,21804702; 0,38054132; Aggressive
HIGH; SELF; MARRIED; 1,1175871E-08; 1,1175871E-08; 1; 0,0906927; 0,7344809; 0,54180604; 0,07173681; Idle
HIGH; SELF; MARRIED; 0,33333337; 0,33333337; 0,666667; 0,8084537; 0,9221601; 0,066958964; 0,6175518; Interact
HIGH; SELF; MARRIED; 0,31666672; 0,31666672; 0,68333364; 0,5265107; 0,22526848; 0,7838231; 0,85466486; Interact
HIGH; SELF; MARRIED; 0,31666672; 0,31666672; 0,68333364; 0,26354283; 0,5059309; 0,51303446; 0,40361917; PatrolWalk
HIGH; SELF; MARRIED; 0; 0; 1; 0,5167992; 0,31387895; 0,63665694; 0,12825501; Idle
HIGH; SELF; MARRIED; 0,30000004; 0,30000004; 0,7000003; 0,08087534; 0,32398516; 0,7878993; 0,7735324; PatrolWalk
HIGH; SELF; MARRIED; 0,30000004; 0,30000004; 0,7000003; 0,5072368; 0,50182027; 0,70993894; 0,32001036; PatrolWalk
HIGH; SELF; MARRIED; 0,35000005; 0,35000005; 0,65000033; 0,7204143; 0,5494053; 0,217008; 0,8313017; Interact
HIGH; SELF; MARRIED; 0,3; 0,3; 0,7000003; 0,8995414; 0,3060326; 0,62702566; 0,37041223; PatrolWalk
HIGH; SELF; MARRIED; 1,1175871E-08; 1,1175871E-08; 1; 0,8867159; 0,11540961; 0,05633235; 0,24526483; Aggressive
HIGH; SELF; MARRIED; 0,30000004; 0,30000004; 0,7000003; 0,96020114; 0,3793314; 0,28243726; 0,3214354; Aggressive
HIGH; SELF; MARRIED; 0,03333333; 0,03333333; 0,9666667; 0,841944; 0,95378464; 0,22705793; 0,260711; Aggressive
HIGH; SELF; MARRIED; 0,016666679; 0,016666679; 0,98333335; 0,1255843; 0,64922607; 0,84378934; 0,17191601; Idle
HIGH; SELF; MARRIED; 0,016666679; 0,016666679; 0,98333335; 0,7393604; 0,36390263; 0,9048678; 0,8672243; Idle
HIGH; SELF; MARRIED; 0,30000004; 0,30000004; 0,7000003; 0,2839616; 0,6478618; 0,44650882; 0,6932307; Idle
HIGH; SELF; MARRIED; 1,1175871E-08; 1,1175871E-08; 1; 0,13743335; 0,081400335; 0,28036982; 0,8549207; Aggressive
HIGH; SELF; MARRIED; 1,1175871E-08; 1,1175871E-08; 1; 0,51749533; 0,34106648; 0,1993519; 0,39008886; Aggressive
HIGH; SELF; MARRIED; 0,049999997; 0,049999997; 0,95000005; 0,60936284; 0,64083403; 0,54579306; 0,46094918; Idle
HIGH; SELF; MARRIED; 0; 0; 1; 0,86147374; 0,44480366; 0,26845717; 0,09488577; Aggressive
HIGH; SELF; MARRIED; 0; 0; 1; 0,7886468; 0,6216934; 0,32134438; 0,008636117; Idle
HIGH; SELF; MARRIED; 1,1175871E-08; 1,1175871E-08; 1; 0,7061452; 0,92448515; 0,077561736; 0,9942942; Aggressive
HIGH; SELF; MARRIED; 0; 0; 1; 0,35753107; 0,6891145; 0,9844307; 0,7146682; Idle
HIGH; SELF; MARRIED; 0,31666672; 0,31666672; 0,68333364; 0,66145897; 0,7960758; 0,5225694; 0,7490547; Interact
HIGH; SELF; MARRIED; 0,31666672; 0,31666672; 0,68333364; 0,7400105; 0,07765007; 0,19669992; 0,002799809; Interact
HIGH; SELF; MARRIED; 0,6000001; 0,6000001; 0,4000004; 0,4214319; 0,57069904; 0,89953136; 0,10271132; Idle
HIGH; SELF; MARRIED; 0; 0; 1; 0,65314656; 0,80714315; 0,98555475; 0,7740683; Idle
HIGH; SELF; MARRIED; 0; 0; 1; 0,7788564; 0,4310643; 0,06505692; 0,8638963; Aggressive
HIGH; SELF; MARRIED; 0,35000005; 0,35000005; 0,65000033; 0,5682407; 0,00911361; 0,81102186; 0,40942603; Interact
HIGH; SELF; MARRIED; 0; 0; 1; 0,31506747; 0,48344022; 0,57874596; 0,52003986; Idle
HIGH; SELF; MARRIED; 0,30000004; 0,30000004; 0,7000003; 0,69215995; 0,36558056; 0,5718156; 0,6555871; PatrolWalk
HIGH; SELF; MARRIED; 0; 0; 1; 0,4859112; 0,92679924; 0,32427758; 0,9507617; Idle
HIGH; SELF; MARRIED; 0,30000004; 0,30000004; 0,7000003; 0,8614184; 0,80920786; 0,8137782; 0,7052073; PatrolWalk
HIGH; SELF; MARRIED; 0,016666679; 0,016666679; 0,98333335; 0,73718613; 0,103883326; 0,12811828; 0,12820631; Aggressive
HIGH; SELF; MARRIED; 0,016666679; 0,016666679; 0,98333335; 0,48072535; 0,4709198; 0,07594943; 0,32443428; Aggressive
HIGH; SELF; MARRIED; 0,8999998; 0,8999998; 0,10000028; 0,045536935; 0,57557523; 0,91521376; 0,61054546; Investigation
HIGH; SELF; MARRIED; 0,30000004; 0,30000004; 0,7000003; 0,72599906; 0,5631252; 0,113349974; 0,85095286; Aggressive
HIGH; SELF; MARRIED; 0; 0; 1; 0,5436346; 0,182289; 0,19071972; 0,26212162; Aggressive
HIGH; SELF; MARRIED; 0,049999997; 0,049999997; 0,95000005; 0,14465117; 0,41665167; 0,3170429; 0,10710257; Idle
HIGH; SELF; MARRIED; 0,30000004; 0,30000004; 0,7000003; 0,50016266; 0,83441824; 0,255881; 0,12128383; Aggressive
HIGH; SELF; MARRIED; 1,1175871E-08; 1,1175871E-08; 1; 0,19087875; 0,93510133; 0,4319461; 0,7504872; Idle
HIGH; SELF; MARRIED; 0,30000004; 0,30000004; 0,7000003; 0,26120377; 0,07915199; 0,22934663; 0,27131844; Aggressive
HIGH; SELF; MARRIED; 1,1175871E-08; 1,1175871E-08; 1; 0,8199838; 0,43631518; 0,4487114; 0,43734843; Idle
HIGH; SELF; MARRIED; 0; 0; 1; 0,7489752; 0,13749343; 0,7532179; 0,58628273; Idle
HIGH; SELF; MARRIED; 0; 0; 1; 0,23475415; 0,9363729; 0,7496691; 0,5410002; Idle
HIGH; SELF; MARRIED; 0,6000001; 0,6000001; 0,4000004; 0,8824487; 0,80273503; 0,15622526; 0,8906799; Investigation
HIGH; SELF; MARRIED; 1,1175871E-08; 1,1175871E-08; 1; 0,15159172; 0,119425714; 0,014982581; 0,45506936; Aggressive
HIGH; SELF; MARRIED; 0; 0; 1; 0,77582794; 0,9136258; 0,5641615; 0,5539135; Idle
HIGH; SELF; MARRIED; 0,35000005; 0,35000005; 0,65000033; 0,47804797; 0,015097678; 0,39173776; 0,49000376; PatrolWalk
HIGH; SELF; MARRIED; 1,1175871E-08; 1,1175871E-08; 1; 0,3138901; 0,47536218; 0,7693594; 0,10453725; Idle
HIGH; SELF; MARRIED; 0,30000004; 0,30000004; 0,7000003; 0,51268923; 0,7537039; 0,56365573; 0,50437796; PatrolWalk
HIGH; SELF; MARRIED; 1,1175871E-08; 1,1175871E-08; 1; 0,15350944; 0,12844032; 0,767014; 0,60988283; Idle
HIGH; SELF; MARRIED; 0,30000004; 0,30000004; 0,7000003; 0,23905337; 0,681319; 0,5112072; 0,15458304; PatrolWalk
HIGH; SELF; MARRIED; 0,30000004; 0,30000004; 0,7000003; 0,2474677; 0,6059341; 0,08857489; 0,19006479; Aggressive
HIGH; SELF; MARRIED; 0,30000004; 0,30000004; 0,7000003; 0,52237576; 0,029987633; 0,6868534; 0,76949006; PatrolWalk
HIGH; SELF; MARRIED; 0,3; 0,3; 0,7000003; 0,3785591; 0,34918213; 0,6877057; 0,8205105; PatrolWalk
HIGH; SELF; MARRIED; 0; 0; 1; 0,8066392; 0,365511; 0,6407048; 0,2576179; Idle
HIGH; SELF; MARRIED; 0,30000004; 0,30000004; 0,7000003; 0,09279466; 0,19900477; 0,48965967; 0,8625098; Idle
HIGH; SELF; MARRIED; 0,049999997; 0,049999997; 0,95000005; 0,11250889; 0,2864343; 0,6211919; 0,33725166; Idle
HIGH; SELF; MARRIED; 1; 1; 0; 0,39881003; 0,8935524; 0,23834616; 0,93952936; Investigation
HIGH; SELF; MARRIED; 0,31666672; 0,31666672; 0,68333364; 0,5768582; 0,8911816; 0,003271699; 0,3731051; Interact
HIGH; SELF; MARRIED; 0; 0; 1; 0,9677223; 0,1069752; 0,7939359; 0,5486522; Idle
HIGH; SELF; MARRIED; 0,31666672; 0,31666672; 0,68333364; 0,41562045; 0,21817106; 0,23410332; 0,770381; Aggressive
HIGH; SELF; MARRIED; 0; 0; 1; 0,80754733; 0,024307132; 0,86042976; 0,42620903; Idle
HIGH; SELF; MARRIED; 0; 0; 1; 0,7122524; 0,97504926; 0,7643504; 0,88251925; Idle
HIGH; SELF; MARRIED; 0; 0; 1; 0,15711135; 0,21726406; 0,6869294; 0,46960044; Idle
HIGH; SELF; MARRIED; 0; 0; 1; 0,20657772; 0,9023388; 0,28243536; 0,29181033; Aggressive
HIGH; SELF; MARRIED; 0,31666672; 0,31666672; 0,68333364; 0,44641405; 0,53970546; 0,12511742; 0,9743209; Aggressive
HIGH; SELF; MARRIED; 0,61666673; 0,61666673; 0,3833337; 0,7058127; 0,35329288; 0,3428834; 0,061402023; Interact
HIGH; SELF; MARRIED; 0,36666673; 0,36666673; 0,6333337; 0,6753937; 0,7644593; 0,31126004; 0,6558025; Interact
HIGH; SELF; MARRIED; 0,033333346; 0,033333346; 0,9666667; 0,5349129; 0,96105564; 0,8890336; 0,7379594; Idle
HIGH; SELF; MARRIED; 0,28333336; 0,28333336; 0,71666694; 0,46556282; 0,30792397; 0,5162279; 0,92918235; Idle
HIGH; SELF; MARRIED; 0,033333346; 0,033333346; 0,9666667; 0,49756604; 0,06577098; 0,7666879; 0,6654855; Idle
HIGH; SELF; MARRIED; 0,28333336; 0,28333336; 0,71666694; 0,554693; 0,7605786; 0,5392515; 0,36136836; PatrolWalk
HIGH; SELF; MARRIED; 0,28333336; 0,28333336; 0,71666694; 0,6528212; 0,09947878; 0,73173094; 0,15559107; PatrolWalk
HIGH; SELF; MARRIED; 0,28333336; 0,28333336; 0,71666694; 0,12962902; 0,42144036; 0,6661461; 0,34733504; Idle
HIGH; SELF; MARRIED; 0; 0; 1; 0,012650609; 0,22751397; 0,94818795; 0,6588462; Idle
HIGH; SELF; MARRIED; 0,033333346; 0,033333346; 0,9666667; 0,55382204; 0,20331365; 0,3386733; 0,8473211; Idle
HIGH; SELF; MARRIED; 0,33333337; 0,33333337; 0,666667; 0,7695285; 0,771707; 0,81035006; 0,5657937; Interact
HIGH; SELF; MARRIED; 0,08333333; 0,08333333; 0,91666675; 0,33629453; 0,2899065; 0,5441044; 0,05758673; Idle
HIGH; SELF; MARRIED; 0,35000008; 0,35000008; 0,65000033; 0,7860786; 0,24684775; 0,9562225; 0,17670935; Interact
HIGH; SELF; MARRIED; 0,6000001; 0,6000001; 0,4000004; 0,060441315; 0,19652623; 0,11661285; 0,55754733; Aggressive
HIGH; SELF; MARRIED; 0,35000008; 0,35000008; 0,65000033; 0,5089346; 0,7055443; 0,6570298; 0,58421427; Interact
HIGH; SELF; MARRIED; 0; 0; 1; 0,4714039; 0,046148658; 0,13706338; 0,30496877; Aggressive
HIGH; SELF; MARRIED; 0; 0; 1; 0,28175193; 0,55650455; 0,75778633; 0,9346755; Idle
HIGH; SELF; MARRIED; 0,6000001; 0,6000001; 0,4000004; 0,3030151; 0,94039035; 0,1531918; 0,38010275; Aggressive
HIGH; SELF; MARRIED; 0,31666672; 0,31666672; 0,68333364; 0,0722692; 0,60335827; 0,7675286; 0,23995459; Idle
HIGH; SELF; MARRIED; 0,35000008; 0,35000008; 0,65000033; 0,419653; 0,648492; 0,55336124; 0,6906483; PatrolWalk
HIGH; SELF; MARRIED; 0,016666664; 0,016666664; 0,98333335; 0,016060352; 0,8492543; 0,84280705; 0,84548825; Idle
HIGH; SELF; MARRIED; 0,4000001; 0,4000001; 0,6000004; 0,6000603; 0,15578014; 0,6059443; 0,48366308; Interact
HIGH; SELF; MARRIED; 0,050000012; 0,050000012; 0,95000005; 0,42076653; 0,4061274; 0,0698477; 0,31705046; Aggressive
HIGH; SELF; MARRIED; 0,3; 0,3; 0,7000003; 0,6876688; 0,723676; 0,822205; 0,68225104; Idle
HIGH; SELF; MARRIED; 0,050000012; 0,050000012; 0,95000005; 0,7709275; 0,96113616; 0,6280594; 0,16346705; Idle
HIGH; SELF; MARRIED; 0; 0; 1; 0,19403052; 0,131203; 0,85513014; 0,030543149; Idle
HIGH; SELF; MARRIED; 0,30000004; 0,30000004; 0,7000003; 0,0009120703; 0,41228366; 0,97939485; 0,9674611; PatrolWalk
HIGH; SELF; MARRIED; 0,3; 0,3; 0,7000003; 0,34218746; 0,34867907; 0,15106559; 0,28514618; Aggressive
HIGH; SELF; MARRIED; 0,61666673; 0,61666673; 0,3833337; 0,1892361; 0,6293581; 0,07799184; 0,662061; Investigation
HIGH; SELF; MARRIED; 0,050000012; 0,050000012; 0,95000005; 0,1396771; 0,7197541; 0,555899; 0,8299358; Idle
HIGH; SELF; MARRIED; 0,3166667; 0,3166667; 0,68333364; 0,37688905; 0,61653507; 0,39572155; 0,30147392; PatrolWalk
HIGH; SELF; MARRIED; 0,099999994; 0,099999994; 0,9000001; 0,87997115; 0,07108927; 0,23405021; 0,19623697; Aggressive
HIGH; SELF; MARRIED; 0; 0; 1; 0,4255473; 0,25550908; 0,7970313; 0,48153943; Idle
HIGH; SELF; MARRIED; 0,6000001; 0,6000001; 0,4000004; 0,9503628; 0,68029; 0,6319821; 0,22826838; Interact
HIGH; SELF; MARRIED; 0,35000008; 0,35000008; 0,65000033; 0,70095706; 0,85321486; 0,59363514; 0,6668749; Interact
HIGH; SELF; MARRIED; 0,30000004; 0,30000004; 0,7000003; 0,4017995; 0,6734192; 0,17859602; 0,0015991926; Aggressive
HIGH; SELF; MARRIED; 1,1175871E-08; 1,1175871E-08; 1; 0,4064492; 0,27246803; 0,101128876; 0,80412346; Aggressive
HIGH; SELF; MARRIED; 0; 0; 1; 0,68809915; 0,4407432; 0,9875658; 0,6148777; Idle
HIGH; SELF; MARRIED; 0,3166667; 0,3166667; 0,68333364; 0,6075919; 0,4903692; 0,06451684; 0,94788796; Interact
HIGH; SELF; MARRIED; 0,35000008; 0,35000008; 0,65000033; 0,099582255; 0,3707443; 0,94157106; 0,5542025; Idle
HIGH; SELF; MARRIED; 0,016666664; 0,016666664; 0,98333335; 0,59836787; 0,14292914; 0,7244134; 0,7577802; Idle
HIGH; SELF; MARRIED; 0; 0; 1; 0,09073722; 0,2606293; 0,71414006; 0,14282793; Idle
HIGH; SELF; MARRIED; 0,30000004; 0,30000004; 0,7000003; 0,83347356; 0,65227634; 0,39599866; 0,65405357; PatrolWalk
HIGH; SELF; MARRIED; 0,3; 0,3; 0,7000003; 0,5027565; 0,71232295; 0,5568536; 0,9782556; PatrolWalk
HIGH; SELF; MARRIED; 0,050000012; 0,050000012; 0,95000005; 0,54709595; 0,5624682; 0,29794103; 0,34745854; Aggressive
HIGH; SELF; MARRIED; 1,1175871E-08; 1,1175871E-08; 1; 0,16108757; 0,322025; 0,99128765; 0,44764882; Idle
HIGH; SELF; MARRIED; 0; 0; 1; 0,77088636; 0,52528894; 0,6895761; 0,109862864; Idle
HIGH; SELF; MARRIED; 0,30000004; 0,30000004; 0,7000003; 0,9822936; 0,09633207; 0,1420744; 0,59910756; Aggressive
HIGH; SELF; MARRIED; 0,016666664; 0,016666664; 0,98333335; 0,24797016; 0,48610288; 0,15656227; 0,6395893; Aggressive
HIGH; SELF; MARRIED; 0,65000004; 0,65000004; 0,35000035; 0,4346646; 0,09675127; 0,4074868; 0,4291519; PatrolWalk
HIGH; SELF; MARRIED; 0,3166667; 0,3166667; 0,68333364; 0,2189678; 0,70160776; 0,69938594; 0,24205405; Idle
HIGH; SELF; MARRIED; 0,30000004; 0,30000004; 0,7000003; 0,68636084; 0,6528167; 0,6946425; 0,78383666; PatrolWalk
HIGH; SELF; MARRIED; 1,1175871E-08; 1,1175871E-08; 1; 0,0030876994; 0,17335206; 0,98904514; 0,90564716; Idle
HIGH; SELF; MARRIED; 0; 0; 1; 0,43863416; 0,6310904; 0,407565; 0,40868372; Idle
HIGH; SELF; MARRIED; 0; 0; 1; 0,7392612; 0,27244216; 0,06377047; 0,27331638; Aggressive
HIGH; SELF; MARRIED; 0,30000004; 0,30000004; 0,7000003; 0,5169585; 0,44933128; 0,8963172; 0,0873124; PatrolWalk
HIGH; SELF; MARRIED; 0,30000004; 0,30000004; 0,7000003; 0,33689946; 0,85024387; 0,4069519; 0,49949962; Idle
HIGH; SELF; MARRIED; 1,1175871E-08; 1,1175871E-08; 1; 0,59111154; 0,52799207; 0,11582506; 0,9705972; Aggressive
HIGH; SELF; MARRIED; 0; 0; 1; 0,5966169; 0,6393684; 0,6241822; 0,94807976; Idle
HIGH; SELF; MARRIED; 0,35000005; 0,35000005; 0,65000033; 0,12883812; 0,43539155; 0,7653229; 0,6116733; PatrolWalk
HIGH; SELF; MARRIED; 0,61666673; 0,61666673; 0,3833337; 0,3817051; 0,050863028; 0,74516636; 0,97814333; Investigation
HIGH; SELF; MARRIED; 1,1175871E-08; 1,1175871E-08; 1; 0,31834632; 0,3978408; 0,109253526; 0,64731896; Aggressive
HIGH; SELF; MARRIED; 0,30000004; 0,30000004; 0,7000003; 0,5018166; 0,44954824; 0,056904316; 0,76972526; Aggressive
HIGH; SELF; MARRIED; 0,30000004; 0,30000004; 0,7000003; 0,75188255; 0,6670575; 0,9759313; 0,003393948; PatrolWalk
HIGH; SELF; MARRIED; 0; 0; 1; 0,51270795; 0,45257175; 0,68048733; 0,6542739; Idle
HIGH; SELF; MARRIED; 1,1175871E-08; 1,1175871E-08; 1; 0,9663663; 0,6788433; 0,38167298; 0,8978535; Idle
HIGH; SELF; MARRIED; 0,6000001; 0,6000001; 0,4000004; 0,883494; 0,9848043; 0,7139161; 0,64672; Investigation
HIGH; SELF; MARRIED; 0; 0; 1; 0,89615214; 0,17723918; 0,62457246; 0,631223; Idle
HIGH; SELF; MARRIED; 0,30000004; 0,30000004; 0,7000003; 0,72126573; 0,7455455; 0,6631149; 0,626828; PatrolWalk
HIGH; SELF; MARRIED; 0,049999997; 0,049999997; 0,95000005; 0,7653474; 0,7741552; 0,71685797; 0,89403254; Idle
HIGH; SELF; MARRIED; 0,3166667; 0,3166667; 0,68333364; 0,8486288; 0,76515085; 0,58887756; 0,21454656; Interact
HIGH; SELF; MARRIED; 0; 0; 1; 0,542183; 0,19175184; 0,19872338; 0,37868685; Aggressive
HIGH; SELF; MARRIED; 1,1175871E-08; 1,1175871E-08; 1; 0,7319342; 0,63661826; 0,25679356; 0,4514895; Aggressive
HIGH; SELF; MARRIED; 1,1175871E-08; 1,1175871E-08; 1; 0,9814733; 0,7310261; 0,5291085; 0,11675769; Idle
HIGH; SELF; MARRIED; 0,30000004; 0,30000004; 0,7000003; 0,55165; 0,9099157; 0,039604545; 0,8826766; Aggressive
HIGH; SELF; MARRIED; 0,30000004; 0,30000004; 0,7000003; 0,14864886; 0,8016007; 0,6213871; 0,44793582; PatrolWalk
HIGH; SELF; MARRIED; 0,3; 0,3; 0,7000003; 0,87393546; 0,64558107; 0,69083595; 0,85859865; PatrolWalk
HIGH; SELF; MARRIED; 0,30000004; 0,30000004; 0,7000003; 0,16683775; 0,41050017; 0,8725841; 0,009861171; PatrolWalk
HIGH; SELF; MARRIED; 1,1175871E-08; 1,1175871E-08; 1; 0,434623; 0,74847513; 0,33446443; 0,33712995; Idle
HIGH; SELF; MARRIED; 0,35000005; 0,35000005; 0,65000033; 0,079710305; 0,97381544; 0,16209936; 0,4832396; Aggressive
HIGH; SELF; MARRIED; 0,016666664; 0,016666664; 0,98333335; 0,671333; 0,25455785; 0,037113845; 0,05789721; Aggressive
HIGH; SELF; MARRIED; 0; 0; 1; 0,7265171; 0,76822555; 0,20092243; 0,83753383; Aggressive
HIGH; SELF; MARRIED; 0; 0; 1; 0,15016085; 0,73174655; 0,47510582; 0,19861263; Idle
HIGH; SELF; MARRIED; 0,30000004; 0,30000004; 0,7000003; 0,09385389; 0,9223564; 0,30763578; 0,5465834; PatrolWalk
HIGH; SELF; MARRIED; 1,1175871E-08; 1,1175871E-08; 1; 0,5875968; 0,78782153; 0,44478303; 0,2909391; Idle
HIGH; SELF; MARRIED; 1,1175871E-08; 1,1175871E-08; 1; 0,028941095; 0,4759519; 0,22909355; 0,33828014; Aggressive
HIGH; SELF; MARRIED; 0; 0; 1; 0,93323165; 0,32683772; 0,78208274; 0,16056794; Idle
HIGH; SELF; MARRIED; 1,1175871E-08; 1,1175871E-08; 1; 0,29687107; 0,90242183; 0,07060397; 0,18867385; Aggressive
HIGH; SELF; MARRIED; 0,30000004; 0,30000004; 0,7000003; 0,4825412; 0,24385613; 0,8399485; 0,70904726; Idle
HIGH; SELF; MARRIED; 0,049999997; 0,049999997; 0,95000005; 0,96425325; 0,043820918; 0,02427131; 0,023294449; Aggressive
HIGH; SELF; MARRIED; 0; 0; 1; 0,07316393; 0,8376811; 0,08735657; 0,23813564; Aggressive
HIGH; SELF; MARRIED; 0; 0; 1; 0,5511888; 0,5304387; 0,02537942; 0,4992798; Aggressive
HIGH; SELF; MARRIED; 0; 0; 1; 0,6480825; 0,0011656284; 0,13631254; 0,5943697; Aggressive
HIGH; SELF; MARRIED; 0,30000004; 0,30000004; 0,7000003; 0,036064863; 0,9054431; 0,2775877; 0,33740675; Aggressive
HIGH; SELF; MARRIED; 1,1175871E-08; 1,1175871E-08; 1; 0,918398; 0,26556367; 0,55836654; 0,0286721; Idle
HIGH; SELF; MARRIED; 0,30000004; 0,30000004; 0,7000003; 0,26813853; 0,1842376; 0,5493251; 0,8793173; PatrolWalk
HIGH; SELF; MARRIED; 0; 0; 1; 0,26022464; 0,16684133; 0,44634497; 0,53049046; Idle
HIGH; SELF; MARRIED; 0,30000004; 0,30000004; 0,7000003; 0,40536547; 0,2168647; 0,5077126; 0,5381622; PatrolWalk
HIGH; SELF; MARRIED; 0; 0; 1; 0,29496133; 0,551682; 0,0453012; 0,44377983; Aggressive
HIGH; SELF; MARRIED; 0,6000001; 0,6000001; 0,4000004; 0,5756044; 0,6583081; 0,77746755; 0,44638658; Interact
HIGH; SELF; MARRIED; 0; 0; 1; 0,43973446; 0,05216378; 0,6935009; 0,21257883; Idle
HIGH; SELF; MARRIED; 0; 0; 1; 0,8493065; 0,97464365; 0,9419235; 0,92613184; Idle
HIGH; SELF; MARRIED; 0; 0; 1; 0,753938; 0,59748524; 0,8688683; 0,24898404; Idle
HIGH; SELF; MARRIED; 1,1175871E-08; 1,1175871E-08; 1; 0,32981855; 0,9892091; 0,18086213; 0,30645162; Aggressive
HIGH; SELF; MARRIED; 0,30000004; 0,30000004; 0,7000003; 0,7622675; 0,8320492; 0,1979658; 0,8974093; Aggressive
HIGH; SELF; MARRIED; 1,1175871E-08; 1,1175871E-08; 1; 0,662151; 0,13845265; 0,15281779; 0,23519248; Aggressive
HIGH; SELF; MARRIED; 0,30000004; 0,30000004; 0,7000003; 0,582437; 0,0323537; 0,1522175; 0,7310829; Aggressive
HIGH; SELF; MARRIED; 1,1175871E-08; 1,1175871E-08; 1; 0,77720165; 0,08935404; 0,1586442; 0,5650346; Aggressive
HIGH; SELF; MARRIED; 0; 0; 1; 0,55011195; 0,75650185; 0,673519; 0,15632427; Idle
HIGH; SELF; MARRIED; 0,3; 0,3; 0,7000003; 0,31695342; 0,03597957; 0,97201574; 0,7622878; Idle
HIGH; SELF; MARRIED; 0,30000004; 0,30000004; 0,7000003; 0,38089138; 0,9638315; 0,4783827; 0,68432677; Idle
HIGH; SELF; MARRIED; 0,30000004; 0,30000004; 0,7000003; 0,72159433; 0,2338075; 0,6082796; 0,19406575; PatrolWalk
HIGH; SELF; MARRIED; 0,30000004; 0,30000004; 0,7000003; 0,3392303; 0,7668542; 0,7338476; 0,53680074; PatrolWalk
HIGH; SELF; MARRIED; 0; 0; 1; 0,75713134; 0,12964791; 0,08764553; 0,47916597; Aggressive
HIGH; SELF; MARRIED; 0; 0; 1; 0,74123913; 0,16278821; 0,72381324; 0,53705233; Idle
HIGH; SELF; MARRIED; 0; 0; 1; 0,31805205; 0,86616176; 0,6078581; 0,6082096; Idle
HIGH; SELF; MARRIED; 0; 0; 1; 0,23501027; 0,15937394; 0,21685737; 0,6742728; Aggressive
HIGH; SELF; MARRIED; 0; 0; 1; 0,67527825; 0,42537075; 0,20402038; 0,085538864; Aggressive
HIGH; SELF; MARRIED; 0,31666672; 0,31666672; 0,68333364; 0,336208; 0,76473695; 0,83255893; 0,25990063; PatrolWalk
HIGH; SELF; MARRIED; 0,61666673; 0,61666673; 0,3833337; 0,58168864; 0,44188654; 0,92280036; 0,7507028; Investigation
HIGH; SELF; MARRIED; 0,61666673; 0,61666673; 0,3833337; 0,6833506; 0,29994804; 0,028633714; 0,05372131; Interact
HIGH; SELF; MARRIED; 0; 0; 1; 0,15151721; 0,85705066; 0,99541473; 0,6038944; Idle
HIGH; SELF; MARRIED; 0; 0; 1; 0,32806736; 0,6663354; 0,60074073; 0,1795671; Idle
HIGH; SELF; MARRIED; 0; 0; 1; 0,08582282; 0,8586316; 0,3977028; 0,7035418; Idle
HIGH; SELF; MARRIED; 0,30000004; 0,30000004; 0,7000003; 0,9195164; 0,54456246; 0,16731054; 0,9281718; Aggressive
HIGH; SELF; MARRIED; 0,30000004; 0,30000004; 0,7000003; 0,025967777; 0,40322638; 0,50380856; 0,5184288; PatrolWalk
HIGH; SELF; MARRIED; 0; 0; 1; 0,40245444; 0,9463231; 0,4178213; 0,13275832; Idle
HIGH; SELF; MARRIED; 0; 0; 1; 0,025723696; 0,9145078; 0,77570075; 0,9767359; Idle
HIGH; SELF; MARRIED; 0,016666679; 0,016666679; 0,98333335; 0,7885362; 0,45200443; 0,96597606; 0,21458298; Idle
HIGH; SELF; MARRIED; 0,3166667; 0,3166667; 0,68333364; 0,40324867; 0,6826636; 0,15414947; 0,20309198; Aggressive
HIGH; SELF; MARRIED; 0,3166667; 0,3166667; 0,68333364; 0,3045382; 0,49274307; 0,50049114; 0,37960452; Idle
HIGH; SELF; MARRIED; 0,30000004; 0,30000004; 0,7000003; 0,1893183; 0,6279339; 0,73551714; 0,39937347; Idle
HIGH; SELF; MARRIED; 0,30000004; 0,30000004; 0,7000003; 0,43383038; 0,7346581; 0,83808106; 0,6927362; Idle
HIGH; SELF; MARRIED; 0,30000004; 0,30000004; 0,7000003; 0,76740324; 0,6412592; 0,62229717; 0,295173; Idle
HIGH; SELF; MARRIED; 1,1175871E-08; 1,1175871E-08; 1; 0,9816708; 0,067750216; 0,5874087; 0,50962627; Idle
HIGH; SELF; MARRIED; 1,1175871E-08; 1,1175871E-08; 1; 0,21664798; 0,9736026; 0,653021; 0,96240103; Idle
HIGH; SELF; MARRIED; 0,30000004; 0,30000004; 0,7000003; 0,9017355; 0,091302276; 0,37681174; 0,6904964; PatrolWalk
HIGH; SELF; MARRIED; 0,30000004; 0,30000004; 0,7000003; 0,20108789; 0,9275139; 0,2389965; 0,54529697; Aggressive
HIGH; SELF; MARRIED; 0,31666672; 0,31666672; 0,68333364; 0,5486592; 0,49858242; 0,7691457; 0,8579247; Interact
HIGH; SELF; MARRIED; 0,016666664; 0,016666664; 0,98333335; 0,16712642; 0,42633116; 0,76364946; 0,642146; Idle
HIGH; SELF; MARRIED; 0,61666673; 0,61666673; 0,3833337; 0,22315556; 0,68261546; 0,66465795; 0,46793747; Idle
HIGH; SELF; MARRIED; 0,6000001; 0,6000001; 0,4000004; 0,119289875; 0,7700205; 0,7246191; 0,5795733; PatrolWalk
HIGH; SELF; MARRIED; 0,6000001; 0,6000001; 0,4000004; 0,011408031; 0,47303575; 0,53330237; 0,27984023; PatrolWalk
HIGH; SELF; MARRIED; 0,6000001; 0,6000001; 0,4000004; 0,81531656; 0,14393479; 0,70672935; 0,67345387; Investigation
HIGH; SELF; MARRIED; 0,30000004; 0,30000004; 0,7000003; 0,3895955; 0,36693585; 0,041026533; 0,90846497; Aggressive
HIGH; SELF; MARRIED; 0,30000004; 0,30000004; 0,7000003; 0,16164029; 0,25519174; 0,79123974; 0,93604064; PatrolWalk
HIGH; SELF; MARRIED; 1,1175871E-08; 1,1175871E-08; 1; 0,15289819; 0,025809884; 0,31439215; 0,14182562; Idle
HIGH; SELF; MARRIED; 1,1175871E-08; 1,1175871E-08; 1; 0,75014234; 0,8763553; 0,43319476; 0,62407905; Idle
HIGH; SELF; MARRIED; 0,016666679; 0,016666679; 0,98333335; 0,7100415; 0,6485097; 0,31974053; 0,18889546; Idle
HIGH; SELF; MARRIED; 0,3166667; 0,3166667; 0,68333364; 0,06463158; 0,24657434; 0,34599727; 0,24927878; PatrolWalk
HIGH; SELF; MARRIED; 0,91666645; 0,91666645; 0,08333361; 0,48713952; 0,39808714; 0,7008324; 0,28394353; PatrolWalk
HIGH; SELF; MARRIED; 0,3; 0,3; 0,7000003; 0,6549258; 0,957029; 0,82077295; 0,8883769; PatrolWalk
HIGH; SELF; MARRIED; 0,3; 0,3; 0,7000003; 0,30097365; 0,19814342; 0,59924585; 0,7985234; Idle
HIGH; SELF; MARRIED; 0,3; 0,3; 0,7000003; 0,30632353; 0,82660097; 0,35573363; 0,55936843; Idle
HIGH; SELF; MARRIED; 1,1175871E-08; 1,1175871E-08; 1; 0,061184943; 0,46179664; 0,28423524; 0,34114105; Aggressive
HIGH; SELF; MARRIED; 1,1175871E-08; 1,1175871E-08; 1; 0,11101365; 0,45488435; 0,5756053; 0,79233104; Idle
HIGH; SELF; MARRIED; 0,30000004; 0,30000004; 0,7000003; 0,30919492; 0,2310412; 0,5442996; 0,40751117; Idle
HIGH; SELF; MARRIED; 0,30000004; 0,30000004; 0,7000003; 0,640293; 0,64320076; 0,8076484; 0,37071013; Idle
HIGH; SELF; MARRIED; 0,31666672; 0,31666672; 0,68333364; 0,5583242; 0,8775003; 0,5534392; 0,93840295; Interact
HIGH; SELF; MARRIED; 0,016666664; 0,016666664; 0,98333335; 0,32341957; 0,27955574; 0,3242883; 0,8684397; Idle
HIGH; SELF; MARRIED; 0,61666673; 0,61666673; 0,3833337; 0,44808394; 0,1562221; 0,9872008; 0,9928522; Investigation
HIGH; SELF; MARRIED; 0; 0; 1; 0,410814; 0,7594149; 0,06126356; 0,6382828; Aggressive
HIGH; SELF; MARRIED; 0,6000001; 0,6000001; 0,4000004; 0,80519205; 0,73747814; 0,4896406; 0,29138267; Interact
HIGH; SELF; MARRIED; 0,6000001; 0,6000001; 0,4000004; 0,76982796; 0,85369945; 0,3079679; 0,62546045; Investigation
HIGH; SELF; MARRIED; 0; 0; 1; 0,85373026; 0,92949474; 0,0018219948; 0,08571571; Aggressive
HIGH; SELF; MARRIED; 0,30000004; 0,30000004; 0,7000003; 0,7133429; 0,2151407; 0,6963237; 0,9972822; Idle
HIGH; SELF; MARRIED; 0,6000001; 0,6000001; 0,4000004; 0,013847351; 0,7289376; 0,8798801; 0,8074378; Investigation
HIGH; SELF; MARRIED; 0,6000001; 0,6000001; 0,4000004; 0,3135749; 0,21318781; 0,8055107; 0,905926; Investigation
HIGH; SELF; MARRIED; 0,016666679; 0,016666679; 0,98333335; 0,54580754; 0,8638281; 0,6940341; 0,6249226; Idle
HIGH; SELF; MARRIED; 0,3166667; 0,3166667; 0,68333364; 0,4135369; 0,90510184; 0,35507792; 0,40091026; Idle
HIGH; SELF; MARRIED; 0,3166667; 0,3166667; 0,68333364; 0,8106814; 0,47206032; 0,09998959; 0,8926924; Interact
HIGH; SELF; MARRIED; 0; 0; 1; 0,48484445; 0,5677329; 0,06224042; 0,047062635; Aggressive
HIGH; SELF; MARRIED; 0,3; 0,3; 0,7000003; 0,70470095; 0,5824356; 0,27065074; 0,20641935; Aggressive
HIGH; SELF; MARRIED; 0,3; 0,3; 0,7000003; 0,28431696; 0,2645883; 0,28330684; 0,9380398; Aggressive
HIGH; SELF; MARRIED; 0; 0; 1; 0,8618439; 0,019844532; 0,12642181; 0,09395844; Aggressive
HIGH; SELF; MARRIED; 0,6000001; 0,6000001; 0,4000004; 0,97985613; 0,7547154; 0,12807035; 0,24984986; Interact
HIGH; SELF; MARRIED; 0,3; 0,3; 0,7000003; 0,58303225; 0,77309614; 0,07319677; 0,9718375; Aggressive
HIGH; SELF; MARRIED; 0,3; 0,3; 0,7000003; 0,968697; 0,9708822; 0,1355198; 0,3810138; Aggressive
HIGH; SELF; MARRIED; 0,31666672; 0,31666672; 0,68333364; 0,8891786; 0,772709; 0,1678642; 0,18101269; Interact
HIGH; SELF; MARRIED; 0,61666673; 0,61666673; 0,3833337; 0,31912148; 0,985468; 0,25324702; 0,83369184; Investigation
HIGH; SELF; MARRIED; 0,016666664; 0,016666664; 0,98333335; 0,28456837; 0,2646575; 0,91057116; 0,28889263; Idle
HIGH; SELF; MARRIED; 0; 0; 1; 0,58494914; 0,9675417; 0,8219343; 0,82766193; Idle
HIGH; SELF; MARRIED; 0; 0; 1; 0,83014804; 0,36863595; 0,2884332; 0,76845247; Aggressive
HIGH; SELF; MARRIED; 0; 0; 1; 0,4771784; 0,62525195; 0,25386178; 0,5877265; Aggressive
HIGH; SELF; MARRIED; 0; 0; 1; 0,36047113; 0,06883836; 0,83196974; 0,50788784; Idle
HIGH; SELF; MARRIED; 0,3; 0,3; 0,7000003; 0,832035; 0,37903863; 0,07376927; 0,7402502; Aggressive
HIGH; SELF; MARRIED; 0; 0; 1; 0,66032654; 0,66925; 0,71546555; 0,36656517; Idle
HIGH; SELF; MARRIED; 0; 0; 1; 0,058905482; 0,2027005; 0,48450363; 0,8988884; Idle
HIGH; SELF; MARRIED; 0,016666679; 0,016666679; 0,98333335; 0,63616246; 0,75821626; 0,8088031; 0,9641741; Idle
HIGH; SELF; MARRIED; 0,3166667; 0,3166667; 0,68333364; 0,18276143; 0,40922916; 0,35074413; 0,9526111; Idle
HIGH; SELF; MARRIED; 0,3166667; 0,3166667; 0,68333364; 0,7914154; 0,9897239; 0,17424577; 0,18176615; Interact
HIGH; SELF; MARRIED; 0,30000004; 0,30000004; 0,7000003; 0,75573874; 0,052191615; 0,96906185; 0,940264; PatrolWalk
HIGH; SELF; MARRIED; 0; 0; 1; 0,66295964; 0,45366156; 0,78834045; 0,64825225; Idle
HIGH; SELF; MARRIED; 0; 0; 1; 0,7341494; 0,27451122; 0,97035384; 0,19805384; Idle
HIGH; SELF; MARRIED; 0; 0; 1; 0,38876963; 0,3644765; 0,68759435; 0,34592932; Idle
HIGH; SELF; MARRIED; 0,30000004; 0,30000004; 0,7000003; 0,7859344; 0,7486745; 0,9594266; 0,46472025; Idle
HIGH; SELF; MARRIED; 0; 0; 1; 0,14962816; 0,8396181; 0,35549545; 0,96002936; Idle
HIGH; SELF; MARRIED; 0,30000004; 0,30000004; 0,7000003; 0,44272858; 0,83524; 0,76912; 0,6454514; PatrolWalk
HIGH; SELF; MARRIED; 0,30000004; 0,30000004; 0,7000003; 0,64090526; 0,60375375; 0,83405775; 0,62733597; PatrolWalk
HIGH; SELF; MARRIED; 0,31666672; 0,31666672; 0,68333364; 0,41355127; 0,77726126; 0,13911462; 0,30992967; Aggressive
HIGH; SELF; MARRIED; 0,61666673; 0,61666673; 0,3833337; 0,5612826; 0,63090545; 0,04751879; 0,829174; Investigation
HIGH; SELF; MARRIED; 0,016666664; 0,016666664; 0,98333335; 0,48475462; 0,013873935; 0,9356635; 0,3599882; Idle
HIGH; SELF; MARRIED; 1,1175871E-08; 1,1175871E-08; 1; 0,48718798; 0,023177624; 0,8471473; 0,8292674; Idle
HIGH; SELF; MARRIED; 0,30000004; 0,30000004; 0,7000003; 0,8014654; 0,42149854; 0,66266215; 0,29045445; PatrolWalk
HIGH; SELF; MARRIED; 0,30000004; 0,30000004; 0,7000003; 0,039444566; 0,14854378; 0,35198605; 0,627953; Idle
HIGH; SELF; MARRIED; 0,6000001; 0,6000001; 0,4000004; 0,32084352; 0,045408964; 0,39325565; 0,90401846; Investigation
HIGH; SELF; MARRIED; 0,30000004; 0,30000004; 0,7000003; 0,015430808; 0,097810924; 0,77485454; 0,75883645; PatrolWalk
HIGH; SELF; MARRIED; 1,1175871E-08; 1,1175871E-08; 1; 0,16612643; 0,43311822; 0,10620582; 0,07504892; Aggressive
HIGH; SELF; MARRIED; 1,1175871E-08; 1,1175871E-08; 1; 0,5897515; 0,5989128; 0,59359324; 0,77772206; Idle
HIGH; SELF; MARRIED; 0,016666679; 0,016666679; 0,98333335; 0,37446427; 0,8324323; 0,9584012; 0,7122136; Idle
HIGH; SELF; MARRIED; 0,3166667; 0,3166667; 0,68333364; 0,60191935; 0,9756213; 0,88043576; 0,26746207; Interact
HIGH; SELF; MARRIED; 0,3166667; 0,3166667; 0,68333364; 0,3404882; 0,08599913; 0,13579929; 0,31409216; Aggressive
HIGH; SELF; MARRIED; 0,30000004; 0,30000004; 0,7000003; 0,21776003; 0,6034436; 0,83885294; 0,4232723; Idle
HIGH; SELF; MARRIED; 1,1175871E-08; 1,1175871E-08; 1; 0,8191176; 0,83944786; 0,05959016; 0,9745792; Aggressive
HIGH; SELF; MARRIED; 0,61666673; 0,61666673; 0,3833337; 0,38473254; 0,41166574; 0,030339837; 0,98080456; Investigation
HIGH; SELF; MARRIED; 0,28333333; 0,28333333; 0,71666694; 0,47807765; 0,5686959; 0,4069547; 0,121430635; Idle
HIGH; SELF; MARRIED; 0; 0; 1; 0,9929661; 0,37491715; 0,402591; 0,99057907; Idle
HIGH; SELF; MARRIED; 0; 0; 1; 0,6582182; 0,83701277; 0,19321507; 0,25152153; Aggressive
HIGH; SELF; MARRIED; 0,31666672; 0,31666672; 0,68333364; 0,9241512; 0,90151787; 0,51467615; 0,5891897; Interact
HIGH; SELF; MARRIED; 0,3333334; 0,3333334; 0,666667; 0,019021928; 0,64295375; 0,73064137; 0,013397098; PatrolWalk
HIGH; SELF; MARRIED; 0; 0; 1; 0,29934895; 0,50033087; 0,21046877; 0,860148; Aggressive
HIGH; SELF; MARRIED; 0; 0; 1; 0,27851588; 0,35295868; 0,6890834; 0,9286209; Idle
HIGH; SELF; MARRIED; 0,61666673; 0,61666673; 0,3833337; 0,5024647; 0,9182172; 0,36767626; 0,18179911; Interact
HIGH; SELF; MARRIED; 0; 0; 1; 0,6399966; 0,52071047; 0,10351086; 0,92637306; Aggressive
HIGH; SELF; MARRIED; 0,3166667; 0,3166667; 0,68333364; 0,40624523; 0,4663089; 0,95483786; 0,22103947; PatrolWalk
HIGH; SELF; MARRIED; 0,58333343; 0,58333343; 0,41666707; 0,22596174; 0,3842327; 0,445561; 0,8209951; Investigation
HIGH; SELF; MARRIED; 0,30000004; 0,30000004; 0,7000003; 0,27958316; 0,6934911; 0,20164436; 0,88432884; Aggressive
HIGH; SELF; MARRIED; 0; 0; 1; 0,54675853; 0,87840295; 0,15468395; 0,29219115; Aggressive
HIGH; SELF; MARRIED; 0,016666679; 0,016666679; 0,98333335; 0,65751654; 0,92571867; 0,8744064; 0,2991544; Idle
HIGH; SELF; MARRIED; 0,033333346; 0,033333346; 0,9666667; 0,48458946; 0,7711569; 0,7315856; 0,80145186; Idle
HIGH; SELF; MARRIED; 0; 0; 1; 0,15375847; 0,92748; 0,1297316; 0,5691803; Aggressive
HIGH; SELF; MARRIED; 0,30000004; 0,30000004; 0,7000003; 0,3646726; 0,094104946; 0,29832304; 0,30555618; Aggressive
HIGH; SELF; MARRIED; 0,3166667; 0,3166667; 0,68333364; 0,488567; 0,46031725; 0,4789331; 0,36809206; PatrolWalk
HIGH; SELF; MARRIED; 0; 0; 1; 0,9553731; 0,2453391; 0,34942555; 0,56747365; Idle
HIGH; SELF; MARRIED; 0,016666664; 0,016666664; 0,98333335; 0,13562328; 0,07894719; 0,52318496; 0,055074155; Idle
HIGH; SELF; MARRIED; 0,28333333; 0,28333333; 0,71666694; 0,13412565; 0,46592218; 0,116832435; 0,7918008; Aggressive
HIGH; SELF; MARRIED; 1,1175871E-08; 1,1175871E-08; 1; 0,052428186; 0,82424515; 0,7837261; 0,86632353; Idle
HIGH; SELF; MARRIED; 0; 0; 1; 0,03165239; 0,19492143; 0,24285096; 0,8322291; Aggressive
HIGH; SELF; MARRIED; 0,31666672; 0,31666672; 0,68333364; 0,437778; 0,54253435; 0,8280438; 0,006706238; Idle
HIGH; SELF; MARRIED; 0,3333334; 0,3333334; 0,666667; 0,50484395; 0,2718559; 0,75107574; 0,74748397; Interact
HIGH; SELF; MARRIED; 0; 0; 1; 0,35680842; 0,6483887; 0,7856025; 0,92149; Idle
HIGH; SELF; MARRIED; 1,1175871E-08; 1,1175871E-08; 1; 0,1894263; 0,7996769; 0,65448; 0,009177506; Idle
HIGH; SELF; MARRIED; 0,016666664; 0,016666664; 0,98333335; 0,13621664; 0,05652237; 0,65795624; 0,4525388; Idle
HIGH; SELF; MARRIED; 0,30000004; 0,30000004; 0,7000003; 0,9499326; 0,03775364; 0,0077877045; 0,4276858; Aggressive
HIGH; SELF; MARRIED; 0,3166667; 0,3166667; 0,68333364; 0,27917957; 0,3900028; 0,8898183; 0,3168993; PatrolWalk
HIGH; SELF; MARRIED; 0; 0; 1; 0,10668653; 0,39708382; 0,29054314; 0,007869244; Aggressive
HIGH; SELF; MARRIED; 0,30000004; 0,30000004; 0,7000003; 0,2884891; 0,57367533; 0,05319059; 0,44259793; Aggressive
HIGH; SELF; MARRIED; 0; 0; 1; 0,13380092; 0,52933687; 0,1211437; 0,24820429; Aggressive
HIGH; SELF; MARRIED; 0,61666673; 0,61666673; 0,3833337; 0,046295404; 0,37758076; 0,9558715; 0,48528516; Idle
HIGH; SELF; MARRIED; 0,033333346; 0,033333346; 0,9666667; 0,74070036; 0,20432627; 0,94269913; 0,15993953; Idle
HIGH; SELF; MARRIED; 0,30000004; 0,30000004; 0,7000003; 0,86651456; 0,45613945; 0,40692633; 0,36008418; Idle
HIGH; SELF; MARRIED; 0,30000004; 0,30000004; 0,7000003; 0,8481637; 0,9515164; 0,0013250709; 0,9652976; Aggressive
HIGH; SELF; MARRIED; 0,3166667; 0,3166667; 0,68333364; 0,9289501; 0,30335754; 0,6692684; 0,740095; Interact
HIGH; SELF; MARRIED; 1,1175871E-08; 1,1175871E-08; 1; 0,35699815; 0,031059623; 0,35470182; 0,16145468; Idle
HIGH; SELF; MARRIED; 0,016666664; 0,016666664; 0,98333335; 0,91694194; 0,7786037; 0,94385904; 0,046088934; Idle
HIGH; SELF; MARRIED; 0; 0; 1; 0,8298579; 0,9516401; 0,42677516; 0,8147271; Idle
HIGH; SELF; MARRIED; 1,1175871E-08; 1,1175871E-08; 1; 0,20224732; 0,034766138; 0,27959454; 0,6971659; Aggressive
HIGH; SELF; MARRIED; 0; 0; 1; 0,8019262; 0,9455207; 0,47289282; 0,64021784; Idle
HIGH; SELF; MARRIED; 0,91666645; 0,91666645; 0,08333361; 0,8717331; 0,69165504; 0,008330405; 0,52610993; Interact
HIGH; SELF; MARRIED; 0,3333334; 0,3333334; 0,666667; 0,25417942; 0,6049507; 0,10863191; 0,3696574; Aggressive
HIGH; SELF; MARRIED; 0,6000001; 0,6000001; 0,4000004; 0,11360842; 0,9192461; 0,18276197; 0,6585932; Investigation
HIGH; SELF; MARRIED; 1,1175871E-08; 1,1175871E-08; 1; 0,3422916; 0,21544671; 0,38800776; 0,7355885; Idle
HIGH; SELF; MARRIED; 0,016666664; 0,016666664; 0,98333335; 0,5802126; 0,9689439; 0,9371344; 0,47566396; Idle
HIGH; SELF; MARRIED; 0,30000004; 0,30000004; 0,7000003; 0,004216671; 0,6759401; 0,2944641; 0,8399712; Aggressive
HIGH; SELF; MARRIED; 0,3166667; 0,3166667; 0,68333364; 0,6762547; 0,34730798; 0,13606912; 0,4398237; Interact
HIGH; SELF; MARRIED; 0,30000004; 0,30000004; 0,7000003; 0,4612592; 0,49670458; 0,7804959; 0,08368564; Idle
HIGH; SELF; MARRIED; 0; 0; 1; 0,87022036; 0,5509809; 0,9726957; 0,9016799; Idle
HIGH; SELF; MARRIED; 0,30000004; 0,30000004; 0,7000003; 0,60373926; 0,1275832; 0,18137473; 0,10272813; Aggressive
HIGH; SELF; MARRIED; 0,61666673; 0,61666673; 0,3833337; 0,34619617; 0,057734907; 0,12721783; 0,14249116; Aggressive
HIGH; SELF; MARRIED; 0,033333346; 0,033333346; 0,9666667; 0,21008915; 0,04814601; 0,79626673; 0,59638727; Idle
HIGH; SELF; MARRIED; 0,3; 0,3; 0,7000003; 0,46006203; 0,20339167; 0,40247905; 0,23972726; Idle
HIGH; SELF; MARRIED; 0,30000004; 0,30000004; 0,7000003; 0,21605629; 0,8791655; 0,35236847; 0,34034693; Idle
HIGH; SELF; MARRIED; 0,3166667; 0,3166667; 0,68333364; 0,5396648; 0,9423736; 0,30697453; 0,5023162; Interact
HIGH; SELF; MARRIED; 1,1175871E-08; 1,1175871E-08; 1; 0,7509621; 0,13180292; 0,36273187; 0,118943274; Idle
HIGH; SELF; MARRIED; 0,016666664; 0,016666664; 0,98333335; 0,46699566; 0,9262313; 0,52242076; 0,8010451; Idle
HIGH; SELF; MARRIED; 0,6000001; 0,6000001; 0,4000004; 0,14511216; 0,5445751; 0,2444005; 0,7236143; Investigation
HIGH; SELF; MARRIED; 0,30000004; 0,30000004; 0,7000003; 0,3005833; 0,8791852; 0,7965934; 0,7055047; Idle
HIGH; SELF; MARRIED; 1,1175871E-08; 1,1175871E-08; 1; 0,7756997; 0,3966536; 0,5568609; 0,58991873; Idle
HIGH; SELF; MARRIED; 0,3166667; 0,3166667; 0,68333364; 0,11713028; 0,4279741; 0,93769395; 0,539798; PatrolWalk
HIGH; SELF; MARRIED; 0,3333334; 0,3333334; 0,666667; 0,5006704; 0,9476332; 0,61494535; 0,43760753; Interact
HIGH; SELF; MARRIED; 0,6000001; 0,6000001; 0,4000004; 0,32558763; 0,5821456; 0,26588786; 0,39646167; Aggressive
HIGH; SELF; MARRIED; 0,6000001; 0,6000001; 0,4000004; 0,025879383; 0,8029086; 0,88769984; 0,48663837; PatrolWalk
HIGH; SELF; MARRIED; 0,016666664; 0,016666664; 0,98333335; 0,2984454; 0,45418018; 0,13986504; 0,88301194; Aggressive
HIGH; SELF; MARRIED; 0,30000004; 0,30000004; 0,7000003; 0,80989856; 0,41694498; 0,7441288; 0,451954; PatrolWalk
HIGH; SELF; MARRIED; 0,3166667; 0,3166667; 0,68333364; 0,5578584; 0,24970347; 0,081985414; 0,45423508; Interact
HIGH; SELF; MARRIED; 0,3; 0,3; 0,7000003; 0,46098715; 0,762228; 0,085252225; 0,9680106; Aggressive
HIGH; SELF; MARRIED; 0,6000001; 0,6000001; 0,4000004; 0,35107452; 0,6556755; 0,14934522; 0,35074717; Aggressive
HIGH; SELF; MARRIED; 0,30000004; 0,30000004; 0,7000003; 0,59673756; 0,9910468; 0,8546136; 0,7457039; PatrolWalk
HIGH; SELF; MARRIED; 0,016666664; 0,016666664; 0,98333335; 0,7614347; 0,68314207; 0,5384613; 0,73374474; Idle
HIGH; SELF; MARRIED; 0,033333346; 0,033333346; 0,9666667; 0,8430862; 0,89252824; 0,6887319; 0,3361746; Idle
HIGH; SELF; MARRIED; 0,3; 0,3; 0,7000003; 0,5215865; 0,6666723; 0,38486356; 0,76018953; PatrolWalk
HIGH; SELF; MARRIED; 0,3; 0,3; 0,7000003; 0,92320645; 0,19282305; 0,6549407; 0,836333; Idle
HIGH; SELF; MARRIED; 0; 0; 1; 0,73513293; 0,76632684; 0,14251786; 0,66307557; Aggressive
HIGH; SELF; MARRIED; 1,1175871E-08; 1,1175871E-08; 1; 0,65171295; 0,27135503; 0,06917471; 0,60645634; Aggressive
HIGH; SELF; MARRIED; 1; 1; 0; 0,841658; 0,22707433; 0,56062955; 0,14603657; Interact
HIGH; SELF; MARRIED; 0,016666664; 0,016666664; 0,98333335; 0,4497856; 0,8888391; 0,43983483; 0,44420898; Idle
HIGH; SELF; MARRIED; 0; 0; 1; 0,2609046; 0,5288062; 0,3445335; 0,4225914; Idle
HIGH; SELF; MARRIED; 0,3; 0,3; 0,7000003; 0,38537043; 0,2778483; 0,12130523; 0,9862203; Aggressive
HIGH; SELF; MARRIED; 1,1175871E-08; 1,1175871E-08; 1; 0,5596799; 0,13538438; 0,4397151; 0,5914238; Idle
HIGH; SELF; MARRIED; 0,3166667; 0,3166667; 0,68333364; 0,5661115; 0,16900623; 0,6500674; 0,50698483; Interact
HIGH; SELF; MARRIED; 0,3333334; 0,3333334; 0,666667; 0,5326617; 0,82107455; 0,005081594; 0,93936825; Interact
HIGH; SELF; MARRIED; 0; 0; 1; 0,032304943; 0,13694829; 0,6459543; 0,057147026; Idle
HIGH; SELF; MARRIED; 0,6000001; 0,6000001; 0,4000004; 0,82917196; 0,027115643; 0,35767674; 0,5076214; Interact
HIGH; SELF; MARRIED; 0; 0; 1; 0,6601903; 0,06289476; 0,23390585; 0,81013757; Aggressive
HIGH; SELF; MARRIED; 0; 0; 1; 0,34196824; 0,98224044; 0,29389566; 0,88297194; Aggressive
HIGH; SELF; MARRIED; 0,3166667; 0,3166667; 0,68333364; 0,50012594; 0,5204572; 0,05187577; 0,46395713; Interact
HIGH; SELF; MARRIED; 0,30000004; 0,30000004; 0,7000003; 0,2208705; 0,93489176; 0,86006063; 0,5994585; Idle
HIGH; SELF; MARRIED; 0; 0; 1; 0,21700656; 0,15809858; 0,564714; 0,2930919; Idle
HIGH; SELF; MARRIED; 0,30000004; 0,30000004; 0,7000003; 0,74854326; 0,78418607; 0,7507058; 0,09392625; Idle
HIGH; SELF; MARRIED; 0,016666664; 0,016666664; 0,98333335; 0,02245611; 0,15342599; 0,67989945; 0,38009614; Idle
HIGH; SELF; MARRIED; 0,033333346; 0,033333346; 0,9666667; 0,7064037; 0,39803618; 0,49363947; 0,2937349; Idle
HIGH; SELF; MARRIED; 0,30000004; 0,30000004; 0,7000003; 0,18096375; 0,11677837; 0,7232076; 0,27057135; PatrolWalk
HIGH; SELF; MARRIED; 0,3; 0,3; 0,7000003; 0,6769685; 0,6429514; 0,124061525; 0,50263345; Aggressive
HIGH; SELF; MARRIED; 0; 0; 1; 0,07442266; 0,7301596; 0,42835492; 0,68582314; Idle
HIGH; SELF; MARRIED; 0; 0; 1; 0,18184066; 0,26882452; 0,9282286; 0,01953429; Idle
HIGH; SELF; MARRIED; 0; 0; 1; 0,24888307; 0,79707843; 0,43528384; 0,9503127; Idle
HIGH; SELF; MARRIED; 0,61666673; 0,61666673; 0,3833337; 0,20339102; 0,61988616; 0,05648738; 0,9565704; Investigation
HIGH; SELF; MARRIED; 0,31666672; 0,31666672; 0,68333364; 0,757029; 0,0871014; 0,8392013; 0,80059713; Interact
HIGH; SELF; MARRIED; 0,61666673; 0,61666673; 0,3833337; 0,61084163; 0,7353261; 0,8068882; 0,6482606; Investigation
HIGH; SELF; MARRIED; 0,33333337; 0,33333337; 0,666667; 0,5257144; 0,616499; 0,23737347; 0,8644437; Interact
HIGH; SELF; MARRIED; 0,35000008; 0,35000008; 0,65000033; 0,14902192; 0,8736188; 0,13943738; 0,25409162; Aggressive
HIGH; SELF; MARRIED; 0; 0; 1; 0,8853647; 0,43615305; 0,6943995; 0,4777605; Idle
HIGH; SELF; MARRIED; 0; 0; 1; 0,03259045; 0,34844732; 0,2175672; 0,96083766; Aggressive
HIGH; SELF; MARRIED; 0,31666672; 0,31666672; 0,68333364; 0,93729573; 0,77067524; 0,17281449; 0,10282034; Interact
HIGH; SELF; MARRIED; 0,31666672; 0,31666672; 0,68333364; 0,26045054; 0,04582584; 0,24437457; 0,7834656; Aggressive
HIGH; SELF; MARRIED; 0,30000004; 0,30000004; 0,7000003; 0,61765945; 0,22475791; 0,13753146; 0,49988717; Aggressive
HIGH; SELF; MARRIED; 0,3166667; 0,3166667; 0,68333364; 0,59837276; 0,35257965; 0,37806314; 0,21161538; Interact
HIGH; SELF; MARRIED; 0,016666679; 0,016666679; 0,98333335; 0,5006205; 0,3090586; 0,90884054; 0,94266516; Idle
HIGH; SELF; MARRIED; 0,3166667; 0,3166667; 0,68333364; 0,09034717; 0,7410819; 0,37377268; 0,7886544; Idle
HIGH; SELF; MARRIED; 0,03333333; 0,03333333; 0,9666667; 0,5728467; 0,8489872; 0,8004967; 0,08406198; Idle
HIGH; SELF; MARRIED; 0,050000012; 0,050000012; 0,95000005; 0,23969507; 0,07566041; 0,14736044; 0,42205524; Aggressive
HIGH; SELF; MARRIED; 0,30000004; 0,30000004; 0,7000003; 0,24922472; 0,37066108; 0,57681346; 0,60710675; PatrolWalk
HIGH; SELF; MARRIED; 0; 0; 1; 0,32270473; 0,21968275; 0,966745; 0,97110754; Idle
HIGH; SELF; MARRIED; 0,016666679; 0,016666679; 0,98333335; 0,77007145; 0,6950138; 0,28805637; 0,6854088; Aggressive
HIGH; SELF; MARRIED; 0,016666679; 0,016666679; 0,98333335; 0,1680739; 0,36505044; 0,6852003; 0,72813547; Idle
HIGH; SELF; MARRIED; 1,1175871E-08; 1,1175871E-08; 1; 0,81993484; 0,031461775; 0,9864051; 0,11042917; Idle
HIGH; SELF; MARRIED; 0,016666664; 0,016666664; 0,98333335; 0,5127587; 0,28901196; 0,60396755; 0,24861228; Idle
HIGH; SELF; MARRIED; 0,31666672; 0,31666672; 0,68333364; 0,0564245; 0,17136449; 0,9622271; 0,51707244; PatrolWalk
HIGH; SELF; MARRIED; 0,61666673; 0,61666673; 0,3833337; 0,82333475; 0,49621236; 0,706204; 0,27302325; Interact
HIGH; SELF; MARRIED; 0,33333337; 0,33333337; 0,666667; 0,7913649; 0,21220315; 0,8490833; 0,22973949; Interact
HIGH; SELF; MARRIED; 0; 0; 1; 0,012001872; 0,43055212; 0,34386724; 0,9418803; Idle
HIGH; SELF; MARRIED; 1,1175871E-08; 1,1175871E-08; 1; 0,64363515; 0,39329046; 0,8443167; 0,99700415; Idle
HIGH; SELF; MARRIED; 0,30000004; 0,30000004; 0,7000003; 0,5877421; 0,6839751; 0,5963765; 0,51449317; PatrolWalk
HIGH; SELF; MARRIED; 0; 0; 1; 0,26494455; 0,3467384; 0,36208767; 0,43634123; Idle
HIGH; SELF; MARRIED; 0,31666672; 0,31666672; 0,68333364; 0,014884591; 0,5152633; 0,63590467; 0,40401316; PatrolWalk
HIGH; SELF; MARRIED; 0,30000004; 0,30000004; 0,7000003; 0,6220712; 0,5634548; 0,7587236; 0,3817938; PatrolWalk
HIGH; SELF; MARRIED; 0,3166667; 0,3166667; 0,68333364; 0,6456429; 0,08052921; 0,23701125; 0,13386726; Interact
HIGH; SELF; MARRIED; 0,016666679; 0,016666679; 0,98333335; 0,9248273; 0,030856967; 0,8050819; 0,25238717; Idle
HIGH; SELF; MARRIED; 0,3166667; 0,3166667; 0,68333364; 0,41338027; 0,5353503; 0,85914606; 0,14000064; PatrolWalk
HIGH; SELF; MARRIED; 0,03333333; 0,03333333; 0,9666667; 0,6364679; 0,8618543; 0,091460764; 0,25713277; Aggressive
HIGH; SELF; MARRIED; 0,30000004; 0,30000004; 0,7000003; 0,8280874; 0,19461238; 0,96071285; 0,50444293; PatrolWalk
HIGH; SELF; MARRIED; 0,30000004; 0,30000004; 0,7000003; 0,7194006; 0,8635968; 0,0486753; 0,29222512; Aggressive
HIGH; SELF; MARRIED; 1,1175871E-08; 1,1175871E-08; 1; 0,98852676; 0,45098746; 0,660307; 0,58915126; Idle
HIGH; SELF; MARRIED; 0,30000004; 0,30000004; 0,7000003; 0,20997429; 0,6121497; 0,7968064; 0,3074205; Idle
HIGH; SELF; MARRIED; 0,016666679; 0,016666679; 0,98333335; 0,00572145; 0,46848154; 0,69513863; 0,6321975; Idle
HIGH; SELF; MARRIED; 1,1175871E-08; 1,1175871E-08; 1; 0,31704557; 0,6506425; 0,46445298; 0,4437797; Idle
HIGH; SELF; MARRIED; 0,016666664; 0,016666664; 0,98333335; 0,7868705; 0,013805509; 0,47903144; 0,70281756; Idle
HIGH; SELF; MARRIED; 0,31666672; 0,31666672; 0,68333364; 0,74342966; 0,8693506; 0,65231633; 0,6414184; Interact
HIGH; SELF; MARRIED; 0,016666664; 0,016666664; 0,98333335; 0,31104308; 0,27321464; 0,22314084; 0,41798896; Aggressive
HIGH; SELF; MARRIED; 0; 0; 1; 0,9150224; 0,4788502; 0,20324838; 0,4768358; Aggressive
HIGH; SELF; MARRIED; 1,1175871E-08; 1,1175871E-08; 1; 0,71465564; 0,99659115; 0,98154825; 0,9396944; Idle
HIGH; SELF; MARRIED; 1,1175871E-08; 1,1175871E-08; 1; 0,35789698; 0,5256652; 0,7495303; 0,14917618; Idle
HIGH; SELF; MARRIED; 0,30000004; 0,30000004; 0,7000003; 0,1728664; 0,22998482; 0,32710177; 0,68219835; PatrolWalk
HIGH; SELF; MARRIED; 0,6000001; 0,6000001; 0,4000004; 0,058253944; 0,52528113; 0,959954; 0,13687235; PatrolWalk
HIGH; SELF; MARRIED; 0,31666672; 0,31666672; 0,68333364; 0,6192547; 0,8442222; 0,38236934; 0,86840063; Interact
HIGH; SELF; MARRIED; 0,30000004; 0,30000004; 0,7000003; 0,45147377; 0,4524424; 0,6185337; 0,47200167; Idle
HIGH; SELF; MARRIED; 0,3166667; 0,3166667; 0,68333364; 0,35539103; 0,35986644; 0,26005208; 0,79112804; Aggressive
HIGH; SELF; MARRIED; 0,016666679; 0,016666679; 0,98333335; 0,2685709; 0,25841278; 0,048592865; 0,6505398; Aggressive
HIGH; SELF; MARRIED; 0; 0; 1; 0,60870993; 0,44871908; 0,9097959; 0,3988514; Idle
HIGH; SELF; MARRIED; 0; 0; 1; 0,67004067; 0,52443826; 0,8383163; 0,33609003; Idle
HIGH; SELF; MARRIED; 0,30000004; 0,30000004; 0,7000003; 0,3224417; 0,16128355; 0,15477812; 0,6630907; Aggressive
HIGH; SELF; MARRIED; 0,30000004; 0,30000004; 0,7000003; 0,086663425; 0,81705016; 0,17475778; 0,63351643; Aggressive
HIGH; SELF; MARRIED; 1,1175871E-08; 1,1175871E-08; 1; 0,4807546; 0,23249447; 0,39785022; 0,29244423; Idle
HIGH; SELF; MARRIED; 0,3; 0,3; 0,7000003; 0,81865346; 0,6635939; 0,13405311; 0,5477377; Aggressive
HIGH; SELF; MARRIED; 0,016666679; 0,016666679; 0,98333335; 0,16264409; 0,14339697; 0,77767307; 0,9227967; Idle
HIGH; SELF; MARRIED; 0,6000001; 0,6000001; 0,4000004; 0,13195252; 0,12581182; 0,78556776; 0,51517487; Idle
HIGH; SELF; MARRIED; 0,016666664; 0,016666664; 0,98333335; 0,23269022; 0,9602013; 0,18273115; 0,8642751; Aggressive
HIGH; SELF; MARRIED; 0; 0; 1; 0,35927498; 0,98545265; 0,83608204; 0,36434627; Idle
HIGH; SELF; MARRIED; 0,30000004; 0,30000004; 0,7000003; 0,4116329; 0,45838416; 0,945611; 0,17525852; Idle
HIGH; SELF; MARRIED; 0,30000004; 0,30000004; 0,7000003; 0,19738472; 0,21474457; 0,22648948; 0,115272164; Aggressive
HIGH; SELF; MARRIED; 1,1175871E-08; 1,1175871E-08; 1; 0,06625426; 0,40691388; 0,56889194; 0,8098928; Idle
HIGH; SELF; MARRIED; 1,1175871E-08; 1,1175871E-08; 1; 0,044205368; 0,27308095; 0,9141339; 0,84434; Idle
HIGH; SELF; MARRIED; 0,30000004; 0,30000004; 0,7000003; 0,7418314; 0,5845778; 0,4951579; 0,41912723; PatrolWalk
HIGH; SELF; MARRIED; 0; 0; 1; 0,9255238; 0,3185876; 0,9113985; 0,07712078; Idle
HIGH; SELF; MARRIED; 0,31666672; 0,31666672; 0,68333364; 0,5485831; 0,7608732; 0,74412906; 0,74325824; Interact
HIGH; SELF; MARRIED; 0,8999998; 0,8999998; 0,10000028; 0,8256854; 0,85015035; 0,42021304; 0,591208; Interact
HIGH; SELF; MARRIED; 0; 0; 1; 0,60576457; 0,11203039; 0,98371094; 0,2732786; Idle
HIGH; SELF; MARRIED; 0,30000004; 0,30000004; 0,7000003; 0,24613452; 0,9161471; 0,6969879; 0,6028869; PatrolWalk
HIGH; SELF; MARRIED; 0,6000001; 0,6000001; 0,4000004; 0,71166015; 0,85783434; 0,7946431; 0,12632936; Interact
HIGH; SELF; MARRIED; 1,1175871E-08; 1,1175871E-08; 1; 0,22427005; 0,62015057; 0,4907837; 0,22207648; Idle
HIGH; SELF; MARRIED; 0,30000004; 0,30000004; 0,7000003; 0,86353976; 0,5073357; 0,19950056; 0,32755744; Aggressive
HIGH; SELF; MARRIED; 0,30000004; 0,30000004; 0,7000003; 0,74082893; 0,21777874; 0,9762116; 0,9466824; PatrolWalk
HIGH; SELF; MARRIED; 1,1175871E-08; 1,1175871E-08; 1; 0,3148014; 0,7884551; 0,00063312054; 0,95358604; Aggressive
HIGH; SELF; MARRIED; 0,30000004; 0,30000004; 0,7000003; 0,07070351; 0,9761541; 0,3474331; 0,6038345; PatrolWalk
HIGH; SELF; MARRIED; 0,016666679; 0,016666679; 0,98333335; 0,040880144; 0,0040379167; 0,0012875199; 0,62295777; Aggressive
HIGH; SELF; MARRIED; 0; 0; 1; 0,68402123; 0,086420596; 0,5049543; 0,9737292; Idle
HIGH; SELF; MARRIED; 0,6000001; 0,6000001; 0,4000004; 0,36456263; 0,8632527; 0,036072433; 0,47524977; Aggressive
HIGH; SELF; MARRIED; 0,30000004; 0,30000004; 0,7000003; 0,9594882; 0,4756561; 0,5851802; 0,6527023; Idle
HIGH; SELF; MARRIED; 1,1175871E-08; 1,1175871E-08; 1; 0,032691956; 0,7629895; 0,94224924; 0,7880796; Idle
HIGH; SELF; MARRIED; 0,3; 0,3; 0,7000003; 0,77138096; 0,75910765; 0,5964602; 0,10853404; Idle
HIGH; SELF; MARRIED; 0,30000004; 0,30000004; 0,7000003; 0,9274943; 0,48066968; 0,65966594; 0,21066213; PatrolWalk
HIGH; SELF; MARRIED; 1,1175871E-08; 1,1175871E-08; 1; 0,47594732; 0,08094168; 0,46099067; 0,42209375; Idle
HIGH; SELF; MARRIED; 1,1175871E-08; 1,1175871E-08; 1; 0,54014623; 0,6325812; 0,66208595; 0,5371701; Idle
HIGH; SELF; MARRIED; 0; 0; 1; 0,88868207; 0,5954676; 0,016918242; 0,89121413; Aggressive
HIGH; SELF; MARRIED; 1,1175871E-08; 1,1175871E-08; 1; 0,589441; 0,043268085; 0,7079469; 0,4108197; Idle
HIGH; SELF; MARRIED; 0; 0; 1; 0,30543864; 0,15534025; 0,5561472; 0,2038312; Idle
HIGH; SELF; MARRIED; 0,3; 0,3; 0,7000003; 0,4919418; 0,7651764; 0,81164557; 0,09184152; Idle
HIGH; SELF; MARRIED; 0,6000001; 0,6000001; 0,4000004; 0,8813151; 0,62955415; 0,26001108; 0,5544227; Interact
HIGH; SELF; MARRIED; 0,30000004; 0,30000004; 0,7000003; 0,13088268; 0,9457189; 0,8146488; 0,7824506; Idle
HIGH; SELF; MARRIED; 0,6000001; 0,6000001; 0,4000004; 0,4686281; 0,9824829; 0,30867612; 0,32857; PatrolWalk
HIGH; SELF; MARRIED; 1,1175871E-08; 1,1175871E-08; 1; 0,20445853; 0,39684457; 0,0121824145; 0,33066964; Aggressive
HIGH; SELF; MARRIED; 0,30000004; 0,30000004; 0,7000003; 0,98910534; 0,63655585; 0,7209126; 0,4472319; Idle
HIGH; SELF; MARRIED; 0,30000004; 0,30000004; 0,7000003; 0,23369682; 0,6464664; 0,12109339; 0,78946066; Aggressive
HIGH; SELF; MARRIED; 0; 0; 1; 0,34798288; 0,6385137; 0,11112654; 0,34730452; Aggressive
HIGH; SELF; MARRIED; 0,30000004; 0,30000004; 0,7000003; 0,03359151; 0,36647773; 0,32510173; 0,6893388; PatrolWalk
HIGH; SELF; MARRIED; 0,30000004; 0,30000004; 0,7000003; 0,90094966; 0,9340108; 0,2067194; 0,30372262; Aggressive
HIGH; SELF; MARRIED; 0,61666673; 0,61666673; 0,3833337; 0,7083808; 0,20017219; 0,4923017; 0,037789762; Interact
HIGH; SELF; MARRIED; 0,28333333; 0,28333333; 0,71666694; 0,058610618; 0,7540011; 0,7999203; 0,43027484; Idle
HIGH; SELF; MARRIED; 0,61666673; 0,61666673; 0,3833337; 0,9481093; 0,06684953; 0,63369316; 0,9734825; Investigation
HIGH; SELF; MARRIED; 0,28333333; 0,28333333; 0,71666694; 0,09009516; 0,18059897; 0,871225; 0,18392414; Idle
HIGH; SELF; MARRIED; 0; 0; 1; 0,3818481; 0,2925046; 0,3052171; 0,78442615; Idle
HIGH; SELF; MARRIED; 0,61666673; 0,61666673; 0,3833337; 0,35149878; 0,2718736; 0,7949737; 0,6076622; Investigation
HIGH; SELF; MARRIED; 0; 0; 1; 0,9556846; 0,82438815; 0,62357455; 0,19433379; Idle
HIGH; SELF; MARRIED; 0; 0; 1; 0,3523019; 0,53750676; 0,57225156; 0,8925323; Idle
HIGH; SELF; MARRIED; 0; 0; 1; 0,2156635; 0,33887058; 0,81368583; 0,4123742; Idle
HIGH; SELF; MARRIED; 0; 0; 1; 0,445449; 0,074839056; 0,24386042; 0,2379582; Aggressive
HIGH; SELF; MARRIED; 0,3166667; 0,3166667; 0,68333364; 0,66897196; 0,035649955; 0,6316499; 0,8664245; Interact
HIGH; SELF; MARRIED; 0,58333343; 0,58333343; 0,41666707; 0,8148189; 0,45517993; 0,57434493; 0,57707125; Interact
HIGH; SELF; MARRIED; 0,3166667; 0,3166667; 0,68333364; 0,48133785; 0,20468825; 0,7086438; 0,2383973; PatrolWalk
HIGH; SELF; MARRIED; 0,58333343; 0,58333343; 0,41666707; 0,9710042; 0,6239739; 0,0574829; 0,5979776; Interact
HIGH; SELF; MARRIED; 0,30000004; 0,30000004; 0,7000003; 0,895238; 0,8199246; 0,59958154; 0,6884933; PatrolWalk
HIGH; SELF; MARRIED; 0,3166667; 0,3166667; 0,68333364; 0,7109929; 0,7379301; 0,26450336; 0,434838; Interact
HIGH; SELF; MARRIED; 0,30000004; 0,30000004; 0,7000003; 0,78718334; 0,7525766; 0,12350118; 0,9452939; Aggressive
HIGH; SELF; MARRIED; 0,30000004; 0,30000004; 0,7000003; 0,3201723; 0,7708767; 0,6738554; 0,11586994; PatrolWalk
HIGH; SELF; MARRIED; 0,30000004; 0,30000004; 0,7000003; 0,07332724; 0,008969128; 0,9127319; 0,45708174; Idle
HIGH; SELF; MARRIED; 0; 0; 1; 0,07999104; 0,2856657; 0,8124827; 0,56288195; Idle
HIGH; SELF; MARRIED; 0,016666664; 0,016666664; 0,98333335; 0,4933666; 0,4694345; 0,026269495; 0,98973805; Aggressive
HIGH; SELF; MARRIED; 0,28333333; 0,28333333; 0,71666694; 0,8306311; 0,53363985; 0,76076585; 0,68335116; Idle
HIGH; SELF; MARRIED; 0,016666664; 0,016666664; 0,98333335; 0,6428285; 0,8145187; 0,16097009; 0,6218381; Aggressive
HIGH; SELF; MARRIED; 0,28333333; 0,28333333; 0,71666694; 0,42338127; 0,2923919; 0,848784; 0,34542882; PatrolWalk
HIGH; SELF; MARRIED; 1,1175871E-08; 1,1175871E-08; 1; 0,9919072; 0,06371498; 0,9451644; 0,6654946; Idle
HIGH; SELF; MARRIED; 0,016666664; 0,016666664; 0,98333335; 0,8263493; 0,055346727; 0,09944606; 0,2376557; Aggressive
HIGH; SELF; MARRIED; 1,1175871E-08; 1,1175871E-08; 1; 0,8173906; 0,33080763; 0,034638524; 0,8482798; Aggressive
HIGH; SELF; MARRIED; 1,1175871E-08; 1,1175871E-08; 1; 0,6814625; 0,94602686; 0,36408186; 0,44156575; Idle
HIGH; SELF; MARRIED; 0,6000001; 0,6000001; 0,4000004; 0,5232056; 0,42307168; 0,69474506; 0,3329764; Interact
HIGH; SELF; MARRIED; 0,30000004; 0,30000004; 0,7000003; 0,1616568; 0,1043573; 0,48166496; 0,4755801; Idle
HIGH; SELF; MARRIED; 0; 0; 1; 0,38090152; 0,92880887; 0,20541799; 0,56855273; Aggressive
HIGH; SELF; MARRIED; 0,58333343; 0,58333343; 0,41666707; 0,98831666; 0,11222577; 0,48347974; 0,40372562; Interact
HIGH; SELF; MARRIED; 0; 0; 1; 0,95631915; 0,8770791; 0,69327253; 0,45435727; Idle
HIGH; SELF; MARRIED; 0; 0; 1; 0,62047946; 0,31902373; 0,97892517; 0,1695664; Idle
HIGH; SELF; MARRIED; 0,30000004; 0,30000004; 0,7000003; 0,66556925; 0,7451897; 0,41218948; 0,2858138; Idle
HIGH; SELF; MARRIED; 0; 0; 1; 0,49139935; 0,73948777; 0,27314377; 0,40675503; Aggressive
HIGH; SELF; MARRIED; 0; 0; 1; 0,2161653; 0,96124583; 0,98023117; 0,78000295; Idle
HIGH; SELF; MARRIED; 0,30000004; 0,30000004; 0,7000003; 0,12475014; 0,4535213; 0,8111379; 0,1049633; Idle
HIGH; SELF; MARRIED; 0,3; 0,3; 0,7000003; 0,50973856; 0,92451566; 0,3942986; 0,5031597; PatrolWalk
HIGH; SELF; MARRIED; 0,6000001; 0,6000001; 0,4000004; 0,51279813; 0,9069185; 0,71913666; 0,14392567; Interact
HIGH; SELF; MARRIED; 0; 0; 1; 0,9063574; 0,52972394; 0,016847908; 0,06931716; Aggressive
HIGH; SELF; MARRIED; 0,28333333; 0,28333333; 0,71666694; 0,7369274; 0,500684; 0,5809652; 0,9869461; PatrolWalk
HIGH; SELF; MARRIED; 0,30000004; 0,30000004; 0,7000003; 0,98878413; 0,5453775; 0,26458365; 0,30702966; Aggressive
HIGH; SELF; MARRIED; 0,30000004; 0,30000004; 0,7000003; 0,05679506; 0,35772955; 0,09409773; 0,5884414; Aggressive
HIGH; SELF; MARRIED; 0,6000001; 0,6000001; 0,4000004; 0,54526234; 0,096256495; 0,8242136; 0,08771503; Interact
HIGH; SELF; MARRIED; 0; 0; 1; 0,8859716; 0,5266454; 0,57877386; 0,19154388; Idle
HIGH; SELF; MARRIED; 0,30000004; 0,30000004; 0,7000003; 0,047842324; 0,2327218; 0,9453594; 0,22942877; Idle
HIGH; SELF; MARRIED; 0,6000001; 0,6000001; 0,4000004; 0,30220032; 0,81540203; 0,504002; 0,21192563; PatrolWalk
HIGH; SELF; MARRIED; 0; 0; 1; 0,3087178; 0,6290167; 0,4078902; 0,97399706; Idle
HIGH; SELF; MARRIED; 0,3; 0,3; 0,7000003; 0,83898526; 0,3296138; 0,2466467; 0,62984276; Aggressive
HIGH; SELF; MARRIED; 0; 0; 1; 0,44910032; 0,424941; 0,7991025; 0,42469794; Idle
HIGH; SELF; MARRIED; 0; 0; 1; 0,26663542; 0,25575352; 0,46843445; 0,9762001; Idle
HIGH; SELF; MARRIED; 1,1175871E-08; 1,1175871E-08; 1; 0,52944463; 0,48473144; 0,93590236; 0,19598001; Idle
HIGH; SELF; MARRIED; 1,1175871E-08; 1,1175871E-08; 1; 0,37558466; 0,48766804; 0,5736266; 0,38082218; Idle
HIGH; SELF; MARRIED; 0,3; 0,3; 0,7000003; 0,5105057; 0,41167194; 0,013137281; 0,4597845; Aggressive
HIGH; SELF; MARRIED; 0,30000004; 0,30000004; 0,7000003; 0,7440137; 0,8549075; 0,9307813; 0,6589452; PatrolWalk
HIGH; SELF; MARRIED; 0,6000001; 0,6000001; 0,4000004; 0,15109336; 0,9607225; 0,15847772; 0,65178937; Investigation
HIGH; SELF; MARRIED; 0,3; 0,3; 0,7000003; 0,6836467; 0,63626826; 0,8095874; 0,29326534; PatrolWalk
HIGH; SELF; MARRIED; 0,30000004; 0,30000004; 0,7000003; 0,65543336; 0,6076895; 0,016587019; 0,05139321; Aggressive
HIGH; SELF; MARRIED; 0; 0; 1; 0,55685854; 0,8841547; 0,24113214; 0,5750744; Aggressive
HIGH; SELF; MARRIED; 0,30000004; 0,30000004; 0,7000003; 0,102362156; 0,8508196; 0,48519546; 0,13907236; PatrolWalk
HIGH; SELF; MARRIED; 0,30000004; 0,30000004; 0,7000003; 0,3584079; 0,5070696; 0,2043261; 0,2683496; Aggressive
HIGH; SELF; MARRIED; 0,30000004; 0,30000004; 0,7000003; 0,20848793; 0,8737885; 0,5874257; 0,30121678; Idle
HIGH; SELF; MARRIED; 0,30000004; 0,30000004; 0,7000003; 0,048763752; 0,6824808; 0,3536011; 0,20480478; Idle
HIGH; SELF; MARRIED; 0; 0; 1; 0,7351742; 0,4789338; 0,1936726; 0,44247758; Aggressive
HIGH; SELF; MARRIED; 1,1175871E-08; 1,1175871E-08; 1; 0,37879574; 0,043391407; 0,624813; 0,9659419; Idle
HIGH; SELF; MARRIED; 0,3; 0,3; 0,7000003; 0,38053387; 0,26446325; 0,5716437; 0,412377; Idle
HIGH; SELF; MARRIED; 0; 0; 1; 0,090323865; 0,15675431; 0,27338046; 0,629106; Aggressive
HIGH; SELF; MARRIED; 1,1175871E-08; 1,1175871E-08; 1; 0,16613734; 0,69194734; 0,35171902; 0,8941238; Idle
HIGH; SELF; MARRIED; 0; 0; 1; 0,9668549; 0,0965575; 0,6454126; 0,8082584; Idle
HIGH; SELF; MARRIED; 1,1175871E-08; 1,1175871E-08; 1; 0,7572284; 0,06298137; 0,8392844; 0,39735115; Idle
HIGH; SELF; MARRIED; 1,1175871E-08; 1,1175871E-08; 1; 0,9500727; 0,14332157; 0,33453542; 0,20957261; Idle
HIGH; SELF; MARRIED; 0,6000001; 0,6000001; 0,4000004; 0,28749275; 0,43088967; 0,67611766; 0,40917152; Idle
HIGH; SELF; MARRIED; 0,6000001; 0,6000001; 0,4000004; 0,9502375; 0,8510808; 0,898094; 0,17463708; Interact
HIGH; SELF; MARRIED; 0; 0; 1; 0,06767404; 0,75188094; 0,23300189; 0,33833462; Aggressive
HIGH; SELF; MARRIED; 0,30000004; 0,30000004; 0,7000003; 0,33017552; 0,42160577; 0,46014965; 0,6126716; Idle
HIGH; SELF; MARRIED; 0,6000001; 0,6000001; 0,4000004; 0,0042605996; 0,69196874; 0,66315776; 0,9347829; Investigation
HIGH; SELF; MARRIED; 0; 0; 1; 0,7972985; 0,28886747; 0,9320665; 0,8567874; Idle
HIGH; SELF; MARRIED; 0,30000004; 0,30000004; 0,7000003; 0,89109; 0,93200654; 0,92792165; 0,8911423; PatrolWalk
HIGH; SELF; MARRIED; 0,30000004; 0,30000004; 0,7000003; 0,912109; 0,99319214; 0,74462324; 0,19741708; PatrolWalk
HIGH; SELF; MARRIED; 1; 1; 0; 0,44316155; 0,40007; 0,72012585; 0,8824298; Investigation
HIGH; SELF; MARRIED; 0,30000004; 0,30000004; 0,7000003; 0,29257607; 0,5322832; 0,38164294; 0,9258357; Idle
HIGH; SELF; MARRIED; 0,30000004; 0,30000004; 0,7000003; 0,912514; 0,04732132; 0,17637497; 0,083342075; Aggressive
HIGH; SELF; MARRIED; 0,8999998; 0,8999998; 0,10000028; 0,25773466; 0,7147519; 0,11532867; 0,71265686; Investigation
HIGH; SELF; MARRIED; 0,3; 0,3; 0,7000003; 0,63921887; 0,20223439; 0,24580967; 0,9817717; Aggressive
HIGH; SELF; MARRIED; 0; 0; 1; 0,5541759; 0,18477929; 0,7805648; 0,008469343; Idle
HIGH; SELF; MARRIED; 0,6000001; 0,6000001; 0,4000004; 0,5067366; 0,80162066; 0,8717836; 0,08135909; Interact
HIGH; SELF; MARRIED; 0,3; 0,3; 0,7000003; 0,5231986; 0,5598325; 0,712137; 0,85224736; PatrolWalk
HIGH; SELF; MARRIED; 0,30000004; 0,30000004; 0,7000003; 0,62403363; 0,9938253; 0,061166704; 0,73971546; Aggressive
HIGH; SELF; MARRIED; 1,1175871E-08; 1,1175871E-08; 1; 0,7683051; 0,84145564; 0,73298043; 0,6232629; Idle
HIGH; SELF; MARRIED; 1,1175871E-08; 1,1175871E-08; 1; 0,44621527; 0,43336076; 0,6080787; 0,52847314; Idle
